_id,ltable.Product_id,rtable.ID,ltable.Description,ltable.Price,ltable.Color,rtable.Color,rtable.Price,rtable.Description,gold
1,39,AM0062,Shiseido veiled rouge,25,BE301 Carrera,PK304 Skyglow,$45.14,Shiseido Veiled Rouge Lipstick - PK304 Skyglow,0
10,163,AM0310,Bobbi Brown blush brush,54,,,$54.00,Bobbi Brown Bobbi Brown Blush Brush,1
11,169,AM0327,bareMinerals tapered shadow brush,14,,,$11.00,BareMinerals Double-ended Tapered Blush and Shadow Brush,0
15,41,AM0062,Shiseido veiled rouge,25,PK304 Skyglow,PK304 Skyglow,$45.14,Shiseido Veiled Rouge Lipstick - PK304 Skyglow,1
50,46,AM0062,Shiseido veiled rouge,25,RS308 Sloe,PK304 Skyglow,$45.14,Shiseido Veiled Rouge Lipstick - PK304 Skyglow,0
57,52,AM0075,Dior star concealer,36,001 Ivory,Ivory 001,$76.50,Dior DiorSkin Star Concealer Ivory 001,1
65,53,AM0074,Dior star concealer,36,002 Beige,Beige 002,$76.50,Dior DiorSkin Star Concealer Beige 002,1
67,53,AM0076,Dior star concealer,36,002 Beige,002 Beige,$29.95,"Christian Dior Diorskin Star Sculpting Brightening Concealer - # 002 Beige Christian Dior Women - 0.2 Oz Concealer, 0.2 Ounce",1
94,56,AM0076,Dior star concealer,36,005 Mocha,002 Beige,$29.95,"Christian Dior Diorskin Star Sculpting Brightening Concealer - # 002 Beige Christian Dior Women - 0.2 Oz Concealer, 0.2 Ounce",0
109,374,AM0523,Urban Decay naked palette,54,,,$54.90,Urban Decay Naked Basics Palette,1
110,374,AM0525,Urban Decay naked palette,54,,,$95.00,Urban Decay Naked Palette,1
117,499,AM0890,tarte maracuja lip exfoliant,16,,,$18.50,Tarte Maracuja Lip Exfoliant,1
120,500,AM0892,NARS push eyeliner 46,28,,,$54.07,NARS Push Eyeliner #46,1
121,500,AM0893,NARS push eyeliner 46,28,,,$18.52,NARS 46 Push Eyeliner Brush,1
122,518,AM0922,Hourglass ambient lighting edit,80,,,$150.12,Hourglass Ambient Lighting Edit,1
123,518,AM4056,Hourglass ambient lighting edit,80,,,$150.12,Hourglass Ambient Lighting Edit,1
124,519,AM0944,COVER FX powder brush,42,,,$65.00,COVER FX Powder Brush,1
125,531,AM0951,Dior airflash matte touch,50,,,$77.90,Dior Airflash Matte Touch,1
126,531,AM0953,Dior airflash matte touch,50,,,$58.00,Dior Airflash Matte Touch Long-Lasting Airy Powder Finishing Spray,0
141,594,AM1106,Dior glow maximizer primer,42,1,1,$43.91,Dior Glow Maximizer Light Boosting Primer,1
142,594,AM1107,Dior glow maximizer primer,42,1,1,$57.70,"Christian Dior Glow Maximizer Light Boosting Primer No. 001 for Women, 1 Ounce",1
158,691,AM1240,Bobbi Brown foundation brush,42,,,$69.00,Bobbi Brown Foundation Brush,1
159,691,AM1419,Bobbi Brown foundation brush,42,,,$69.00,Bobbi Brown Foundation Brush,1
166,801,AM1775,Guerlain terracotta bronzing powder,53,0,1,$47.00,Terracotta Bronzing Powder ( Moisturising & Long Lasting ) - No. 01 - Guerlain - Powder - Terracotta Bronzing Powder ( Moisturising & Long Lasting ) - 10g/0.35oz,0
182,384,AM0607,Urban Decay naked2,54,,,$89.00,Urban Decay Naked2,1
183,384,AM0658,Urban Decay naked2,54,,,$89.00,Urban Decay Naked2,1
184,476,AM0860,NARS contour blush,42,Gienah,Gienah,$57.45,Nars Contour Blush Color Gienah Honey Amber,1
185,476,AM0862,NARS contour blush,42,Gienah,Gienah,$105.99,NARS Contour Blush Powder Duo Gienah,1
198,478,AM0863,NARS contour blush,42,Paloma,Olympia,$105.99,NARS Contour Blush Powder Duo Olympia,0
204,743,AM1630,NARS brow gel,23,,Kinshasa,$25.17,Nars Brow Gel Kinshasa 7Ml/0.21Oz,0
207,862,AM1974,Blinc mascara amplified,26,Black,Black,$26.00,blinc Mascara Amplified,1
209,863,AM1974,Blinc mascara amplified,26,Dark Brown,Black,$26.00,blinc Mascara Amplified,0
210,863,AM1980,Blinc mascara amplified,26,Dark Brown,Dark Brown,$26.00,blinc Mascara Amplified,1
211,880,AM2011,Shiseido foundation brush,30,,,$24.83,Shiseido The Makeup Perfect Foundation Brush For all formulas,1
212,880,AM2012,Shiseido foundation brush,30,,,$29.99,Shiseido Perfect Foundation Brush 131 with Original Case (Boxed),1
213,880,AM2013,Shiseido foundation brush,30,,,$34.37,Shiseido Foundation Brush (Quantity of 1),1
241,802,AM1774,Guerlain terracotta bronzing powder,53,1,1,$49.95,"Guerlain Terracotta Bronzing Powder, Moisturizing and Long Lasting, # 01, 0.35 Ounce",1
242,802,AM1775,Guerlain terracotta bronzing powder,53,1,1,$47.00,Terracotta Bronzing Powder ( Moisturising & Long Lasting ) - No. 01 - Guerlain - Powder - Terracotta Bronzing Powder ( Moisturising & Long Lasting ) - 10g/0.35oz,1
394,804,AM1775,Guerlain terracotta bronzing powder,53,3,1,$47.00,Terracotta Bronzing Powder ( Moisturising & Long Lasting ) - No. 01 - Guerlain - Powder - Terracotta Bronzing Powder ( Moisturising & Long Lasting ) - 10g/0.35oz,0
438,1018,AM2199,Shiseido shimmering rouge,25,RS619 Venus,OR405,$33.01,Shiseido Shimmering Rouge OR 405,0
458,1121,AM2360,Givenchy noir couture,33,1 Black Satin,1 Black Satin,$42.59,Givenchy Noir Couture Mascara # 1 Black Satin 4g,1
459,1121,AM2362,Givenchy noir couture,33,1 Black Satin,1 Black Satin,$34.93,Givenchy Noir Couture Mascara - # 1 Black Satin - 8g/0.28oz,1
462,1122,AM2362,Givenchy noir couture,33,2 Brown Satin,2 Brown Satin,$34.93,Givenchy Noir Couture Mascara - # 1 Black Satin - 8g/0.28oz,1
463,1122,AM2363,Givenchy noir couture,33,2 Brown Satin,2 Brown Satin,$29.69,Givenchy Noir Couture Mascara - # 2 Brown Satin 8g/0.28oz,1
466,1123,AM2363,Givenchy noir couture,33,5 Violet Etonnant,2 Brown Satin,$29.69,Givenchy Noir Couture Mascara - # 2 Brown Satin 8g/0.28oz,0
468,1150,AM1987,Smashbox brow tech,26,Dark Brown,Gold Shimmer,$18.99,Smashbox Brow Tech Highlight Stick Gold Shimmer 0.01oz,0
469,1150,AM2400,Smashbox brow tech,26,Dark Brown,Dark Brown,$18.00,Smashbox Brow Tech Gloss Stick - Dark Brown,1
470,805,AM1775,Guerlain terracotta bronzing powder,53,4,1,$47.00,Terracotta Bronzing Powder ( Moisturising & Long Lasting ) - No. 01 - Guerlain - Powder - Terracotta Bronzing Powder ( Moisturising & Long Lasting ) - 10g/0.35oz,0
471,1150,AM2403,Smashbox brow tech,26,Dark Brown,Dark Brown,$22.50,Smashbox Brow Tech Brunette-Dark Brown,1
473,1195,AM2570,Givenchy prisme quatuor,58,1 Caresse,1 Caresse,$59.99,Givenchy Prisme Quatuor 4 Colors Eyeshadow - # 1 Caresse 4x1g/0.14oz,1
506,1199,AM2571,Givenchy prisme quatuor,58,5 Frisson,5 Frisson,$56.99,Givenchy Prisme Quatuor 4 Colors Eyeshadow - # 5 Frisson 4x1g/0.14oz,1
538,1203,AM2571,Givenchy prisme quatuor,58,9 Delicate,5 Frisson,$56.99,Givenchy Prisme Quatuor 4 Colors Eyeshadow - # 5 Frisson 4x1g/0.14oz,0
545,806,AM1774,Guerlain terracotta bronzing powder,53,5,1,$49.95,"Guerlain Terracotta Bronzing Powder, Moisturizing and Long Lasting, # 01, 0.35 Ounce",0
546,1353,AM2765,Shiseido lacquer gloss,25,BE102 Debut,BE102,$22.81,Shiseido Lacquer Gloss BE102,1
557,1354,AM2766,Shiseido lacquer gloss,25,BR301 Mocha,BR301,$9.99,Shiseido Lip Care 0.25 Oz Lacquer Gloss - # Br301 (Mocha) For Women,1
617,1360,AM2766,Shiseido lacquer gloss,25,VI708 Phantom,BR301,$9.99,Shiseido Lip Care 0.25 Oz Lacquer Gloss - # Br301 (Mocha) For Women,0
621,807,AM1774,Guerlain terracotta bronzing powder,53,7,1,$49.95,"Guerlain Terracotta Bronzing Powder, Moisturizing and Long Lasting, # 01, 0.35 Ounce",0
622,807,AM1775,Guerlain terracotta bronzing powder,53,7,1,$47.00,Terracotta Bronzing Powder ( Moisturising & Long Lasting ) - No. 01 - Guerlain - Powder - Terracotta Bronzing Powder ( Moisturising & Long Lasting ) - 10g/0.35oz,0
625,1534,AM3680,Ecobrow defining brush,23,,,$25.00,EcoBrow - Eyebrow Defining Brush,1
631,1561,AM3697,Guerlain kisskiss roselip,37,Crazy Bouquet R329,Crazy Bouquet,$59.40,Guerlain KissKiss Roselip Lip Balm - Crazy Bouquet R329,1
644,1564,AM3699,Guerlain kisskiss roselip,37,Pink Me Up R373,Pink Me Up,$54.99,Guerlain KissKiss Roselip Lip Balm - Pink Me Up R373,1
646,1565,AM3696,Guerlain kisskiss roselip,37,Wonder Violette R374,Peach Party,$59.48,Guerlain KissKiss Roselip Lip Balm - Peach Party R346,0
697,808,AM1774,Guerlain terracotta bronzing powder,53,8,1,$49.95,"Guerlain Terracotta Bronzing Powder, Moisturizing and Long Lasting, # 01, 0.35 Ounce",0
773,812,AM1867,Dior diorshow iconic mascara,28.5,Chestnut,698 Chestnut,$43.41,CHRISTIAN DIOR by Christian Dior DiorShow Iconic High Definition Lash Curler Mascara - #698 Chestnut --10ml/0.33oz for WOMEN,1
820,1102,AM2305,NARS makeup removing water,28,,,$36.01,NARS Makeup Removing Water - 200ml/6.7oz,1
821,1102,AM2306,NARS makeup removing water,28,,,$49.99,NARS Makeup Removing Water 6.7 oz by NARS,1
824,1112,AM2333,NARS kudoki kabuki brush,40,,,$95.42,NARS Kudoki Kabuki Brush,1
825,1112,AM2342,NARS kudoki kabuki brush,40,,,$37.95,NARS Kudoki Kabuki Brush -,1
879,1231,AM2605,Hourglass modernist eyeshadow palette,58,Monochrome (Rose),Monochrome (Rose),$86.00,Hourglass Modernist Eyeshadow Palette - Monochrome (Rose),1
880,1231,AM2608,Hourglass modernist eyeshadow palette,58,Monochrome (Rose),Obscura (Earth Tones),$86.00,Hourglass Modernist Eyeshadow Palette - Obscura (Earth Tones),0
890,1363,AM2797,Smashbox layer lash primer,19,Layer Lash Primer,,$90.74,Smashbox Layer Lash Primer by Smashbox,1
897,1691,AM4058,Hourglass ambient lighting palette,58,,,$120.00,Hourglass Ambient Lighting Blush Palette 2014,1
898,1691,AM4059,Hourglass ambient lighting palette,58,,,$80.00,Hourglass Ambient Lighting Palette,1
2015,1896,AM0309,Bobbi Brown blush,28,Pastel Peach,Desert Rose,$42.95,Bobbi Brown Bobbi Brown Blush - Desert Rose,0
2367,1918,AM0005,NARS pressed powder,36,Beach,,$45.00,NARS Light Reflecting Pressed Powder,0
2405,2117,AM4670,NARS bronzing powder,39,Casino,Casino,$95.99,NARS Bronzing Powder Casino,1
2406,2117,AM4671,NARS bronzing powder,39,Casino,Casino,$108.95,Bronzing Powder - Casino 8g/0.28oz by NARS,1
2419,2118,AM4670,NARS bronzing powder,39,Laguna,Casino,$95.99,NARS Bronzing Powder Casino,0
2435,2245,AM5017,CLINIQUE brow shaper,16.5,Charcoaled ,Charcoaled ,$23.99,Clinique Brow Shaper 05 Charcoaled,1
2436,2245,AM5020,CLINIQUE brow shaper,16.5,Charcoaled ,Charcoaled ,$29.90,Clinique Brow Shaper Charcoaled,1
2449,2247,AM5017,CLINIQUE brow shaper,16.5,Soft Brown ,Charcoaled,$23.99,Clinique Brow Shaper 05 Charcoaled,0
2450,2247,AM5020,CLINIQUE brow shaper,16.5,Soft Brown ,Charcoaled,$29.90,Clinique Brow Shaper Charcoaled,0
2456,2248,AM5017,CLINIQUE brow shaper,16.5,Wheat ,Charcoaled,$23.99,Clinique Brow Shaper 05 Charcoaled,0
2457,2248,AM5020,CLINIQUE brow shaper,16.5,Wheat ,Charcoaled,$29.90,Clinique Brow Shaper Charcoaled,0
2877,2489,AM5757,Bobbi Brown corrector,25,Bisque,Light to Medium Bisque,$30.58,Bobbi Brown Light to Medium Bisque Corrector .05 oz,0
2878,2489,AM5759,Bobbi Brown corrector,25,Bisque,Bisque,$30.58,BOBBI BROWN Corrector - Bisque,1
2999,2490,AM5757,Bobbi Brown corrector,25,Dark Bisque,Light to Medium Bisque,$30.58,Bobbi Brown Light to Medium Bisque Corrector .05 oz,0
3000,2490,AM5759,Bobbi Brown corrector,25,Dark Bisque,Bisque,$30.58,BOBBI BROWN Corrector - Bisque,0
3121,2491,AM5757,Bobbi Brown corrector,25,Dark Peach,Light to Medium Bisque,$30.58,Bobbi Brown Light to Medium Bisque Corrector .05 oz,0
3122,2491,AM5759,Bobbi Brown corrector,25,Dark Peach,Bisque,$30.58,BOBBI BROWN Corrector - Bisque,0
3243,2492,AM5757,Bobbi Brown corrector,25,Deep Bisque,Light to Medium Bisque,$30.58,Bobbi Brown Light to Medium Bisque Corrector .05 oz,0
3244,2492,AM5759,Bobbi Brown corrector,25,Deep Bisque,Bisque,$30.58,BOBBI BROWN Corrector - Bisque,0
3365,2493,AM5757,Bobbi Brown corrector,25,Light Bisque,Light to Medium Bisque,$30.58,Bobbi Brown Light to Medium Bisque Corrector .05 oz,0
3366,2493,AM5759,Bobbi Brown corrector,25,Light Bisque,Bisque,$30.58,BOBBI BROWN Corrector - Bisque,0
3487,2494,AM5757,Bobbi Brown corrector,25,Light Peach,Light to Medium Bisque,$30.58,Bobbi Brown Light to Medium Bisque Corrector .05 oz,0
3488,2494,AM5759,Bobbi Brown corrector,25,Light Peach,Bisque,$30.58,BOBBI BROWN Corrector - Bisque,0
3609,2495,AM5757,Bobbi Brown corrector,25,Light to Medium Bisque,Light to Medium Bisque,$30.58,Bobbi Brown Light to Medium Bisque Corrector .05 oz,1
3610,2495,AM5759,Bobbi Brown corrector,25,Light to Medium Bisque,Bisque,$30.58,BOBBI BROWN Corrector - Bisque,0
3731,2496,AM5757,Bobbi Brown corrector,25,Medium to Dark Bisque,Light to Medium Bisque,$30.58,Bobbi Brown Light to Medium Bisque Corrector .05 oz,0
3732,2496,AM5759,Bobbi Brown corrector,25,Medium to Dark Bisque,Bisque,$30.58,BOBBI BROWN Corrector - Bisque,0
4475,3726,AM1148,Dior diorshow mascara,27.5,Black 090,099 Kohl Black,$29.44,Christian Dior 10ml/0.33oz Diorshow Black Out Mascara Waterproof - # 099 Kohl Black,0
4476,3726,AM1149,Dior diorshow mascara,27.5,Black 090,099 Kohl Black,$59.99,Dior Diorshow Black Out Mascara Size 0.33 Oz Color Kohl Black 099 - Rich Black,0
4504,3727,AM1148,Dior diorshow mascara,27.5,Blue 258,099 Kohl Black,$29.44,Christian Dior 10ml/0.33oz Diorshow Black Out Mascara Waterproof - # 099 Kohl Black,0
4505,3727,AM1149,Dior diorshow mascara,27.5,Blue 258,099 Kohl Black,$59.99,Dior Diorshow Black Out Mascara Size 0.33 Oz Color Kohl Black 099 - Rich Black,0
4533,3728,AM1148,Dior diorshow mascara,27.5,Brown 698,099 Kohl Black,$29.44,Christian Dior 10ml/0.33oz Diorshow Black Out Mascara Waterproof - # 099 Kohl Black,0
4534,3728,AM1149,Dior diorshow mascara,27.5,Brown 698,099 Kohl Black,$59.99,Dior Diorshow Black Out Mascara Size 0.33 Oz Color Kohl Black 099 - Rich Black,0
4562,3729,AM1148,Dior diorshow mascara,27.5,Purple 168,099 Kohl Black,$29.44,Christian Dior 10ml/0.33oz Diorshow Black Out Mascara Waterproof - # 099 Kohl Black,0
4563,3729,AM1149,Dior diorshow mascara,27.5,Purple 168,099 Kohl Black,$59.99,Dior Diorshow Black Out Mascara Size 0.33 Oz Color Kohl Black 099 - Rich Black,0
4591,4752,AM3681,Ecobrow defining wax,26,Liz,Penelope,$28.00,EcoBrow - All Natural Eyebrow Defining Wax (Penelope),0
4594,4755,AM3681,Ecobrow defining wax,26,Rita,Penelope,$28.00,EcoBrow - All Natural Eyebrow Defining Wax (Penelope),0
4675,6459,AM1627,NARS brow gel,23,Piraeus,Piraeus,$25.17,NARS Brow Gel - Piraeus - 7ml/0.21oz,1
4676,6459,AM1629,NARS brow gel,23,Piraeus,Kinshasa,$20.45,"NARS Brow Gel, Kinshasa",0
4889,10556,AM1702,NARS lip gloss,26,Chihuahua,New Lover,$25.00,"NARS Velvet Gloss Lip Pencil, New Lover",0
4890,10556,AM4689,NARS lip gloss,26,Chihuahua,,$17.13,NARS Lose Yourself Blush/Bronzing Powder Duo & Lip Gloss Set Lose Yourself Blush/Bronzing Powder Duo & Lip Gloss Set,0
5539,4974,AM5479,Laura Mercier secret camouflage,34,SC-3,SC7,$45.20,Makeup - Laura Mercier - Secret Camouflage - # SC7 (For Deep with Honey Skin Tones) 5.92g/0.207oz,0
5540,4974,AM5480,Laura Mercier secret camouflage,34,SC-3,SC7,$38.76,Secret Camouflage - # SC7 ( For Deep with Honey Skin Tones ) - Laura Mercier - Complexion - Secret Camouflage - 5.92g/0.207oz,0
5541,4975,AM0734,Laura Mercier secret camouflage,34,SC-4,,$26.00,Laura Mercier Secret Camouflage Brush - Pull Apart -,0
5542,4975,AM0736,Laura Mercier secret camouflage,34,SC-4,"camouflage brush,camouflage brush,camouflage brush",$26.00,"Laura Mercier Secret Camouflage Brush, Size Long",0
5861,6958,AM1148,Dior diorshow waterproof mascara,25,Catwalk Black,099 Kohl Black,$29.44,Christian Dior 10ml/0.33oz Diorshow Black Out Mascara Waterproof - # 099 Kohl Black,0
5862,6958,AM1150,Dior diorshow waterproof mascara,25,Catwalk Black,099 Kohl,$52.20,Dior DiorShow Black Out Waterproof Intense Black-Kohl Mascara 099 Khol,0
5874,7967,AM5163,Bobbi Brown powder brush,64,,Pink Peony,$69.95,BOBBI BROWN Pink Peony Set :Pink Peony Illuminating Bronzing Powder +Mini Face Blender Brush .,0
5875,7967,AM5167,Bobbi Brown powder brush,64,,,$24.99,Bobbi Brown Face Blender Powder Brush (Travel Size),0
5876,7991,AM4681,NARS blush bronzer duo,42,Orgasm/ Laguna,Orgasm / Laguna,$56.35,"NARS Bronzer Blush Duo, Orgasm/Laguna",1
5931,8406,AM1673,Bobbi Brown eye shadow,24,Toast,Nude,$74.00,Bobbi Brown Nude Glow Limited Edition Eye Shadow Quad Palette - Nude,0
5932,8406,AM4365,Bobbi Brown eye shadow,24,Toast,,$24.36,Bobbi Brown Pretty Powerful Palette - Pretty : 4 Eye Shadow / Pink Blush / 3 Lip Gloss by Kodiake,0
5933,8407,AM1673,Bobbi Brown eye shadow,24,White,Nude,$74.00,Bobbi Brown Nude Glow Limited Edition Eye Shadow Quad Palette - Nude,0
5934,8407,AM4365,Bobbi Brown eye shadow,24,White,,$24.36,Bobbi Brown Pretty Powerful Palette - Pretty : 4 Eye Shadow / Pink Blush / 3 Lip Gloss by Kodiake,0
5935,8817,AM2776,tarte lipsurgence lip tint,24,Elite,Energy,$35.40,Tarte Lipsurgence Skintuitive Lip Tint - Energy (.10 oz),0
5936,8817,AM2778,tarte lipsurgence lip tint,24,Elite,Energy,$16.00,Tarte ENERGY LipSurgence Skintuitive Lip Tint (Mini),0
5937,8818,AM2776,tarte lipsurgence lip tint,24,Enchanted,Energy,$35.40,Tarte Lipsurgence Skintuitive Lip Tint - Energy (.10 oz),0
5938,8818,AM2778,tarte lipsurgence lip tint,24,Enchanted,Energy,$16.00,Tarte ENERGY LipSurgence Skintuitive Lip Tint (Mini),0
5939,8819,AM2776,tarte lipsurgence lip tint,24,Glitzy,Energy,$35.40,Tarte Lipsurgence Skintuitive Lip Tint - Energy (.10 oz),0
5940,8819,AM2778,tarte lipsurgence lip tint,24,Glitzy,Energy,$16.00,Tarte ENERGY LipSurgence Skintuitive Lip Tint (Mini),0
5941,8820,AM2776,tarte lipsurgence lip tint,24,Grateful,Energy,$35.40,Tarte Lipsurgence Skintuitive Lip Tint - Energy (.10 oz),0
5942,8820,AM2778,tarte lipsurgence lip tint,24,Grateful,Energy,$16.00,Tarte ENERGY LipSurgence Skintuitive Lip Tint (Mini),0
5943,8821,AM2776,tarte lipsurgence lip tint,24,Lovely,Energy,$35.40,Tarte Lipsurgence Skintuitive Lip Tint - Energy (.10 oz),0
5944,8821,AM2778,tarte lipsurgence lip tint,24,Lovely,Energy,$16.00,Tarte ENERGY LipSurgence Skintuitive Lip Tint (Mini),0
5945,8822,AM2776,tarte lipsurgence lip tint,24,Moody,Energy,$35.40,Tarte Lipsurgence Skintuitive Lip Tint - Energy (.10 oz),0
5946,8822,AM2778,tarte lipsurgence lip tint,24,Moody,Energy,$16.00,Tarte ENERGY LipSurgence Skintuitive Lip Tint (Mini),0
5960,8926,AM4447,Smashbox full exposure mascara,20,Jet Black,,$14.99,"SMASHBOX On The Rocks MINI BEST SELLERS KIT Photo-Finish Foundation Primer, Hydrating Under Eye Primer, & Full Exposure Mascara",0
5961,9041,AM1645,stila illuminating powder foundation,28,10 Watts,,$14.00,stila Illuminating Powder Foundation Refillable Compact,0
5962,9042,AM1645,stila illuminating powder foundation,28,20 Watts,,$14.00,stila Illuminating Powder Foundation Refillable Compact,0
5963,9043,AM1645,stila illuminating powder foundation,28,30 Watts,,$14.00,stila Illuminating Powder Foundation Refillable Compact,0
5964,9044,AM1645,stila illuminating powder foundation,28,40 Watts,,$14.00,stila Illuminating Powder Foundation Refillable Compact,0
5965,9045,AM1645,stila illuminating powder foundation,28,50 Watts,,$14.00,stila Illuminating Powder Foundation Refillable Compact,0
5966,9046,AM1645,stila illuminating powder foundation,28,60 Watts,,$14.00,stila Illuminating Powder Foundation Refillable Compact,0
5967,9047,AM1645,stila illuminating powder foundation,28,70 Watts,,$14.00,stila Illuminating Powder Foundation Refillable Compact,0
5968,9048,AM1645,stila illuminating powder foundation,28,80 Watts,,$14.00,stila Illuminating Powder Foundation Refillable Compact,0
5969,9225,AM4058,Hourglass ambient lighting blush,35,Diffused Heat,,$120.00,Hourglass Ambient Lighting Blush Palette 2014,0
5970,9226,AM4058,Hourglass ambient lighting blush,35,Dim Infusion,,$120.00,Hourglass Ambient Lighting Blush Palette 2014,0
5971,9227,AM4058,Hourglass ambient lighting blush,35,Ethereal Glow,,$120.00,Hourglass Ambient Lighting Blush Palette 2014,0
5972,9228,AM4058,Hourglass ambient lighting blush,35,Incandescent Electra,,$120.00,Hourglass Ambient Lighting Blush Palette 2014,0
5973,9229,AM4058,Hourglass ambient lighting blush,35,Luminous Flush,,$120.00,Hourglass Ambient Lighting Blush Palette 2014,0
5974,9230,AM4058,Hourglass ambient lighting blush,35,Mood Exposure,,$120.00,Hourglass Ambient Lighting Blush Palette 2014,0
5975,9231,AM4058,Hourglass ambient lighting blush,35,Radiant Magenta,,$120.00,Hourglass Ambient Lighting Blush Palette 2014,0
5976,9386,AM4360,Bobbi Brown bronzing powder,40,Dark,Tawny Brown,$39.99,"Bobbi Brown Bronzing Powder - Tawny Brown 0.28 Oz, (BNIB)",0
5977,9386,AM5163,Bobbi Brown bronzing powder,40,Dark,Pink Peony,$69.95,BOBBI BROWN Pink Peony Set :Pink Peony Illuminating Bronzing Powder +Mini Face Blender Brush .,0
5978,9387,AM4360,Bobbi Brown bronzing powder,40,Deep,Tawny Brown,$39.99,"Bobbi Brown Bronzing Powder - Tawny Brown 0.28 Oz, (BNIB)",0
5979,9387,AM5163,Bobbi Brown bronzing powder,40,Deep,Pink Peony,$69.95,BOBBI BROWN Pink Peony Set :Pink Peony Illuminating Bronzing Powder +Mini Face Blender Brush .,0
5980,9388,AM4360,Bobbi Brown bronzing powder,40,Golden Light,Tawny Brown,$39.99,"Bobbi Brown Bronzing Powder - Tawny Brown 0.28 Oz, (BNIB)",0
5981,9388,AM5163,Bobbi Brown bronzing powder,40,Golden Light,Pink Peony,$69.95,BOBBI BROWN Pink Peony Set :Pink Peony Illuminating Bronzing Powder +Mini Face Blender Brush .,0
5982,9389,AM4360,Bobbi Brown bronzing powder,40,Medium,Tawny Brown,$39.99,"Bobbi Brown Bronzing Powder - Tawny Brown 0.28 Oz, (BNIB)",0
5983,9389,AM5163,Bobbi Brown bronzing powder,40,Medium,Pink Peony,$69.95,BOBBI BROWN Pink Peony Set :Pink Peony Illuminating Bronzing Powder +Mini Face Blender Brush .,0
5984,9390,AM4360,Bobbi Brown bronzing powder,40,Natural,Tawny Brown,$39.99,"Bobbi Brown Bronzing Powder - Tawny Brown 0.28 Oz, (BNIB)",0
5985,9390,AM5163,Bobbi Brown bronzing powder,40,Natural,Pink Peony,$69.95,BOBBI BROWN Pink Peony Set :Pink Peony Illuminating Bronzing Powder +Mini Face Blender Brush .,0
5986,9402,AM4110,Laura Mercier eye colour,24,African Violet,,$45.79,"Laura Mercier Artists Palette For Eyes & Cheeks (8x Eye Colour, 1x Highlighter) -",0
5987,9403,AM4110,Laura Mercier eye colour,24,Cafe Au Lait,,$45.79,"Laura Mercier Artists Palette For Eyes & Cheeks (8x Eye Colour, 1x Highlighter) -",0
5988,9404,AM4110,Laura Mercier eye colour,24,Cashmere,,$45.79,"Laura Mercier Artists Palette For Eyes & Cheeks (8x Eye Colour, 1x Highlighter) -",0
5989,9405,AM4110,Laura Mercier eye colour,24,Plum Smoke,,$45.79,"Laura Mercier Artists Palette For Eyes & Cheeks (8x Eye Colour, 1x Highlighter) -",0
5990,9406,AM4110,Laura Mercier eye colour,24,Stellar,,$45.79,"Laura Mercier Artists Palette For Eyes & Cheeks (8x Eye Colour, 1x Highlighter) -",0
5991,9407,AM4110,Laura Mercier eye colour,24,Vanilla Nuts,,$45.79,"Laura Mercier Artists Palette For Eyes & Cheeks (8x Eye Colour, 1x Highlighter) -",0
5992,9664,AM0473,Bite Beauty discovery set,55,,,$81.95,Bite Beauty Discovery Set,1
5993,9664,AM2028,Bite Beauty discovery set,55,,,$81.95,Bite Beauty Discovery Set,1
5994,9664,AM4609,Bite Beauty discovery set,55,,,$81.95,Bite Beauty Discovery Set,1
5995,9843,AM1422,Bobbi Brown foundation stick,44,Alabaster,Warm Sand,$53.00,Bobbi Brown Foundation Stick Warm Sand # 2.5 Full Size (Box),0
5996,9843,AM5089,Bobbi Brown foundation stick,44,Alabaster,Warm Ivory,$58.50,Exclusive Make Up Product By Bobbi Brown Foundation Stick - #1 Warm Ivory 9g/0.31oz,0
5997,9844,AM1422,Bobbi Brown foundation stick,44,Almond,Warm Sand,$53.00,Bobbi Brown Foundation Stick Warm Sand # 2.5 Full Size (Box),0
5998,9844,AM5089,Bobbi Brown foundation stick,44,Almond,Warm Ivory,$58.50,Exclusive Make Up Product By Bobbi Brown Foundation Stick - #1 Warm Ivory 9g/0.31oz,0
5999,9845,AM1422,Bobbi Brown foundation stick,44,Beige,Warm Sand,$53.00,Bobbi Brown Foundation Stick Warm Sand # 2.5 Full Size (Box),0
6000,9845,AM5089,Bobbi Brown foundation stick,44,Beige,Warm Ivory,$58.50,Exclusive Make Up Product By Bobbi Brown Foundation Stick - #1 Warm Ivory 9g/0.31oz,0
6033,9862,AM1422,Bobbi Brown foundation stick,44,Warm Honey,Warm Sand,$53.00,Bobbi Brown Foundation Stick Warm Sand # 2.5 Full Size (Box),0
6034,9862,AM5089,Bobbi Brown foundation stick,44,Warm Honey,Warm Ivory,$58.50,Exclusive Make Up Product By Bobbi Brown Foundation Stick - #1 Warm Ivory 9g/0.31oz,0
6035,9863,AM1422,Bobbi Brown foundation stick,44,Warm Ivory,Warm Sand,$53.00,Bobbi Brown Foundation Stick Warm Sand # 2.5 Full Size (Box),0
6036,9863,AM5089,Bobbi Brown foundation stick,44,Warm Ivory,Warm Ivory,$58.50,Exclusive Make Up Product By Bobbi Brown Foundation Stick - #1 Warm Ivory 9g/0.31oz,1
6037,9864,AM1422,Bobbi Brown foundation stick,44,Warm Natural,Warm Sand,$53.00,Bobbi Brown Foundation Stick Warm Sand # 2.5 Full Size (Box),0
6038,9864,AM5089,Bobbi Brown foundation stick,44,Warm Natural,Warm Ivory,$58.50,Exclusive Make Up Product By Bobbi Brown Foundation Stick - #1 Warm Ivory 9g/0.31oz,0
6039,9865,AM1422,Bobbi Brown foundation stick,44,Warm Sand,Warm Sand,$53.00,Bobbi Brown Foundation Stick Warm Sand # 2.5 Full Size (Box),1
6040,9865,AM5089,Bobbi Brown foundation stick,44,Warm Sand,Warm Ivory,$58.50,Exclusive Make Up Product By Bobbi Brown Foundation Stick - #1 Warm Ivory 9g/0.31oz,0
6041,9866,AM1422,Bobbi Brown foundation stick,44,Warm Walnut,Warm Sand,$53.00,Bobbi Brown Foundation Stick Warm Sand # 2.5 Full Size (Box),0
6042,9866,AM5089,Bobbi Brown foundation stick,44,Warm Walnut,Warm Ivory,$58.50,Exclusive Make Up Product By Bobbi Brown Foundation Stick - #1 Warm Ivory 9g/0.31oz,0
6043,9927,AM0943,COVER FX blotting powder,24,Deep,Medium,$40.00,COVER FX Matte Oil Absorbing Primer & Blotting Powder - Medium,0
6044,9928,AM0943,COVER FX blotting powder,24,Light,Medium,$40.00,COVER FX Matte Oil Absorbing Primer & Blotting Powder - Medium,0
6045,9929,AM0943,COVER FX blotting powder,24,Medium,Medium,$40.00,COVER FX Matte Oil Absorbing Primer & Blotting Powder - Medium,1
6062,10045,AM4222,Black Up foundation brush,38.5,,,$8.99,"Beety Luxurious Synthetic Make Up Brush Set Cosmetics Foundation Blending Blush Eyeliner Face Powder Brush Makeup Brush Kit (10pcs, Silver Black)",0
6065,10695,AM1582,CLINIQUE high impact mascara,16.5,Black ,Purple,$38.36,"Clinique Eye Makeup Expert (1x Quickliner, 1x Chubby Stick Shadow, 1x High Impact Mascara) - Purple - 3pcs",0
6066,10695,AM1590,CLINIQUE high impact mascara,16.5,Black ,Green,$39.21,"Clinique Eye Makeup Expert (1x Quickliner, 1x Chubby Stick Shadow, 1x High Impact Mascara) - Green - 3pcs",0
7137,2537,AM6043,MAKE UP FOR EVER aqua eyes,19,Dark Grey 21L,Turquoise,$15.92,MAKE UP FOR EVER Aqua Eyes Turquoise 7L,0
7138,2537,AM6044,MAKE UP FOR EVER aqua eyes,19,Dark Grey 21L,Star Black 1L,$39.00,Make Up For Ever Aqua Eyes Waterproof Eyeliner Pencil - #1L (Star Black) - 1.2g/0.04oz,0
7140,2538,AM5983,MAKE UP FOR EVER aqua eyes,19,Forest Green 20L,Purple 6L,$20.45,MAKE UP FOR EVER Aqua Eyes Black Purple 6L,0
7141,2538,AM5984,MAKE UP FOR EVER aqua eyes,19,Forest Green 20L,Green 12L,$47.27,MAKE UP FOR EVER Aqua Eyes Blue With Green Highlights 12L 0.04 oz,0
35429,2086,AM4654,AmorePacific color control cushion compact broad spectrum spf 50,$60.00,204 Tan Gold,204 Tan Gold,$87.99,AmorePacific Color Control Cushion Compact Broad Spectrum SPF 50+ 204,1
22626,2166,AM4809,Laura Mercier creme smooth lip colour,$27.00,Dulce de Leche,Dulce de Leche,$25.87,Laura Mercier Creme Smooth Lip Colour - # Dulce De Leche - 4g/0.14oz,1
22685,2168,AM4840,Laura Mercier creme smooth lip colour,$27.00,Mango,Mango,$31.67,Laura Mercier Creme Smooth Lip Colour # Mango 4G/0.14Oz,1
22765,2171,AM4832,Laura Mercier creme smooth lip colour,$27.00,Palm Beach,Palm Beach,$31.65,Laura Mercier Creme Smooth Lip Colour # Palm Beach 4G/0.14Oz,1
31744,2335,AM5190,Bobbi Brown bb cream broad spectrum spf 35,$44.00,Fair,Medium to Dark,$44.00,Bobbi Brown BB Cream Broad Spectrum SPF 35 Medium to Dark 1.35 oz,0
31745,2335,AM5191,Bobbi Brown bb cream broad spectrum spf 35,$44.00,Fair,Light,$43.99,Bobbi Brown BB Cream Broad Spectrum SPF 35 02 Light,0
31746,2335,AM5192,Bobbi Brown bb cream broad spectrum spf 35,$44.00,Fair,Light,$33.50,Bobbi Brown BB Cream Broad Spectrum SPF 35 - # Light - 40ml/1.35oz,0
9562,2365,AM0742,Laura Mercier secret concealer,$25.00,2,2,$28.04,Laura Mercier Secret Concealer #2 2.2G/0.08Oz,1
9650,2366,AM5308,Laura Mercier secret concealer,$25.00,2.5,2.5,$23.00,Laura Mercier Secret Concealer - #2.5 2.2g/0.08oz,1
10302,2439,AM5635,CLINIQUE line smoothing concealer,$18.50,Deep,Deep Honey,$22.29,Clinique Line Smoothing Concealer 10 Deep Honey,0
10340,2440,AM5635,CLINIQUE line smoothing concealer,$18.50,Deep Honey ,Deep Honey,$22.29,Clinique Line Smoothing Concealer 10 Deep Honey,1
10584,2503,AM5911,Bobbi Brown shimmer blush,$28.00,Coral,Pink Coral,$60.00,Bobbi Brown Shimmer Blush Pink Coral,0
10585,2503,AM5912,Bobbi Brown shimmer blush,$28.00,Coral,Coral,$63.99,Bobbi Brown Shimmer Blush Coral,1
10600,2507,AM5921,Guerlain rose aux joues,$52.00,Peach Boy 01,Peach Boy,$47.03,Guerlain Rose Aux Joues Blush Duo - # 01 Peach Boy - 6g/0.21oz,1
10602,2522,AM5966,NARS yachiyo brush 27,$55.00,,,$57.49,NARS Yachiyo Kabuki Brush No. 27,1
23985,2545,AM5997,MAKE UP FOR EVER aqua eyes,$19.00,Light Taupe 24L,Bronze 10L,$39.99,Make Up For Ever Aqua Eyes Waterproof Eyeliner Pencil - #10L ( Bronze ) - 1.2g/0.04oz,0
23986,2545,AM5999,MAKE UP FOR EVER aqua eyes,$19.00,Light Taupe 24L,Fuschia Pink 13L,$21.99,MAKE UP FOR EVER Aqua Eyes Fuschia Pink 13L 0.04 oz,0
24052,2546,AM6010,MAKE UP FOR EVER aqua eyes,$19.00,Majorelle Blue 15L,Majorelle Blue 15L,$22.00,MAKE UP FOR EVER Aqua Eyes Majorelle Blue 15L 0.04 oz,1
24088,2547,AM5988,MAKE UP FOR EVER aqua eyes,$19.00,Matte Black 0L,Back with Purle Highlights 6L,$35.99,Make Up For Ever Aqua Eyes Waterproof Eyeliner Pencil - #6L (Black with Purple Highlights) - 1.2g/0.04oz,0
24089,2547,AM5989,MAKE UP FOR EVER aqua eyes,$19.00,Matte Black 0L,Bronze Green 5L,$47.27,MAKE UP FOR EVER Aqua Eyes Bronze Green 5L 0.04 oz,0
24226,2549,AM6017,MAKE UP FOR EVER aqua eyes,$19.00,Pearly Brown 2L,Pearly Brown 2L,$18.00,MAKE UP FOR EVER Aqua Eyes Pearly Brown 2L 0.04 oz,1
24283,2550,AM6018,MAKE UP FOR EVER aqua eyes,$19.00,Pistachio 17L,Pistachio 17L,$19.98,MAKE UP FOR EVER Aqua Eyes Pistachio 17L 0.04 oz,1
14947,2587,AM6104,CLINIQUE superfine liner for brows,$16.50,Deep Brown ,Deep Brown ,$14.99,Clinique Superfine Liner for Brows 03 Deep Brown,1
15121,2708,AM6267,Shiseido the makeup powdery foundation,$29.50,B60 Natural Deep Beige,B60 Natural Deep Beige,$28.16,Shiseido The Makeup Powdery Foundation B60 Natural Deep Beige 0.38 oz,1
15172,2709,AM6274,Shiseido the makeup powdery foundation,$29.50,I00 Very Light Ivory,I00 Very Light Ivory,$24.99,Shiseido The Makeup Powdery Foundation (REFILL) Sunscreen SPF 16 Color - I 00 Very Light Ivory Full Size 11 g / .38 oz.,1
15281,2711,AM6300,Shiseido the makeup powdery foundation,$29.50,I40 Natural Fair Ivory,I40 Natural Fair Ivory,$29.79,Shiseido The Makeup Powdery Foundation I40 - I 40 (Natural Fair Ivory) REFILL Full Size 11 g / .38 oz. In Retail Box. LIMITED EDITION - NO SPF,1
15379,2713,AM6312,Shiseido the makeup powdery foundation,$29.50,O20 Natural Light Ochre,O20 Natural Light Ochre,$22.40,Shiseido The Makeup Powdery Foundation O20 Natural Light Ochre 0.38 oz,1
10711,3166,AM5094,Bobbi Brown lip gloss,$26.00,Nude,Nude,$30.00,Bobbi Brown Lip Gloss (New Packaging) - # 8 Nude - 7ml/0.24oz,1
24940,3794,AM1131,Laura Mercier mineral powder spf 15,$39.00,Classic Beige,Tender Rose,$35.88,Laura Mercier Mineral Pressed Powder SPF 15 Tender Rose,0
24941,3794,AM1132,Laura Mercier mineral powder spf 15,$39.00,Classic Beige,Tender Rose,$47.04,Laura Mercier Mineral Pressed Powder SPF 15 Tender Rose 0.28 oz./8.1g,0
10818,4289,AM2346,Laura Mercier secret brightener,$30.00,#1,#1,$30.00,"Laura Mercier Secret Brightener - Secret Brightener #1, .05 oz.",1
10842,4484,AM6157,Laura Mercier lip glace,$25.00,Bare Beige,Bare Beige,$23.00,Laura Mercier Lip Glace - Bare Beige,1
30139,4592,AM4054,Smashbox camera ready bb cream spf 35,$39.00,Light/Medium,Light/Medium,$26.99,Smashbox Camera Ready BB Cream SPF 35 Light/Medium,1
32633,4640,AM5002,Estee Lauder double wear stay in place makeup,$38.00,Ecru 1N2,13,$38.67,Estee Lauder Double Wear Light Stay In Place Makeup SPF 10 1 oz # 13 Intensity 4.0,0
32634,4640,AM5007,Estee Lauder double wear stay in place makeup,$38.00,Ecru 1N2,13,$47.68,Estee Lauder By Estee Lauder - Double Wear Light Stay In Place Makeup Spf10 - # 13 ( Intensity 4.0 ) --30ml/1oz...,0
32635,4641,AM4946,Estee Lauder double wear stay in place makeup,$38.00,Fresco 2C3,26,$40.91,Estee Lauder Double Wear Light Stay In Place Makeup SPF10 - # 26 (Intensity 3.5) - 30ml/1oz,0
32636,4641,AM4947,Estee Lauder double wear stay in place makeup,$38.00,Fresco 2C3,14,$64.00,Estee Lauder Double Wear Light Stay In Place Makeup SPF10 - # 14 (Intensity 5.0) 30ml/1oz,0
30489,4782,AM0719,Estee Lauder pure color envy sculpting lipstick,$30.00,Tumultuous Pink,Suggestive,$32.35,Estee Lauder Pure Color Envy Shine Sculpting Shine Lipstick - #220 Suggestive 3.1g/0.1oz,0
30490,4782,AM0721,Estee Lauder pure color envy sculpting lipstick,$30.00,Tumultuous Pink,Surreal Sun,$49.99,"EstEEe Lauder Pure Color Envy Shine Sculpting Shine Lipstick 320 Surreal Sun, 0.1oz, 3.1g by Estee Lauder",0
30491,4783,AM0695,Estee Lauder pure color envy sculpting lipstick,$30.00,Vengeful Red,Baby Cashmere,$49.99,"EstEEe Lauder Pure Color Envy Shine Sculpting Shine Lipstick 150 Baby Cashmere, 0.1oz, 3.1g by Estee Lauder",0
30492,4783,AM0697,Estee Lauder pure color envy sculpting lipstick,$30.00,Vengeful Red,Blossom Bright,$29.99,Estee Lauder Pure Color Envy Shine Sculpting Lipstick - Blossom Bright No. 250,0
10871,4972,AM5309,Laura Mercier secret camouflage,$34.00,SC-1,SC-3,$37.81,Laura Mercier Secret Camouflage - # SC3 (Medium with Yellow or Pink Skin Tones) 5.92g/0.207oz,0
10893,4972,AM5420,Laura Mercier secret camouflage,$34.00,SC-1,SC-5,$31.28,Laura Mercier Secret Camouflage SC-5,0
10910,4972,AM5467,Laura Mercier secret camouflage,$34.00,SC-1,,$31.28,Laura Mercier Secret Camouflage,0
10946,4973,AM5425,Laura Mercier secret camouflage,$34.00,SC-2,SC-2,$37.81,Laura Mercier Secret Camouflage - # SC3 (Medium with Yellow or Pink Skin Tones) 5.92g/0.207oz,1
11000,4974,AM5433,Laura Mercier secret camouflage,$34.00,SC-3,SC-4,$34.20,Laura Mercier Secret Camouflage # Sc4 (For Medium To Golden Skin Tones) 5.92G/0.207Oz,0
11001,4974,AM5434,Laura Mercier secret camouflage,$34.00,SC-3,SC-4,$34.00,Laura Mercier Secret Camouflage - Sc-4,0
11029,4975,AM5314,Laura Mercier secret camouflage,$34.00,SC-4,SC-2,$26.65,Laura Mercier Secret Camouflage - # SC2 (For Fair to Light Skin Tones) - 5.92g/0.207oz,0
11097,4976,AM5405,Laura Mercier secret camouflage,$34.00,SC-5,SC-1,$15.00,Laura Mercier Secret Camouflage - # SC1 (For Very Fair Skin Tones) - 5.92g/0.207oz,0
11249,4979,AM5391,Laura Mercier secret camouflage,$34.00,SC-8,SC-1,$33.71,Laura Mercier Secret Camouflage SC-1 One Size,0
33539,6015,AM1472,Dior diorskin nude skin glowing makeup spf 15,$48.00,Dark Beige 050,Light Beige 020,$65.81,CHRISTIAN DIOR by Christian Dior Diorskin Nude Skin Glowing Makeup SPF 15 - # 020 Light Beige --30m,0
33540,6015,AM1475,Dior diorskin nude skin glowing makeup spf 15,$48.00,Dark Beige 050,Sand 031,$48.91,Christian Dior Diorskin Nude Skin Glowing Makeup SPF 15 - # 031 Sand 30ml/1oz,0
33541,6016,AM1451,Dior diorskin nude skin glowing makeup spf 15,$48.00,Dark Brown 070,Cameo 022,$71.41,Christian Dior Diorskin Nude Skin Glowing Makeup SPF 15 - # 022 Cameo 30ml/1oz,0
33542,6016,AM1453,Dior diorskin nude skin glowing makeup spf 15,$48.00,Dark Brown 070,Medium Beige 030,$65.71,Dior Diorskin Nude Skin Glowing Makeup SPF 15 - # 030 Medium Beige - 30ml/1oz (BNIB),0
11332,6561,AM2214,Shiseido smoothing lip pencil,$20.00,BR607 Coffee Bean,RD702 Anemone,$61.49,Smoothing Lip Pencil - RD702 Anemone by Shiseido - 10076381402,0
25515,7348,AM1698,NARS larger than life lip gloss,$26.00,Rouge Tribal,Flamingo Pink,$49.99,Nars Larger Than Life Lip Gloss Color Paris Follies - Flamingo Pink,0
25516,7348,AM1699,NARS larger than life lip gloss,$26.00,Rouge Tribal,Strawberry Pink,$49.99,Nars Larger Than Life Lip Gloss Color Place Vendome - Strawberry Pink,0
25517,7348,AM1700,NARS larger than life lip gloss,$26.00,Rouge Tribal,Rich Rose,$49.99,Nars Larger Than Life Lip Gloss Color Viva - Rich Rose,0
25518,7349,AM1691,NARS larger than life lip gloss,$26.00,Spring Break,Bright Cherry Red,$14.99,Nars Larger Than Life Lip Gloss Color Norma - Bright Cherry Red,0
25519,7349,AM1692,NARS larger than life lip gloss,$26.00,Spring Break,Shimmering Vibrant Pink,$14.99,Nars Larger Than Life Lip Gloss Color Coeur Sucre - Shimmering Vibrant Pink,0
16169,7654,AM4491,Smashbox be legendary lip gloss,$20.00,Cognac,Cognac,$13.50,Smashbox Be Legendary Lip Gloss - Cognac 0.20oz (6ml),1
16202,7658,AM4508,Smashbox be legendary lip gloss,$20.00,Melondrama,Melondrama,$15.64,Smashbox Be Legendary Lip Gloss - Melondrama 0.20oz (6ml),1
16254,8122,AM1782,Guerlain terracotta light bronzing powder,$53.00,Blondes 02,Blondes 02,$47.02,Guerlain Terracotta Light Sheer Bronzing Powder No. 02 Blondes (New Packaging) 10G/0.35Oz,1
16287,8123,AM1807,Guerlain terracotta light bronzing powder,$53.00,Brunettes 03,Brunettes 03,$49.85,Guerlain Terracotta Light Sheer Bronzing Powder - No. 03 Brunettes (New Packaging) 10g/0.35oz,1
11427,8823,AM2776,tarte lipsurgence lip tint,$24.00,Sweet,Engery,$35.40,Tarte Lipsurgence Skintuitive Lip Tint - Energy (.10 oz),0
11456,9386,AM4360,Bobbi Brown bronzing powder,$40.00,Dark,Tawny Brown,$39.99,"Bobbi Brown Bronzing Powder - Tawny Brown 0.28 Oz, (BNIB)",0
30894,9577,AM2148,Giorgio Armani waterproof smooth silk eye pencil,$28.00,Brown,Brown,$28.00,Giorgio Armani Waterproof Smooth Silk Eye Pencil - # 02 (Brown) 1.2g/0.04oz,1
11493,9852,AM1422,Bobbi Brown foundation stick,$44.00,Golden Honey,Warm Sand,$53.00,Bobbi Brown Foundation Stick Warm Sand # 2.5 Full Size (Box),0
11494,9852,AM5089,Bobbi Brown foundation stick,$44.00,Golden Honey,Warm Ivory,$58.50,Exclusive Make Up Product By Bobbi Brown Foundation Stick - #1 Warm Ivory 9g/0.31oz,0
11495,9853,AM1422,Bobbi Brown foundation stick,$44.00,Golden Natural,Warm Sand,$53.00,Bobbi Brown Foundation Stick Warm Sand # 2.5 Full Size (Box),0
11496,9853,AM5089,Bobbi Brown foundation stick,$44.00,Golden Natural,Warm Ivory,$58.50,Exclusive Make Up Product By Bobbi Brown Foundation Stick - #1 Warm Ivory 9g/0.31oz,0
11497,9854,AM1422,Bobbi Brown foundation stick,$44.00,Honey,Warm Sand,$53.00,Bobbi Brown Foundation Stick Warm Sand # 2.5 Full Size (Box),0
11498,9854,AM5089,Bobbi Brown foundation stick,$44.00,Honey,Warm Ivory,$58.50,Exclusive Make Up Product By Bobbi Brown Foundation Stick - #1 Warm Ivory 9g/0.31oz,0
11499,9855,AM1422,Bobbi Brown foundation stick,$44.00,Natural,Warm Sand,$53.00,Bobbi Brown Foundation Stick Warm Sand # 2.5 Full Size (Box),0
11500,9855,AM5089,Bobbi Brown foundation stick,$44.00,Natural,Warm Ivory,$58.50,Exclusive Make Up Product By Bobbi Brown Foundation Stick - #1 Warm Ivory 9g/0.31oz,0
11501,9856,AM1422,Bobbi Brown foundation stick,$44.00,Natural Tan,Warm Sand,$53.00,Bobbi Brown Foundation Stick Warm Sand # 2.5 Full Size (Box),0
11502,9856,AM5089,Bobbi Brown foundation stick,$44.00,Natural Tan,Warm Ivory,$58.50,Exclusive Make Up Product By Bobbi Brown Foundation Stick - #1 Warm Ivory 9g/0.31oz,0
11503,9857,AM1422,Bobbi Brown foundation stick,$44.00,Porcelain,Warm Sand,$53.00,Bobbi Brown Foundation Stick Warm Sand # 2.5 Full Size (Box),0
11504,9857,AM5089,Bobbi Brown foundation stick,$44.00,Porcelain,Warm Ivory,$58.50,Exclusive Make Up Product By Bobbi Brown Foundation Stick - #1 Warm Ivory 9g/0.31oz,0
11505,9858,AM1422,Bobbi Brown foundation stick,$44.00,Sand,Warm Sand,$53.00,Bobbi Brown Foundation Stick Warm Sand # 2.5 Full Size (Box),0
11506,9858,AM5089,Bobbi Brown foundation stick,$44.00,Sand,Warm Ivory,$58.50,Exclusive Make Up Product By Bobbi Brown Foundation Stick - #1 Warm Ivory 9g/0.31oz,0
11507,9859,AM1422,Bobbi Brown foundation stick,$44.00,Walnut,Warm Sand,$53.00,Bobbi Brown Foundation Stick Warm Sand # 2.5 Full Size (Box),0
11508,9859,AM5089,Bobbi Brown foundation stick,$44.00,Walnut,Warm Ivory,$58.50,Exclusive Make Up Product By Bobbi Brown Foundation Stick - #1 Warm Ivory 9g/0.31oz,0
11509,9860,AM1422,Bobbi Brown foundation stick,$44.00,Warm Almond,Warm Sand,$53.00,Bobbi Brown Foundation Stick Warm Sand # 2.5 Full Size (Box),0
11510,9860,AM5089,Bobbi Brown foundation stick,$44.00,Warm Almond,Warm Ivory,$58.50,Exclusive Make Up Product By Bobbi Brown Foundation Stick - #1 Warm Ivory 9g/0.31oz,0
11511,9861,AM1422,Bobbi Brown foundation stick,$44.00,Warm Beige,Warm Sand,$53.00,Bobbi Brown Foundation Stick Warm Sand # 2.5 Full Size (Box),0
11512,9861,AM5089,Bobbi Brown foundation stick,$44.00,Warm Beige,Warm Ivory,$58.50,Exclusive Make Up Product By Bobbi Brown Foundation Stick - #1 Warm Ivory 9g/0.31oz,0
11513,9862,AM1422,Bobbi Brown foundation stick,$44.00,Warm Honey,Warm Sand,$53.00,Bobbi Brown Foundation Stick Warm Sand # 2.5 Full Size (Box),0
11514,9862,AM5089,Bobbi Brown foundation stick,$44.00,Warm Honey,Warm Ivory,$58.50,Exclusive Make Up Product By Bobbi Brown Foundation Stick - #1 Warm Ivory 9g/0.31oz,0
11515,9863,AM1422,Bobbi Brown foundation stick,$44.00,Warm Ivory,Warm Sand,$53.00,Bobbi Brown Foundation Stick Warm Sand # 2.5 Full Size (Box),0
11516,9863,AM5089,Bobbi Brown foundation stick,$44.00,Warm Ivory,Warm Ivory,$58.50,Exclusive Make Up Product By Bobbi Brown Foundation Stick - #1 Warm Ivory 9g/0.31oz,1
11517,9864,AM1422,Bobbi Brown foundation stick,$44.00,Warm Natural,Warm Sand,$53.00,Bobbi Brown Foundation Stick Warm Sand # 2.5 Full Size (Box),0
11518,9864,AM5089,Bobbi Brown foundation stick,$44.00,Warm Natural,Warm Ivory,$58.50,Exclusive Make Up Product By Bobbi Brown Foundation Stick - #1 Warm Ivory 9g/0.31oz,0
11519,9865,AM1422,Bobbi Brown foundation stick,$44.00,Warm Sand,Warm Sand,$53.00,Bobbi Brown Foundation Stick Warm Sand # 2.5 Full Size (Box),1
11520,9865,AM5089,Bobbi Brown foundation stick,$44.00,Warm Sand,Warm Ivory,$58.50,Exclusive Make Up Product By Bobbi Brown Foundation Stick - #1 Warm Ivory 9g/0.31oz,0
11521,9866,AM1422,Bobbi Brown foundation stick,$44.00,Warm Walnut,Warm Sand,$53.00,Bobbi Brown Foundation Stick Warm Sand # 2.5 Full Size (Box),0
11522,9866,AM5089,Bobbi Brown foundation stick,$44.00,Warm Walnut,Warm Ivory,$58.50,Exclusive Make Up Product By Bobbi Brown Foundation Stick - #1 Warm Ivory 9g/0.31oz,0
11523,9927,AM0943,COVER FX blotting powder,$24.00,Deep,Medium,$40.00,COVER FX Matte Oil Absorbing Primer & Blotting Powder - Medium,0
11524,9928,AM0943,COVER FX blotting powder,$24.00,Light,Medium,$40.00,COVER FX Matte Oil Absorbing Primer & Blotting Powder - Medium,0
11525,9929,AM0943,COVER FX blotting powder,$24.00,Medium,Medium,$40.00,COVER FX Matte Oil Absorbing Primer & Blotting Powder - Medium,1
11526,9973,AM1437,Smashbox try it kit,$18.00,,,$40.99,Smashbox Try It Kit,1
11527,9973,AM4002,Smashbox try it kit,$18.00,,Fair,$29.00,Smashbox Try It Kit BB + Halo - Fair,0
33741,262,AM0498,Peter Thomas Roth lashes to die for the mascara,$22.00,Black,Black,$35.48,Peter Thomas Roth - Lashes To Die For The Mascara - Jet Black -8ml/0.27oz,1
11750,290,AM0517,MAKE UP FOR EVER aquarelle,$21.00,6,1,$38.96,MAKE UP FOR EVER Aquarelle 1 0.33 oz,0
11763,291,AM0517,MAKE UP FOR EVER aquarelle,$21.00,7,1,$38.96,MAKE UP FOR EVER Aquarelle 1 0.33 oz,0
30927,297,AM0535,Marc Jacobs Beauty new nudes sheer lip gel,$30.00,Eat Cake 150,Eat Cake 150,$43.00,Marc Jacobs Beauty New Nudes Sheer Lip Gel Eat Cake - Rosy Nude,1
30949,300,AM0539,Marc Jacobs Beauty new nudes sheer lip gel,$30.00,Role Play 110,Role Play 110,$48.95,Marc Jacobs Beauty New Nudes Sheer Lip Gel Role Play - Dusty Rose,1
26215,362,AM0586,MAKE UP FOR EVER artist plexi gloss,$19.00,306,406,$30.85,Make up for Ever Artist Plexi Gloss Lip Lacquer 406 - Burgundy (Opaque),0
26216,362,AM0587,MAKE UP FOR EVER artist plexi gloss,$19.00,306,403,$30.80,Make up for Ever Artist Plexi Gloss Lip Lacquer 403 - Red (Opaque),0
26217,363,AM0568,MAKE UP FOR EVER artist plexi gloss,$19.00,400,406,$30.85,Make up for Ever Artist Plexi Gloss Lip Lacquer 406 - Burgundy (Opaque),0
26218,363,AM0572,MAKE UP FOR EVER artist plexi gloss,$19.00,400,403,$30.80,Make up for Ever Artist Plexi Gloss Lip Lacquer 403 - Red (Opaque),0
30963,375,AM0589,Giorgio Armani lasting silk uv foundation spf 20,$62.00,2,,$62.00,Giorgio Armani 'Lasting Silk' UV Foundation SPF 20,0
31111,377,AM0652,Giorgio Armani lasting silk uv foundation spf 20,$62.00,4.5,,$62.00,Giorgio Armani 'Lasting Silk' UV Foundation SPF 20,0
31112,377,AM0653,Giorgio Armani lasting silk uv foundation spf 20,$62.00,4.5,,$62.00,Giorgio Armani 'Lasting Silk' UV Foundation SPF 20,0
31113,378,AM0589,Giorgio Armani lasting silk uv foundation spf 20,$62.00,5,,$62.00,Giorgio Armani 'Lasting Silk' UV Foundation SPF 20,0
31114,378,AM0590,Giorgio Armani lasting silk uv foundation spf 20,$62.00,5,,$62.00,Giorgio Armani 'Lasting Silk' UV Foundation SPF 20,0
11816,420,AM4599,Laura Mercier camouflage powder brush,$28.00,,,$36.17,Laura Mercier Camouflage Powder Brush - Long Handled - -,1
26337,421,AM0778,Too Faced melted liquified long wear lipstick,$21.00,Melted Berry,Melted Velvet,$39.75,Too Faced - Melted Liquified Long Wear Lipstick - Melted Velvet,0
26338,421,AM2514,Too Faced melted liquified long wear lipstick,$21.00,Melted Berry,Melted Rainbow,$34.98,Too Faced Melted Liquified Long Wear Lipstick - Melted Rainbow Size 0.4 Oz,0
26339,422,AM0723,Too Faced melted liquified long wear lipstick,$21.00,Melted Candy,,$39.75,Too Faced Melted Liquified Long Wear Lipstick,0
26340,422,AM0724,Too Faced melted liquified long wear lipstick,$21.00,Melted Candy,Melted Candy,$13.95,Too Faced Melted Liquified Long Wear Lipstick - Melted Candy 0.16 Fl oz,1
27049,489,AM0877,MAKE UP FOR EVER full cover concealer,$32.00,Sand 7,Vanilla 5,$35.00,MAKE UP FOR EVER Full Cover Concealer Vanilla 5 0.5 oz,0
27050,489,AM0878,MAKE UP FOR EVER full cover concealer,$32.00,Sand 7,Sand 7,$41.95,MAKE UP FOR EVER Full Cover Concealer Sand 7 0.5 oz,1
27051,490,AM0865,MAKE UP FOR EVER full cover concealer,$32.00,Vanilla 5,Beige 8,$33.00,MAKE UP FOR EVER Full Cover Concealer Beige 8,0
27052,490,AM0868,MAKE UP FOR EVER full cover concealer,$32.00,Vanilla 5,Chocolate 18,$30.00,MAKE UP FOR EVER Full Cover Concealer Chocolate 18 0.5 oz,0
33853,511,AM0938,Dior diorskin forever compact flawless perfection fusion wear makeup spf 25,$52.00,Ivory 010,Medium Beige 030,$80.00,Exclusive By Christian Dior Diorskin Forever Compact Flawless Perfection Fusion Wear Makeup SPF 25 - #030 Medium Beige 10g/0.35oz,0
33854,511,AM0941,Dior diorskin forever compact flawless perfection fusion wear makeup spf 25,$52.00,Ivory 010,Medium Beige 030,$49.23,Christian Dior Diorskin Forever Compact Flawless Perfection Fusion Wear Makeup SPF 25 Medium Beige 030,0
33855,512,AM0895,Dior diorskin forever compact flawless perfection fusion wear makeup spf 25,$52.00,Light Beige 020,Dark Beige 050,$47.35,"Christian Dior Skin Forever Flawless Perfection SPF 25 Fusion Wear Foundation Makeup, No. 050 Dark Beige, 1 Ounce",0
33856,512,AM0896,Dior diorskin forever compact flawless perfection fusion wear makeup spf 25,$52.00,Light Beige 020,Dark Beige 050,$80.00,CHRISTIAN DIOR by Christian Dior Diorskin Forever Compact Flawless Perfection Fusion Wear Makeup SPF 25 - #050 Dark Beige --10g/0.35oz ( Package Of 2 ),0
11834,658,AM1328,Giorgio Armani luminous silk foundation,$62.00,10,19,$62.00,Giorgio Armani Luminous Silk Foundation # 10 30Ml/1Oz,0
11855,658,AM1359,Giorgio Armani luminous silk foundation,$62.00,10,4.75,$62.00,"Giorgio Armani Luminous Silk Foundation 1oz - # 4.75, (BNIB)",0
11913,659,AM1336,Giorgio Armani luminous silk foundation,$62.00,11.5,,$62.00,Giorgio Armani 'Luminous Silk' Foundation,0
11933,659,AM1369,Giorgio Armani luminous silk foundation,$62.00,11.5,4.75,$62.00,"Giorgio Armani Luminous Silk Foundation 1oz - # 4.75, (BNIB)",0
12052,661,AM1333,Giorgio Armani luminous silk foundation,$62.00,2,4.75,$62.00,"Giorgio Armani Luminous Silk Foundation 1oz - # 4.75, (BNIB)",0
12121,662,AM1331,Giorgio Armani luminous silk foundation,$62.00,3,3.75,$62.00,"GIORGIO ARMANI LUMINOUS SILK FOUNDATION # 3.75, 30ML, 1FL OZ",0
12122,662,AM1332,Giorgio Armani luminous silk foundation,$62.00,3,,$62.00,Giorgio Armani 'Luminous Silk' Foundation,0
12352,665,AM1359,Giorgio Armani luminous silk foundation,$62.00,4,4.75,$62.00,"Giorgio Armani Luminous Silk Foundation 1oz - # 4.75, (BNIB)",0
12516,667,AM1389,Giorgio Armani luminous silk foundation,$62.00,4.5,4.5,$62.00,Giorgio Armani Luminous Silk Foundation - # 4.5 Sand - 30ml/1oz,1
13072,675,AM1374,Giorgio Armani luminous silk foundation,$62.00,6.5,6.5,$62.00,Giorgio Armani Luminous Silk Foundation - # 6.5 Tawny - 30ml/1oz,1
13312,678,AM1410,Giorgio Armani luminous silk foundation,$62.00,8,8,$62.00,Giorgio Armani Luminous Silk Foundation - # 8 Caramel 30ml/1oz,1
27816,728,AM6342,CLINIQUE chubby stick shadow tint for eyes,$17.00,Curvaceous Coal,Fuller Fudge,$52.78,Clinique - Chubby Stick Shadow Tint For Eyes - # 03 Fuller Fudge (0.1 oz.) 1 pcs sku# 1900580MA,0
27817,728,AM6343,CLINIQUE chubby stick shadow tint for eyes,$17.00,Curvaceous Coal,Ample Amber,$19.99,Clinique Chubby Stick Ample Amber Shadow Tint for Eyes Ample Amber 04 Full Size New in Box,0
27818,729,AM1551,CLINIQUE chubby stick shadow tint for eyes,$17.00,Fuller Fudge,Big Blue,$15.95,Clinique Chubby Stick Shadow Tint for Eyes Big Blue 0.1 oz,0
27819,729,AM1552,CLINIQUE chubby stick shadow tint for eyes,$17.00,Fuller Fudge,Big Blue,$14.99,Clinique Chubby Stick Shadow Tint for Eyes - 10 Big Blue - Full Size 3g/.10oz - Unboxed,0
28534,738,AM1613,CLINIQUE chubby stick shadow tint for eyes,$17.00,Portly Plum,Portly Plum,$15.95,"Clinique Chubby Stick Shadow Tint for Eyes, shade=Portly Plum",1
28630,739,AM6342,CLINIQUE chubby stick shadow tint for eyes,$17.00,Two Ton Teal,Fuller Fudge,$52.78,Clinique - Chubby Stick Shadow Tint For Eyes - # 03 Fuller Fudge (0.1 oz.) 1 pcs sku# 1900580MA,0
28631,739,AM6343,CLINIQUE chubby stick shadow tint for eyes,$17.00,Two Ton Teal,Ample Amber,$19.99,Clinique Chubby Stick Ample Amber Shadow Tint for Eyes Ample Amber 04 Full Size New in Box,0
28632,740,AM1551,CLINIQUE chubby stick shadow tint for eyes,$17.00,Whopping Willow,Big Blue,$15.95,Clinique Chubby Stick Shadow Tint for Eyes Big Blue 0.1 oz,0
28633,740,AM1552,CLINIQUE chubby stick shadow tint for eyes,$17.00,Whopping Willow,Big Blue,$14.99,Clinique Chubby Stick Shadow Tint for Eyes - 10 Big Blue - Full Size 3g/.10oz - Unboxed,0
18198,815,AM1888,Bobbi Brown sheer finish pressed powder,$38.00,Pale Yellow,Pale Yellow,$48.00,"Bobbi Brown Bobbi Brown Sheer Finish Pressed Powder - Pale Yellow, .38 oz",1
18404,821,AM1927,Smashbox 24 hour cc spot concealer,$25.00,Fair,Fair,$23.00,Smashbox 24 Hour CC Spot Concealer - Fair 0.08oz,1
18429,822,AM1941,Smashbox 24 hour cc spot concealer,$25.00,Fair Light,Fair Light,$23.00,Smashbox 24 Hour CC Spot Concealer .008 fl. oz. - Fair/Light,1
18432,822,AM1947,Smashbox 24 hour cc spot concealer,$25.00,Fair Light,Medium Dark,$23.00,SMASHBOX 24 Hour CC Spot Concealer Medium Dark - 100% Authentic,0
18433,822,AM1948,Smashbox 24 hour cc spot concealer,$25.00,Fair Light,Medium Light,$23.00,Smashbox 24 Hour CC Spot Concealer - Medium/Light 0.08oz,0
18434,823,AM1927,Smashbox 24 hour cc spot concealer,$25.00,Light,Fair,$23.00,Smashbox 24 Hour CC Spot Concealer - Fair 0.08oz,0
18435,823,AM1928,Smashbox 24 hour cc spot concealer,$25.00,Light,Fair Light,$23.00,Smashbox 24 Hour CC Spot Concealer .008 fl. oz. - Fair/Light,0
34075,858,AM5046,bareMinerals bareminerals ready touch up veil broad spectrum spf 15,$22.00,Tan,Tan ,$48.00,BareEscentual bareMinerals READY Touch Up Veil Broad Spectrum Spf 15 Tan 10 Grms/0.3 Oz,1
18516,930,AM2051,tarte amazonian clay volumizing brow powder,$25.00,Blonde,Blonde,$41.90,TARTE Amazonian Clay Volumizing Brow Powder (Blonde),1
18523,933,AM2053,tarte amazonian clay volumizing brow powder,$25.00,Rich Brown,Rich Brown,$37.00,Tarte Amazonian Clay Volumizing Brow & Hair Powder - Rich Brown,1
29396,972,AM2140,CLINIQUE chubby stick moisturizing lip colour balm,$17.00,Two Ton Tomato," Woppin"" Watermelon",$23.00,"Clinique Chubby Stick Moisturizing Lip Colour Balm, 06 Woppin"" Watermelon",0
29397,972,AM2141,CLINIQUE chubby stick moisturizing lip colour balm,$17.00,Two Ton Tomato," Woppin"" Watermelon",$52.78,Clinique - Chubby Stick Moisturizing Lip Colour Balm - # 6 Woppin' Watermelon (0.1 oz.) 1 pcs sku# 1900553MA,0
29398,973,AM2062,CLINIQUE chubby stick moisturizing lip colour balm,$17.00,Voluptuous Violet,Chunky Cherry,$19.79,"Clinique Chubby Stick Moisturizing Lip Colour Balm, #05 Chunky Cherry",0
29399,973,AM2063,CLINIQUE chubby stick moisturizing lip colour balm,$17.00,Voluptuous Violet,Chunky Cherry,$17.50,Clinique Chubby Stick Moisturizing Lip Colour Balm - 05 Chunky Cherry - Duo Pack (0.04 oz X 2 = 0.08 oz / 2.4 g),0
18619,981,AM2142,Giorgio Armani smooth silk eye pencil,$30.00,5,11,$30.00,Giorgio Armani Smooth Silk Eye Pencil - # 11 1.05g/0.037oz,0
18620,981,AM2143,Giorgio Armani smooth silk eye pencil,$30.00,5,12,$30.00,Giorgio Armani Smooth Silk Eye Pencil - # 12 Brown 1.05g/0.037oz,0
18682,1115,AM2338,Too Faced sweethearts perfect flush blush,$30.00,Candy Glow,Candy Glow,$32.95,Too Faced Sweethearts Perfect Flush Blush - Candy Glow Blush,1
29576,1130,AM2379,Dior diorskin nude skin perfecting hydrating concealer,$34.00,Beige 002,Beige 002,$25.38,Christian Dior Diorskin Nude Skin Perfecting Hydrating Concealer - # 002 Beige 10ml/0.33oz,1
29626,1132,AM2393,Dior diorskin nude skin perfecting hydrating concealer,$34.00,Ivory 001,Ivory 001,$34.93,Christian Dior Diorskin Nude Skin Perfecting Hydrating Concealer # 001 Ivory,1
34303,1302,AM0236,bareMinerals secret weapon trade correcting concealer touch up veil duo,$29.00,Light 1,Light 1,$28.99,BareMinerals Secret Weapon Correcting Concealer and Touch Up Veil Duo Light 1,1
34326,1303,AM5011,bareMinerals secret weapon trade correcting concealer touch up veil duo,$29.00,Light 2,Light 2,$20.44,BareMinerals Secret Weapon Correcting Concealer and Touch Up Veil Duo Light 2,1
18777,1487,AM3474,CLINIQUE even better makeup spf 15,$27.00,Amber,Amber,$7.49,Clinique Even Better Makeup Broad Spectrum Spf 15 Evens and Corrects 13 Amber (O/d-g)15ml,1
18858,1488,AM3491,CLINIQUE even better makeup spf 15,$27.00,Beige,Porcelein Beige,$36.50,Clinique Even Better Makeup SPF 15 Evens and Corrects 11 Porcelain Beige (MF-N),0
18866,1488,AM3503,CLINIQUE even better makeup spf 15,$27.00,Beige,Beige,$38.00,New 2013 Clinique Even Better Compact Makeup Spf 15 ~ BEIGE,1
19299,1493,AM3660,CLINIQUE even better makeup spf 15,$27.00,Cream Caramel,Vanilla,$42.57,New 2013 Clinique Even Better Compact Makeup Spf 15 ~ VANILLA,0
19300,1493,AM3661,CLINIQUE even better makeup spf 15,$27.00,Cream Caramel,Vanilla,$34.40,Clinique Even Better Compact Makeup SPF 15 - # 14 Vanilla (MF-G) 10g/0.35oz,0
19301,1494,AM2297,CLINIQUE even better makeup spf 15,$27.00,Cream Chamois,Amber,$44.57,Clinique Even Better Compact Makeup Broad Spectrum SPF 15 21 Cream Caramel 0.35 oz,0
19302,1494,AM3474,CLINIQUE even better makeup spf 15,$27.00,Cream Chamois,Ivory,$7.49,Clinique Even Better Makeup Broad Spectrum Spf 15 Evens and Corrects 13 Amber (O/d-g)15ml,0
19725,1499,AM3582,CLINIQUE even better makeup spf 15,$27.00,Ginger,Ivory,$12.99,Clinique Even Better Makeup SPF 15 #03 Ivory 0.15oz/15ml (Promo Size),0
19726,1499,AM3583,CLINIQUE even better makeup spf 15,$27.00,Ginger,Ivory,$45.06,New 2013 Clinique Even Better Compact Makeup Spf 15 ~ IVORY,0
20950,1515,AM3661,CLINIQUE even better makeup spf 15,$27.00,Vanilla,Vanilla,$34.40,Clinique Even Better Compact Makeup SPF 15 - # 14 Vanilla (MF-G) 10g/0.35oz,1
34433,1570,AM3738,MAKE UP FOR EVER pro finish multi use powder foundation,$36.00,118 Neutral Beige,Neutral Amber,$41.46,Make Up For Ever Pro Finish Multi Use Powder Foundation # 173 Neutral Amber 10G/0.35Oz,0
34434,1570,AM3741,MAKE UP FOR EVER pro finish multi use powder foundation,$36.00,118 Neutral Beige,Neutral Saffron,$48.40,Make Up For Ever Pro Finish Multi Use Powder Foundation - # 174 Neutral Saffron 10g/0.35oz,0
34435,1571,AM3715,MAKE UP FOR EVER pro finish multi use powder foundation,$36.00,120 Neutral Ivory,Neutral Beige,$51.00,Make Up For Ever Pro Finish Multi Use Powder Foundation - # 118 Neutral Beige 10g/0.35oz,0
34436,1571,AM3723,MAKE UP FOR EVER pro finish multi use powder foundation,$36.00,120 Neutral Ivory,Neutral Sand,$51.75,Make Up For Ever Pro Finish Multi Use Powder Foundation - # 128 Neutral Sand 10g/0.35oz,0
20964,1604,AM3758,NARS all day luminous weightless foundation,$48.00,Barcelona,Barcelona,$48.00,"NARS All Day Luminous Weightless Foundation, shade=Barcelona",1
21100,1608,AM3787,NARS all day luminous weightless foundation,$48.00,Deauville,New Orleans,$48.00,"NARS All Day Luminous Weightless Foundation, shade=New Orleans",0
21101,1608,AM3789,NARS all day luminous weightless foundation,$48.00,Deauville,Punjab,$65.00,"NARS All Day Luminous Weightless Foundation Shade Punjab Medium 1 - Medium with golden, peachy undertones 30ml",0
21248,1613,AM3783,NARS all day luminous weightless foundation,$48.00,Mont Blanc,Mont Blanc,$48.00,"NARS All Day Luminous Weightless Foundation, shade=Mont Blanc",1
21342,1616,AM3791,NARS all day luminous weightless foundation,$48.00,Punjab,Punjab,$48.00,NARS All Day Luminous Weightless Foundation (PUNJAB),1
29722,1627,AM3834,Hourglass extreme sheen high shine lip gloss,$28.00,Child,Verse,$39.00,Hourglass Extreme Sheen High Shine Lip Gloss Verse,0
29723,1627,AM3835,Hourglass extreme sheen high shine lip gloss,$28.00,Child,Truth,$41.35,Hourglass Extreme Sheen High Shine Lip Gloss Truth,0
29724,1628,AM3813,Hourglass extreme sheen high shine lip gloss,$28.00,Fortune,Fortune,$43.99,Hourglass Extreme Sheen High Shine Lip Gloss Fortune,1
29725,1628,AM3814,Hourglass extreme sheen high shine lip gloss,$28.00,Fortune,Child,$40.90,Hourglass Extreme Sheen High Shine Lip Gloss Child,0
34834,1644,AM3945,Bobbi Brown long wear even finish foundation spf 15,$48.00,Cool Beige,Warm Walnut,$59.76,Bobbi Brown Long Wear Even Finish Foundation SPF 15 - # 7.5 Warm Walnut - 30ml/1oz,0
34835,1644,AM3946,Bobbi Brown long wear even finish foundation spf 15,$48.00,Cool Beige,Warm Walnut,$57.00,Bobbi Brown Long Wear Even Finish Foundation SPF 15 - # 7.5 Warm Walnut 30ml/1oz,0
34836,1645,AM3837,Bobbi Brown long wear even finish foundation spf 15,$48.00,Espresso,Warm Almond,$52.73,Bobbi Brown Long Wear Even Finish Foundation SPF 15 - # 6.5 Warm Almond - 30ml/1oz,0
34837,1645,AM3843,Bobbi Brown long wear even finish foundation spf 15,$48.00,Espresso,Chestnut,$57.00,Bobbi Brown Long Wear Even Finish Foundation SPF 15 - # 9 Chestnut 30ml/1oz,0
35176,1653,AM3945,Bobbi Brown long wear even finish foundation spf 15,$48.00,Warm Almond,Warm Walnut,$59.76,Bobbi Brown Long Wear Even Finish Foundation SPF 15 - # 7.5 Warm Walnut - 30ml/1oz,0
35177,1653,AM3946,Bobbi Brown long wear even finish foundation spf 15,$48.00,Warm Almond,Warm Walnut,$57.00,Bobbi Brown Long Wear Even Finish Foundation SPF 15 - # 7.5 Warm Walnut 30ml/1oz,0
35178,1654,AM3837,Bobbi Brown long wear even finish foundation spf 15,$48.00,Warm Beige,Warm Almond,$52.73,Bobbi Brown Long Wear Even Finish Foundation SPF 15 - # 6.5 Warm Almond - 30ml/1oz,0
35179,1654,AM3843,Bobbi Brown long wear even finish foundation spf 15,$48.00,Warm Beige,Chestnut,$57.00,Bobbi Brown Long Wear Even Finish Foundation SPF 15 - # 9 Chestnut 30ml/1oz,0
35366,1658,AM3945,Bobbi Brown long wear even finish foundation spf 15,$48.00,Warm Sand,Warm Walnut,$59.76,Bobbi Brown Long Wear Even Finish Foundation SPF 15 - # 7.5 Warm Walnut - 30ml/1oz,0
35367,1658,AM3946,Bobbi Brown long wear even finish foundation spf 15,$48.00,Warm Sand,Warm Walnut,$57.00,Bobbi Brown Long Wear Even Finish Foundation SPF 15 - # 7.5 Warm Walnut 30ml/1oz,0
35368,1659,AM3837,Bobbi Brown long wear even finish foundation spf 15,$48.00,Warm Walnut,Warm Almond,$52.73,Bobbi Brown Long Wear Even Finish Foundation SPF 15 - # 6.5 Warm Almond - 30ml/1oz,0
35369,1659,AM3843,Bobbi Brown long wear even finish foundation spf 15,$48.00,Warm Walnut,Chestnut,$57.00,Bobbi Brown Long Wear Even Finish Foundation SPF 15 - # 9 Chestnut 30ml/1oz,0
14209,1687,AM4001,Smashbox halo hydrating perfecting powder,$22.00,Light/ Medium,Light/Medium,$39.99,"smashbox Halo Hydrating Perfecting Powder, Light/Medium, .50 oz.",1
21690,1805,AM4172,Buxom big sexy bold gel lipstick,$22.00,Coral Confession,Coral Confession,$46.00,Buxom Big & Sexy Bold Gel Lipstick (Coral Confession),1
21777,1812,AM4179,Buxom big sexy bold gel lipstick,$22.00,Guilty Angel,Guilty Angel,$47.80,Buxom Big & Sexy Bold Gel Lipstick (Guilty Angel),1
