ID_A,ID_B,Flag,Title_A,Title_B,Directors_A,Directors_B,Year_A,Year_B
622,2033,,Bessie,Ghajini,Dee Rees,A.R. Murugadoss,2015.0,2008
3496,5152,,Gone With the Wind,Jungle Warriors,"Victor Fleming,George Cukor,Sam Wood,William Cameron Menzies,Sidney Franklin",Ernst R. von Theumer,1939.0,1984
387,2674,,Prince,Balls Deep,Sam de Jong,John Ta,2015.0,2004
95,2902,,Perfume: The Story of a Murderer,Reign of Fire,Tom Tykwer,Rob Bowman,2007.0,2002
3201,6714,,Monsieur Hire,Tarzan and the Leopard Woman,Patrice Leconte,Kurt Neumann,1989.0,1946
2130,3254,,Sundance shorts 2012,Digimon: The Movie,,Mamoru Hosoda,2012.0,2000
2323,1831,,Seven Days in Slow Motion,Merantau,,Gareth Evans,2010.0,2009
2666,1468,,Looking for Eric,A Better Tomorrow,Ken Loach,Hae-sung Song,2009.0,2010
3286,4128,,Harakiri,TC 2000,,T.J. Scott,1962.0,1993
992,3529,,Hector and the Search for Happiness,Con Air,Peter Chelsom,Simon West,2014.0,1997
981,5776,,A Good Marriage,The Candy Tangerine Man,Peter Askin,Matt Cimber,2014.0,1975
277,4446,,Ellie Parker,Peacemaker,,Kevin Tenney,2005.0,1990
2995,4201,,Tropic Thunder,Maximum Force,Ben Stiller,Joseph Merhi,2008.0,1992
1722,6472,,Reincarnated,The Mask of the Gorilla,Andy Capper,Bernard Borderie,2013.0,1958
906,635,,Jessabelle,The Young and Prodigious T.S. Spivet,Kevin Greutert,Jean-Pierre Jeunet,2014.0,2013
2314,3873,,Monsters,Street Law,,Damian Lee,2010.0,1995
955,5297,,The Best of Me,Star Trek II: The Wrath of Khan,Michael Hoffman,Nicholas Meyer,2014.0,1982
165,3794,,The Death of Mr. Lazarescu,Bad Boys,Cristi Puiu,Michael Bay,2006.0,1995
1846,3707,,About Cherry,Hindustani,Stephen Elliott,S. Shankar,2012.0,1996
2798,4710,,Sin Nombre,Last Platoon,,Ignazio Dolce,2009.0,1988
2308,3671,,Unstoppable,Bullet,Tony Scott,Julien Temple,2010.0,1996
3281,4980,,Contact,Thrashin',Robert Zemeckis,David Winters,1997.0,1986
3433,6572,,Fargo,Woman They Almost Lynched,Joel Coen,Allan Dwan,1996.0,1953
588,1311,,Testament of Youth,Poongsan,James Kent,Jai-hong Juhn,2015.0,2011
173,3178,,"Sorry, Haters",Romeo Must Die,,Andrzej Bartkowiak,2006.0,2000
1878,2869,,Wreck-It Ralph,Nangman jagaek,,JK Youn,2012.0,2003
3428,4008,,Manhattan,Unveiled,Woody Allen,William Cole,1979.0,1994
610,6479,,The Ocean of Helena Lee,The Devil's Hairpin,Jim Akin,Cornel Wilde,2015.0,1957
301,5244,,Inherit the Wind,Winners & Sinners,,Sammo Kam-Bo Hung,1960.0,1983
1197,232,,The Sacrament,Persecuted,Ti West,Daniel Lusko,2014.0,2014
337,4298,,Dark City,Guyver,Alex Proyas,Screaming Mad George,1998.0,1991
2614,4279,,Old Dogs,Hei mao,Walt Becker,Stephen Shin,2009.0,1991
2604,4405,,Pirate Radio,The Dark Side of the Moon,,D.J. Webster,2009.0,1990
113,2676,,Broken English,The Defender,,Dolph Lundgren,2007.0,2004
1182,4400,,Lucky Them,Blood Games,Megan Griffiths,Tanya Rosenberg,2014.0,1990
3078,1358,,Let's Get Lost,How to Steal 2 Million,Bruce Weber,Charlie Vundla,2008.0,2011
1237,2337,,HairBrained,The Covenant,Billy Kent,Renny Harlin,2014.0,2006
1524,112,,Rush,War Pigs,Ron Howard,Ryan Little,2013.0,2015
2665,572,,Coco Before Chanel,The World's End,Anne Fontaine,Edgar Wright,2009.0,2013
1619,6804,,Copperhead,Bulldog Drummond's Bride,Ronald F. Maxwell,James P. Hogan,2013.0,1939
3021,2025,,The Incredible Hulk,Albakiara,Louis Leterrier,Stefano Salvati,2008.0,2008
2340,1157,,Biutiful,The Hunt,Alejandro Gonzalez Inarritu,Thomas Szczepanski,2011.0,2012
699,4033,,Cut Bank,Full Impact,Matt Shakman,David Huey,2015.0,1993
2793,3177,,Valentino: The Last Emperor,Nautilus,Matt Tyrnauer,Rodney McDonald,2009.0,2000
2958,5592,,A Thousand Years of Good Prayers,Shaolin Mantis,Wayne Wang,Chia-Liang Liu,2008.0,1978
2083,4405,,Man on a Ledge,The Dark Side of the Moon,Asger Leth,D.J. Webster,2012.0,1990
2239,4796,,Higher Ground,American Ninja 2: The Confrontation,Vera Farmiga,Sam Firstenberg,2011.0,1987
1788,934,,The Central Park Five,Easy Money II: Hard to Kill,"Ken Burns,David McMahon,Sarah Burns",Babak Najafi,2012.0,2012
287,692,,Wolf Creek,A Viking Saga: The Darkest Day,,Chris Crow,2005.0,2013
3354,2765,,Mean Streets,The League of Extraordinary Gentlemen,Martin Scorsese,Stephen Norrington,1973.0,2003
1110,5670,,Honour,Deadly Hands of Kung Fu,Shan Khan,Kei Law,2014.0,1977
2195,133,,Stagecoach,Katham Katham,,Babu Thooyavan,1939.0,2015
693,3092,,Ned Rifle,Megiddo: The Omega Code 2,Hal Hartley,Brian Trenchard-Smith,2015.0,2001
1917,1016,,Elles,Tai Chi Zero,Malgoska Szumowska,Stephen Fung,2012.0,2012
2785,2312,,Watchmen,Flyboys,Zack Snyder,Tony Bill,2009.0,2006
1450,4439,,Dear Mr. Watterson,Men at Work,Joel Allen Schroeder,Emilio Estevez,2013.0,1990
2980,1818,,Yella,Chrome Angels,Christian Petzold,Leigh Scott,2008.0,2009
1749,3673,,A Place at the Table,Cadillac Ranch,,Lisa Gottlieb,2013.0,1996
326,4904,,Night Watch,Soldier's Revenge,Timur Bekmambetov,David Worth,2006.0,1986
1216,158,,Locker 13,Far Too Far,"Bruce Dellis,Jason Marsden,Matthew Mebane,Adam Montierth",Justin Hunt,2014.0,2015
2389,1709,,Metropolis,Solomon Kane,Fritz Lang,Michael J. Bassett,1927.0,2009
80,6499,,The Queen,Crashing Las Vegas,Stephen Frears,Jean Yarbrough,2006.0,1956
1943,376,,Unforgiveable,The Anomaly,Andre Techine,Noel Clarke,2012.0,2014
768,3561,,The Boy Next Door,The Maker,Rob Cohen,Tim Hunter,2015.0,1997
1756,5762,,Beyond the Hills,Mehbooba,,Shakti Samanta,2012.0,1976
846,6401,,Private Violence,Queen of the Seas,Cynthia Hill,Umberto Lenzi,2014.0,1961
614,3577,,I Am Big Bird: The Caroll Spinney Story,The Postman,"Dave LaMattina,Chad N. Walker",Kevin Costner,2015.0,1997
244,5134,,Over the Hedge,Cannonball Run II,Tim Johnson,Hal Needham,2006.0,1984
3281,1748,,Contact,District 9,Robert Zemeckis,Neill Blomkamp,1997.0,2009
3284,2614,,"Ivan the Terrible, Parts I & II",King Arthur,,Antoine Fuqua,1958.0,2004
2934,1535,,In Search of a Midnight Kiss,Unrivaled,,Warren P. Sonoda,2008.0,2010
2640,3052,,Araya,Battle Queen 2020,,Daniel D'Or,2010.0,2001
1224,5867,,Dom Hemingway,The Man with the Golden Gun,Richard Shepard,Guy Hamilton,2014.0,1974
987,3630,,The Scribbler,Rurouni Kenshin: Requiem for the Ishin Patriots,John Suits,Tsuji Hajiki,2014.0,1997
98,6616,,Tears of the Black Tiger,Peking Express,,William Dieterle,2007.0,1951
2857,6296,,"Moscow, Belgium",Fireball 500,Christophe van Rompaey,William Asher,2009.0,1966
2393,159,,Splice,God of Thunder,Vincenzo Natali,Thomas Shapiro,2010.0,2015
1473,1926,,Great Expectations,Sarkar Raj,Mike Newell,Ram Gopal Varma,2013.0,2008
3333,3697,,Ace in the Hole,From Dusk Till Dawn,Billy Wilder,Robert Rodriguez,1951.0,1996
3136,2741,,Mishima: A Life in Four Chapters,National Security,Paul Schrader,Dennis Dugan,1985.0,2003
1549,1610,,Captain Phillips,Gintama: The Movie,Paul Greengrass,Shinji Takamatsu,2013.0,2010
915,4393,,Saving Christmas,Another 48 Hrs.,Darren Doane,Walter Hill,2014.0,1990
2311,6845,,White Material,Death in the Air,Claire Denis,Elmer Clifton,2010.0,1936
2941,6382,,La France,Invasion 1700,Serge Bozon,Fernando Cerchio,2007.0,1962
663,1392,,Kidnapping Mr. Heineken,Yang men nu jiang zhi jun ling ru shan,Daniel Alfredson,Frankie Chan,2015.0,2011
2814,5039,,Waiting for Dublin,Day of the Dead,Roger Tucker,George A. Romero,2009.0,1985
609,1738,,Noble,Dragonball: Evolution,Stephen Bradley,James Wong,2015.0,2009
1830,6170,,Samsara,Nora-Neko Rock: Wild Jumbo,Ron Fricke,Toshiya Fujita,2012.0,1970
2210,1986,,Project Nim,Pig Hunt,James Marsh,James Isaac,2011.0,2008
324,1706,,16 Blocks,Monsters vs. Aliens,Richard Donner,Rob Letterman,2006.0,2009
1485,6668,,Baby Peggy: The Elephant in the Room,The Arizona Ranger,Vera Iwerebor,John Rawlins,2013.0,1948
1298,2165,,Heaven Is for Real,Nitro,Randall Wallace,Alain Desrochers,2014.0,2007
1466,6592,,Diana,Radar Men from the Moon,Oliver Hirschbiegel,Fred C. Brannon,2013.0,1952
1597,2576,,The Artist and the Model,Meri Biwi Ka Jawab Nahin,Fernando Trueba,Pankaj Parashar,2013.0,2004
1168,3526,,The Amazing Spider-Man 2,Best Men,Marc Webb,Tamra Davis,2014.0,1997
2740,905,,Julie and Julia,Money Fight,Nora Ephron,Adam Boster,2009.0,2012
876,5697,,The Color of Time,Drum,"Edna Luise Biesold,Sarah-Violet Bliss,Gabrielle Demeestere,Alexis Gambis,Brooke Goldfinch,Shripriya Mahesh,Pamela Romanowsky,Bruce Thierry Cheung,Tine Thomasen,Virginia Urreiztieta,Omar Zúñiga Hidalgo,Shruti Ganguly",Steve Carver,2014.0,1976
1468,682,,Dallas Buyers Club,Alien Battlefield,Jean-Marc Vallée,Thomas Dixon,2013.0,2013
1637,398,,Passion,Persecuted,Brian De Palma,Benjamin Bondar,2013.0,2014
364,2186,,In the Game,Diamond Dogs,Maria Finitzo,Shimon Dotan,2015.0,2007
1587,2310,,The Lifeguard,The Champagne Gang,Liz W. Garcia,Daniel Zirilli,2013.0,2006
358,92,,Labyrinth of Lies,SWAT: Unit 887,Giulio Ricciarelli,Timothy Woodward Jr.,2015.0,2015
2567,5754,,The Ghost Writer,Karate Warriors,Roman Polanski,Kazuhiko Yamaguchi,2010.0,1976
2331,616,,Country Strong,House of Blood,,John Rusnak,2010.0,2013
2788,188,,Silent Light,Double Barrel,,Lijo Jose Pellissery,2009.0,2015
220,5467,,Ripley's Game,The Black Hole,,Gary Nelson,2002.0,1979
384,2960,,The Man from U.N.C.L.E.,The Crocodile Hunter: Collision Course,Guy Ritchie,John Stainton,2015.0,2002
354,6779,,99 Homes,A Yank in the R.A.F.,Ramin Bahrani,Henry King,2015.0,1941
2715,4304,,Inglourious Basterds,Hong fu qi tian,,Clifton Ko,2009.0,1991
2563,5654,,Happy Tears,Speedtrap,,Earl Bellamy,2010.0,1977
850,2053,,White Bird in a Blizzard,Captive,Gregg Araki,Aleksey Uchitel,2014.0,2008
693,1872,,Ned Rifle,Night of the Living Dead: Reanimated,Hal Hartley,Mike Schneider,2015.0,2009
357,3368,,The Walk,Vaastav: The Reality,Robert Zemeckis,Mahesh Manjrekar,2015.0,1999
2969,1106,,Speed Racer,Shark Week,,Christopher Ray,2008.0,2012
454,6060,,Southpaw,Fang Shi Yu,Antoine Fuqua,Yang Ming Tsai,2015.0,1972
122,2711,,The Real Dirt on Farmer John,Hulchul,,Priyadarshan,2007.0,2004
2658,2806,,Capitalism: A Love Story,Undead,,Michael Spierig,2009.0,2003
849,3590,,Life of Riley,Strategic Command,Alain Resnais,Rick Jacobson,2014.0,1997
572,2655,,The Human Centipede 3,I Proud to Be an Indian,Tom Six,Puneet Sira,2015.0,2004
2157,4826,,Mission: Impossible -- Ghost Protocol,Iron Warrior,Brad Bird,Alfonso Brescia,2011.0,1987
287,3493,,Wolf Creek,Ben Delubyo,,Ike Jarlego Jr.,2005.0,1998
280,4418,,Breakfast on Pluto,Flashback,,Franco Amurri,2005.0,1990
111,1392,,Hairspray,Yang men nu jiang zhi jun ling ru shan,Adam Shankman,Frankie Chan,2007.0,2011
417,4543,,The Perfect Guy,Easy Wheels,David M. Rosenthal,David O'Malley,2015.0,1989
1240,4245,,Stalingrad,The Swordsman,Fedor Bondarchuk,Michael Kennedy,2013.0,1992
772,5914,,Mortdecai,Tie wa,David Koepp,Wei Lo,2015.0,1973
65,1324,,Little Miss Sunshine,Bomb Squad,"Jonathan Dayton,Valerie Farris",Nick Chamberlin,2006.0,2011
1603,502,,Chennai Express,Ajith,Rohit Shetty,Mahesh Babu,2013.0,2014
1937,4881,,The Bourne Legacy,They Call Me Renegade,,Enzo Barboni,2012.0,1987
2541,5427,,The Good Heart,Schizoid,,David Paulsen,2010.0,1980
1801,299,,Somewhere Between,1,Linda Goldstein Knowlton,Sukumar,2013.0,2014
1197,1747,,The Sacrament,H2O Extreme,Ti West,William Scharpf,2014.0,2009
2555,1409,,Percy Jackson & the Olympians: The Lightning Thief,Sebastian,Chris Columbus,Gregori J. Martin,2010.0,2011
461,6527,,The Overnight,The Adventures of Hajji Baba,Patrick Brice,Don Weis,2015.0,1954
3349,4432,,Taxi Driver,The Last of the Finest,Martin Scorsese,John Mackenzie,1976.0,1990
3391,2116,,The Thin Man,White Air,,U. Wolfgang Wagenknecht,1934.0,2007
651,5286,,Danny Collins,Kung Fu Cannibals,Dan Fogelman,Edward D. Murphy,2015.0,1982
882,6065,,Goodbye to All That,Brutal Boxer,Angus MacLachlan,Shan Kwan,2014.0,1972
897,91,,Revenge of the Mekons,The Assassin,Joe Angio,Hsiao-Hsien Hou,2014.0,2015
2243,3720,,Chasing Madoff,Muppet Treasure Island,,Brian Henson,2011.0,1996
43,1928,,30 Days of Night,Chinaman's Chance: America's Other Slaves,David Slade,Aki Aleong,2007.0,2008
1150,1938,,The Immigrant,Gangster's Paradise: Jerusalema,James Gray,Ralph Ziman,2014.0,2008
2425,5823,,The Kids Are All Right,Gynaikes pou zitousan ton erota,,Ilias Mylonakos,2010.0,1975
2823,1797,,The Silence,Dossier K.,,Jan Verheyen,1963.0,2009
2473,493,,Eat Pray Love,Irumbu Kuthirai,Ryan Murphy,Yuvaraj Bose,2010.0,2014
456,1827,,Rubble Kings,Kara no Kyoukai: The Garden of Sinners - A Study in Murder - Part 2,Shan Nicholson,Shinsuke Takizawa,2015.0,2009
1126,3330,,Walk of Shame,Gigantics,Steven Brill,Sebastian Schipper,2014.0,1999
432,4915,,Freeheld,Amazons,Peter Sollett,Alejandro Sessa,2015.0,1986
60,2431,,Lady in the Water,Unleashed,,Louis Leterrier,2006.0,2005
1293,6155,,Hateship Loveship,Too Late the Hero,Liza Johnson,Robert Aldrich,2014.0,1970
2978,6859,,Swing Vote,The Count of Monte Cristo,Joshua Michael Stern,Rowland V. Lee,2008.0,1934
2493,3717,,Our Family Wedding,Rebirth of Mothra,Rick Famuyiwa,Okihiro Yoneda,2010.0,1996
740,1020,,American Sniper,El Gringo,Clint Eastwood,Eduardo Rodriguez,2014.0,2012
2741,6870,,"Yoo-Hoo, Mrs. Goldberg",Somewhere in Sonora,,Mack V. Wright,2009.0,1933
562,5673,,Reality,Sudden Death,Quentin Dupieux,Eddie Romero,2015.0,1977
376,4565,,Bloodsucking Bastards,L.A. Bounty,Brian James O'Connell,Worth Keeter,2015.0,1989
1380,2406,,24 Exposures,Vasthavam,Joe Swanberg,M. Padmakumar,2014.0,2006
3189,5220,,Rails & Ties,Metalstorm: The Destruction of Jared-Syn,Alison Eastwood,Charles Band,2007.0,1983
1228,928,,Alien Abduction,Premium Rush,Matty Beckerman,David Koepp,2014.0,2012
693,2279,,Ned Rifle,Dishdogz,Hal Hartley,Mikey Hilb,2015.0,2006
2252,2296,,Weekend,Dhoom 2,,Sanjay Gadhvi,2011.0,2006
265,4668,,Syriana,Terror Squad,,Peter Maris,2005.0,1988
2224,1088,,Terri,Maattrraan,Azazel Jacobs,Anand K.V.,2011.0,2012
799,4567,,Kingsman: The Secret Service,The Last Warrior,Matthew Vaughn,Martin Wragge,2015.0,1989
2333,1289,,The Illusionist,Dragon,Sylvain Chomet,Peter Chan,2011.0,2011
1473,3882,,Great Expectations,Under the Hula Moon,Mike Newell,Jeff Celentano,2013.0,1995
2244,4964,,Love Crime,The Naked Cage,Alain Corneau,Paul Nicholas,2011.0,1986
1288,4094,,The Galapagos Affair: Satan Came to Eden,Once Upon a Time in China IV,"Daniel Geller,Dayna Goldfine",Bun Yuen,2014.0,1993
633,1621,,The Mind of Mark DeFriest,Singam,Gabriel London,Hari,2015.0,2010
2916,2099,,Blindness,The Condemned,Fernando Meirelles,Scott Wiper,2008.0,2007
2842,5914,,The Uninvited,Tie wa,"Charles,Thomas Guard",Wei Lo,2009.0,1973
1944,1461,,The Odd Life of Timothy Green,You Have the Right to Remain Violent,,Roberto Monticello,2012.0,2010
921,1533,,I Am Eleven,Tracker,,Ian Sharp,2014.0,2010
1218,1643,,It Felt Like Love,Escape from New Jersey,Eliza Hittman,Chris R. Notarile,2014.0,2010
2739,2643,,Harry Potter and the Half-Blood Prince,AVP: Alien vs. Predator,David Yates,Paul W.S. Anderson,2009.0,2004
3092,4845,,Where in the World is Osama bin Laden?,Number One with a Bullet,Morgan Spurlock,Jack Smight,2008.0,1987
1391,2549,,That Awkward Moment,Super,Tom Gormican,Puri Jagannadh,2014.0,2005
538,5773,,Far from the Madding Crowd,Brannigan,Thomas Vinterberg,Douglas Hickox,2015.0,1975
723,1249,,Monkey Kingdom,Cherry Bomb,"Mark Linfield,Alastair Fothergill",Kyle Day,2015.0,2011
291,2917,,Glory Road,All About the Benjamins,James Gartner,Kevin Bray,2006.0,2002
2787,2938,,Knowing,Whacked!,Alex Proyas,James Bruce,2009.0,2002
2946,1535,,Body of Lies,Unrivaled,Ridley Scott,Warren P. Sonoda,2008.0,2010
765,1007,,Cake,The Millionaire Tour,Daniel Barnz,Inon Shampanier,2015.0,2012
434,2911,,Deathgasm,Avenging Angelo,Jason Lei Howden,Martyn Burke,2015.0,2002
1235,2679,,The Bag Man,Night Watch,David Grovic,Timur Bekmambetov,2014.0,2004
1371,2547,,Divorce Corp,Duelist,Joe Sorge,Myung-se Lee,2014.0,2005
2153,6566,,New Year's Eve,Plunder of the Sun,Garry Marshall,John Farrow,2011.0,1953
1837,1507,,Liberal Arts,Wushu Warrior,,Alain Desrochers,2012.0,2010
3531,6501,,Psycho,The Great Locomotive Chase,Alfred Hitchcock,Francis D. Lyon,1960.0,1956
1934,4112,,The Queen of Versailles,The Program,Lauren Greenfield,David S. Ward,2012.0,1993
285,2605,,Cape of Good Hope,Latin Dragon,Mark Bamford,Scott Thomas,2006.0,2004
1196,5395,,Borgman,Bronco Billy,Alex van Warmerdam,Clint Eastwood,2014.0,1980
66,5038,,The Night Listener,Commando,Patrick Stettner,Mark L. Lester,2006.0,1985
2810,5685,,Brothers at War,Shao Lin men,Jake Rademacher,John Woo,2009.0,1976
1405,2282,,Ghost Team One,Princess,"Scott Rutherford,Ben Peyser",Anders Morgenthaler,2013.0,2006
1603,5419,,Chennai Express,The Kidnapping of the President,Rohit Shetty,George Mendeluk,2013.0,1980
2252,3848,,Weekend,Full Throttle,,Tung-Shing Yee,2011.0,1995
429,2914,,Captive,Dead Heat,Jerry Jameson,Mark Malone,2015.0,2002
2035,2157,,Boy,Dororo,,Akihiko Shiota,2012.0,2007
92,5979,,Jonestown: The Life and Death of Peoples Temple,Wonder Women,Stanley Nelson,Robert Vincent O'Neill,2006.0,1973
3102,4323,,There Will Be Blood,Night of the Warrior,,Rafal Zielinski,2008.0,1991
2103,6795,,Melancholia,The Sea Hawk,Lars von Trier,Michael Curtiz,2011.0,1940
3379,4794,,The Big Heat,Project A 2,Fritz Lang,Jackie Chan,1953.0,1987
2941,5435,,La France,The Stunt Man,Serge Bozon,Richard Rush,2007.0,1980
1657,2946,,Andre Gregory: Before and After Dinner,Company,Cindy Kleine,Ram Gopal Varma,2013.0,2002
2631,1804,,Nine,Road of No Return,Rob Marshall,Parviz Saghizadeh,2009.0,2009
3445,133,,Un Chien Andalou,Katham Katham,,Babu Thooyavan,1928.0,2015
3040,5595,,Jellyfish,Uranium Conspiracy,"Etgar Keret,Shira Geffen",Gianfranco Baldanello,2008.0,1978
1078,2598,,The Expendables 3,Torque,Patrick Hughes,Joseph Kahn,2014.0,2004
2758,1729,,Tyson,Race to Witch Mountain,James Toback,Andy Fickman,2009.0,2009
589,1010,,Hungry Hearts,Hatt's Creek,Saverio Costanzo,Micheal Bafaro,2015.0,2012
517,6477,,Cartel Land,China Gate,Matthew Heineman,Samuel Fuller,2015.0,1957
2618,2007,,The New Year Parade,Banshee!!!,,Colin Theys,2009.0,2008
3200,6769,,The Pledge,Stand by for Action,Sean Penn,Robert Z. Leonard,2001.0,1942
1491,1851,,Detroit Unleaded,Red & White,Rola Nashef,Yadi Sugandi,2013.0,2009
1015,6548,,Last Days in Vietnam,Ambush at Tomahawk Gap,Rory Kennedy,Fred F. Sears,2014.0,1953
1532,1341,,Phata Poster Nikhla Hero,The Lion of Punjab,Rajkumar Santoshi,Guddu Dhanoa,2013.0,2011
1093,1179,,La Bare,The Legend of Awesomest Maximus,Joe Manganiello,Jeff Kanew,2014.0,2011
921,5099,,I Am Eleven,L.A. Streetfighters,,Woo-sang Park,2014.0,1985
3155,1568,,Werckmeister Harmonies,Rocksteady,Agnes Hranitzky,Mustapha Khan,2000.0,2010
2562,2285,,Shutter Island,A New Wave,Martin Scorsese,Jason Carvey,2010.0,2006
2445,6780,,The Town,All Through the Night,Ben Affleck,Vincent Sherman,2010.0,1941
3106,2281,,The Namesake,Snakes on a Plane,Mira Nair,David R. Ellis,2006.0,2006
3140,3186,,Walk Hard: The Dewey Cox Story,Fortress 2,Jake Kasdan,Geoff Murphy,2007.0,2000
2943,5527,,Sixty Six,Crippled Masters,Paul Weiland,Kei Law,2008.0,1979
2712,2488,,In a Lonely Place,Soul Searcher,,Neil Oseman,1950.0,2005
2358,1444,,Drive Angry 3D,Centurion,Patrick Lussier,Neil Marshall,2011.0,2010
1974,513,,The Invisible War,Elimination Game,,Jon Hewitt,2012.0,2014
2113,542,,Le Havre,Hostile,,Nathan Ambrosioni,2011.0,2014
139,2569,,Stephanie Daley,Fart,,Roman Khrushch,2007.0,2005
2614,6820,,Old Dogs,Tarzan and the Green Goddess,Walt Becker,Edward A. Kull,2009.0,1938
1520,2316,,Gravity,Evil Behind You,Alfonso Cuarón,Jim Carroll,2013.0,2006
993,4373,,Through a Lens Darkly: Black Photographers and the Emergence of a People,Dragon Ball Z: Cooler's Revenge,Thomas Allen Harris,Mitsuo Hashimoto,2014.0,1991
2393,1436,,Splice,Robin Hood,Vincenzo Natali,Ridley Scott,2010.0,2010
2312,2481,,Harry Potter and the Deathly Hallows: Part 1,Chaos,David Yates,Tony Giglio,2010.0,2005
438,1265,,Partisan,Jesse,Ariel Kleiman,Fred Carpenter,2015.0,2011
3006,2943,,Hellboy II: The Golden Army,The Transporter,Guillermo Del Toro,Louis Leterrier,2008.0,2002
759,3677,,Gangs of Wasseypur,Courage Under Fire,Anurag Kashyap,Edward Zwick,2015.0,1996
1367,310,,Elaine Stritch: Shoot Me,The November Man,Chiemi Karasawa,Roger Donaldson,2014.0,2014
3034,4599,,Surfwise,Violent Cop,Doug Pray,Takeshi Kitano,2008.0,1989
2741,6191,,"Yoo-Hoo, Mrs. Goldberg",The Italian Job,,Peter Collinson,2009.0,1969
1177,2487,,The Big Ask,Flightplan,"Thomas Beatty,Rebecca Fishman",Robert Schwentke,2014.0,2005
1989,6444,,Rock of Ages,Up Periscope,Adam Shankman,Gordon Douglas,2012.0,1959
2574,6661,,Diary of a Wimpy Kid,Tarzan's Magic Fountain,Thor Freudenthal,Lee Sholem,2010.0,1949
3045,6602,,Roman de Gare,Wagons West,,Ford Beebe,2008.0,1952
69,4159,,The Illusionist,Scorpion King,,David Lai,2006.0,1992
3077,220,,Married Life,Outcast,Ira Sachs,Nick Powell,2008.0,2014
3340,5407,,Sansho the Bailiff,The Exterminator,Kenji Mizoguchi,James Glickenhaus,1954.0,1980
3029,4411,,Mongol,Die Hard 2,Sergei Bodrov,Renny Harlin,2008.0,1990
373,1632,,The Transporter Refueled,City Under Siege,Camille Delamarre,Benny Chan,2015.0,2010
3440,5315,,Greed,Shaolin Prince,,Chia Tang,1925.0,1982
2105,2749,,Shadow of a Doubt,Daredevil,Alfred Hitchcock,Mark Steven Johnson,1943.0,2003
3105,3197,,Atonement,The Patriot,Joe Wright,Roland Emmerich,2007.0,2000
1289,1396,,Oculus,Ang Panday 2,Mike Flanagan,Mac Alejandre,2014.0,2011
1200,1998,,The Fault in Our Stars,Journal of a Contract Killer,Josh Boone,Tony Maylam,2014.0,2008
2909,2405,,The Day the Earth Stood Still,Aachi and Ssipak,Scott Derrickson,Jo Beom-jin,2008.0,2006
3411,763,,Juliet of the Spirits,Dracula: The Impaler,,Derek Hockenbrough,1965.0,2013
741,1612,,The Gambler,The Big Tits Dragon,Rupert Wyatt,Takao Nakano,2014.0,2010
1572,14,,GMO OMG,Landmine Goes Click,Jeremy Seifert,Levan Bakhia,2013.0,2015
2567,5793,,The Ghost Writer,Disciples of Shaolin,Roman Polanski,Cheh Chang,2010.0,1975
801,827,,Queen and Country,Policegiri,John Boorman,K.S. Ravikumar,2015.0,2013
674,959,,Amour fou,Alex Cross,Jessica Hausner,Rob Cohen,2015.0,2012
953,4515,,Camp X-Ray,Lady Terminator,Peter Sattler,H. Tjut Djalil,2014.0,1989
974,4579,,"Men, Women & Children",Next of Kin,Jason Reitman,John Irvin,2014.0,1989
2765,4179,,Little Ashes,Desert Kickboxer,Paul Morrison,Isaac Florentine,2009.0,1992
3395,1676,,Solaris,Re-Generator,,Olivier Gruner,1972.0,2010
3126,5775,,What Ever Happened to Baby Jane?,Bucktown,,Arthur Marks,1962.0,1975
409,1277,,Sleeping with Other People,Jasper,Leslye Headland,Nathan Hill,2015.0,2011
959,1124,,The Maze Runner,Dorothy and the Witches of Oz,Wes Ball,Leigh Scott,2014.0,2012
2005,6370,,Wrath of the Titans,From Russia with Love,Jonathan Liebesman,Terence Young,2012.0,1963
38,914,,Shut Up and Sing,Bullet to the Head,"Barbara Kopple,Cecilia Peck",Walter Hill,2007.0,2012
3501,5375,,The Night of the Hunter,Krodhi,,Subhash Ghai,1955.0,1981
2537,1499,,The Human Centipede,Soldiers,,Jean-Claude Van Damme,2010.0,2010
382,5896,,Dirty Weekend,Five Shaolin Masters,Neil Labute,Cheh Chang,2015.0,1974
1173,4106,,Belle,Ninja Scroll,Amma Asante,Yoshiaki Kawajiri,2014.0,1993
823,1762,,Preservation,Ninja,Christopher Denham,Isaac Florentine,2015.0,2009
1071,6032,,Jealousy,The Jerusalem File,Philippe Garrel,John Flynn,2014.0,1972
3119,226,,Jumper,Vampire Academy,Doug Liman,Mark Waters,2008.0,2014
3267,1658,,Mystery Train,Kandahar,,Major Ravi,1989.0,2010
1929,240,,Step Up Revolution,Red Sky,Scott Speer,Mario Van Peebles,2012.0,2014
949,2878,,Addicted,Spider-Man,Bille Woodruff,Sam Raimi,2014.0,2002
2401,2575,,Around a Small Mountain,Kebab Connection,Jacques Rivette,Anno Saul,2010.0,2004
2446,4496,,Jack Goes Boating,Bandh Darwaza,Philip Seymour Hoffman,Shyam Ramsay,2010.0,1990
248,810,,Bee Season,Rigor Mortis,"Scott McGehee,David Siegel",Juno Mak,2005.0,2013
3094,2048,,Chapter 27,Kuruvi,,Dharani,2008.0,2008
2872,2056,,The Boy in the Striped Pajamas,The Tsunami Warrior,,Nonzee Nimibutr,2008.0,2008
96,5097,,Letters from Iwo Jima,Year of the Dragon,Clint Eastwood,Michael Cimino,2007.0,1985
1038,6143,,Persecuted,Figures in a Landscape,Daniel Lusko,Joseph Losey,2014.0,1970
2931,365,,Frozen River,Jurassic City,,Sean Cain,2008.0,2014
1491,4785,,Detroit Unleaded,The Danger Zone,Rola Nashef,Henry Vernon,2013.0,1987
2400,5637,,The Wild Hunt,Executioners from Shaolin,Alexandre Franchi,Chia-Liang Liu,2010.0,1977
1204,2168,,Yves Saint Laurent,Delta Farce,Jalil Lespert,C.B. Harding,2014.0,2007
1028,4483,,Rich Hill,Quigley Down Under,"Tracy Droz Tragos,Andrew Droz Palermo",Simon Wincer,2014.0,1990
1761,5013,,Parker,The Shogunate's Harem,Taylor Hackford,Noribumi Suzuki,2013.0,1986
460,2448,,Eden,The Dukes of Hazzard,Mia Hansen-Løve,Jay Chandrasekhar,2015.0,2005
2796,738,,Adventureland,The Heat,,Paul Feig,2009.0,2013
2167,3708,,Red Tails,Jeet,Anthony Hemingway,Raj Kanwar,2012.0,1996
3309,2863,,Ripley's Game,Naechureol siti,,Byung-chun Min,2002.0,2003
1292,1199,,Draft Day,Cornered,Ivan Reitman,Taylor Chien,2014.0,2011
1214,4285,,Muppets Most Wanted,Caged Women,James Bobin,Leandro Lucchetti,2014.0,1991
1318,3093,,Ride Along,Mindstorm,Tim Story,Richard Pepin,2014.0,2001
1991,4089,,Trishna,Gumrah,,Mahesh Bhatt,2012.0,1993
947,6635,,Dracula Untold,Radar Secret Service,Gary Shore,Sam Newfield,2014.0,1950
90,1481,,Fur: An Imaginary Portrait of Diane Arbus,Resident Evil: Afterlife,Steven Shainberg,Paul W.S. Anderson,2006.0,2010
3465,4955,,Amadeus,Let's Get Harry,,Stuart Rosenberg,1984.0,1986
714,5093,,Clouds of Sils Maria,A View to a Kill,Olivier Assayas,John Glen,2015.0,1985
567,3642,,Far from Men,Bloodsport 2,David Oelhoffen,Alan Mehrez,2015.0,1996
2454,3490,,Howl,Shanghai Affairs,,Donnie Yen,2010.0,1998
2258,4037,,Fright Night,Excessive Force,Craig Gillespie,Jon Hess,2011.0,1993
3043,5735,,Body of War,A Small Town in Texas,,Jack Starrett,2008.0,1976
2879,3691,,Australia,Executive Decision,Baz Luhrmann,Stuart Baird,2008.0,1996
455,5860,,Pixels,Hangup,Chris Columbus,Henry Hathaway,2015.0,1974
3529,4269,,The Up Documentaries,Payback,,Russell Solberg,1985.0,1991
2055,6580,,Undefeated,Caribbean,"Daniel Lindsay,T.J. Martin",Edward Ludwig,2012.0,1952
1647,582,,Monsters University,The Human Race,Dan Scanlon,Paul Hough,2013.0,2013
2336,1811,,The Rite,Damage,Mikael Hafstrom,Jeff King,2011.0,2009
872,3410,,Comet,Surface to Air,Sam Esmail,Rodney McDonald,2014.0,1998
2621,6653,,Me and Orson Welles,Ghost of Zorro,Richard Linklater,Fred C. Brannon,2009.0,1949
815,1359,,The Widowmaker,Sneakers,Patrick Forbes,Ivan Vladimirov,2015.0,2011
2559,799,,Ajami,The Hit Girl,,James A. Ward,2010.0,2013
1994,1327,,Brave,Siruthai,"Mark Andrews,Brenda Chapman",Siva,2012.0,2011
482,484,,Big Significant Things,The Lost Legion,Bryan Reisberg,David Kocar,2015.0,2014
2260,2417,,One Lucky Elephant,Fantastic Four,Lisa Leeman,Tim Story,2011.0,2005
62,247,,Scoop,Devil's Mile,,Joseph O'Brien,2006.0,2014
2282,5098,,Real Steel,Heart of a Dragon,Shawn Levy,Sammo Kam-Bo Hung,2011.0,1985
2034,1052,,The Raven,Misfire,James McTeigue,Shan Serafin,2012.0,2012
183,4864,,Slither,Steele Justice,,Robert Boris,2006.0,1987
3025,5534,,The Edge of Heaven,Maula Jat,,Yunus Malik,2008.0,1979
3256,41,,Caché,Doomsday,,Neil Johnson,2006.0,2015
788,6850,,The SpongeBob Movie: Sponge Out of Water,Clive of India,Paul Tibbitt,Richard Boleslawski,2015.0,1935
993,5903,,Through a Lens Darkly: Black Photographers and the Emergence of a People,The Savage Five,Thomas Allen Harris,Cheh Chang,2014.0,1974
1404,3628,,Escape Plan,Dusting Cliff 7,Mikael Håfström,William H. Molina,2013.0,1997
2463,4816,,Dinner for Schmucks,Emmanuelle 5,Jay Roach,Walerian Borowczyk,2010.0,1987
2845,3038,,Taken,Black Friday,Pierre Morel,Darren Doane,2009.0,2001
3336,3497,,Babel,Mard,Alejandro Gonzalez Inarritu,Ganpati Bohra,2006.0,1998
1413,1625,,Oldboy,Golimar,Spike Lee,Puri Jagannadh,2013.0,2010
3248,6179,,"Spring, Summer, Fall, Winter... and Spring",The Assassination Bureau,,Basil Dearden,2003.0,1969
710,784,,The Harvest,Phata Poster Nikhla Hero,John McNaughton,Rajkumar Santoshi,2015.0,2013
1575,6866,,Insidious Chapter 2,Lucky Devils,James Wan,Ralph Ince,2013.0,1933
998,2003,,The Strange Color of Your Body's Tears,Eagle Eye,"Hélène Cattet,Bruno Forzani",D.J. Caruso,2014.0,2008
1224,1742,,Dom Hemingway,Paul Blart: Mall Cop,Richard Shepard,Steve Carr,2014.0,2009
649,1778,,Bluebird,Command Performance,Lance Edmands,Dolph Lundgren,2015.0,2009
1934,1621,,The Queen of Versailles,Singam,Lauren Greenfield,Hari,2012.0,2010
2594,6792,,The Box,North West Mounted Police,,Cecil B. DeMille,2009.0,1940
3491,6259,,Pandora's Box,The Three Fantastic Supermen,,Gianfranco Parolini,1928.0,1967
2388,4790,,Micmacs,From a Whisper to a Scream,Jean-Pierre Jeunet,Jeff Burr,2010.0,1987
2841,671,,Wendy and Lucy,Battle of the Damned,Kelly Reichardt,Christopher Hatton,2009.0,2013
3395,1621,,Solaris,Singam,,Hari,1972.0,2010
537,3533,,Welcome to Me,Dangerous Ground,Shira Piven,Darrell Roodt,2014.0,1997
3381,3210,,The Last Picture Show,The Way of the Gun,Peter Bogdanovich,Christopher McQuarrie,1971.0,2000
2618,251,,The New Year Parade,SEAL Patrol,,Nicolas Aaron Mezzanatto,2009.0,2014
1166,4155,,Decoding Annie Parker,No More Dirty Deals,Steven Bernstein,David J. Schweitzer,2014.0,1993
2416,5659,,Grown Ups,Bloody Monkey Master,Dennis Dugan,Kuan Tai Chen,2010.0,1977
558,295,,The Age of Adaline,Bad Country,Lee Toland Krieger,Chris Brinker,2015.0,2014
861,4148,,The Great Invisible,Gunmen,Margaret Brown,Deran Sarafian,2014.0,1993
563,5746,,Gerontophilia,High Velocity,Bruce LaBruce,Remi Kramer,2015.0,1976
1978,3785,,The Do-Deca-Pentathlon,No Contest,,Paul Lynch,2012.0,1995
2476,3643,,The Red Machine,Electra,,Julian Grant,2010.0,1996
2090,2371,,The Innkeepers,Yo-Yo Girl Cop,,Kenta Fukasaku,2012.0,2006
2017,4866,,Jiro Dreams of Sushi,Superman IV: The Quest for Peace,David Gelb,Sidney J. Furie,2012.0,1987
1120,2679,,Burning Bush,Night Watch,Agnieszka Holland,Timur Bekmambetov,2014.0,2004
576,1186,,Sunshine Superman,Ironclad,Marah Strauch,Jonathan English,2015.0,2011
898,4461,,Concerning Violence,Street Hunter,Göran Olsson,John A. Gallagher,2014.0,1990
3316,6233,,Moonstruck,The Pink Jungle,Norman Jewison,Delbert Mann,1988.0,1968
1601,4016,,Blood,Chain of Command,Nick Murphy,David Worth,2012.0,1994
3011,13,,Cool Hand Luke,Dragon Warriors,,Maclain Nelson,1967.0,2015
2748,3907,,The Informers,Alfredo Lim: Batas ng Maynila,Gregor Jordan,Ramon Jesus Capinpin,2009.0,1995
66,6423,,The Night Listener,Exodus,Patrick Stettner,Otto Preminger,2006.0,1960
1955,103,,Where Do We Go Now?,Bhaag Johnny,Nadine Labaki,Shivam Nair,2012.0,2015
2104,6552,,Revenge of the Electric Car,Cangaceiro,,Lima Barreto,2011.0,1953
752,5202,,Still Life,Angel of H.E.A.T.,Uberto Pasolini,Myrl A. Schreibman,2015.0,1983
1798,1914,,Struck by Lightning,Outlander,Brian Dannelly,Howard McCain,2013.0,2008
2714,1629,,Passing Strange,A Chemical Skyline,Spike Lee,Jason Swinchock,2009.0,2010
2225,3840,,Seven,The Immortals,David Fincher,Brian Grant,1995.0,1995
3413,5426,,House of Games,S+H+E: Security Hazards Expert,,Robert Michael Lewis,1987.0,1980
1714,3841,,Our Irish Cousins,Iron Eagle IV,,Sidney J. Furie,2013.0,1995
1837,990,,Liberal Arts,Agent Hamilton: But Not If It Concerns Your Daughter,,Tobias Falk,2012.0,2012
3364,5832,,The Terrorist,The Wrestler,Santosh Sivan,James A. Westman,2000.0,1974
1475,1530,,How I Live Now,Twelve,Kevin MacDonald,Joel Schumacher,2013.0,2010
930,5388,,The Green Prince,Ten Tigers of Kwangtung,Nadav Schirman,Cheh Chang,2014.0,1980
3401,5559,,The Producers,Don,Mel Brooks,Chandra Barot,1968.0,1978
2622,1137,,Everybody's Fine,Zama Zama,,Vickus Strijdom,2009.0,2012
1548,5838,,Escape from Tomorrow,Black Samson,Randy Moore,Charles Bail,2013.0,1974
3086,1243,,Smart People,Age of the Dragons,Noam Murro,Ryan Little,2008.0,2011
769,967,,Manny,Motorway,"Leon Gast,Ryan Moore",Pou-Soi Cheang,2015.0,2012
1718,734,,The Monk,Richard The Lionheart,Dominik Moll,Stefano Milla,2013.0,2013
2817,1966,,Nothing Like the Holidays,Odysseus: Voyage to the Underworld,Alfredo de Villa,Terry Ingram,2008.0,2008
2924,2869,,"The Godfather, Part II",Nangman jagaek,Francis Ford Coppola,JK Youn,1974.0,2003
2056,4232,,Tim and Eric's Billion Dollar Movie,Year of the Comet,,Peter Yates,2012.0,1992
3369,253,,Crumb,Big Game,Terry Zwigoff,Jalmari Helander,1995.0,2014
1358,2014,,Endless Love,Heroes,Shana Feste,Samir Karnik,2014.0,2008
821,3979,,"Something, Anything",Night of the Archer,Paul Harrill,Paul Nicholas,2015.0,1994
2388,6146,,Micmacs,Hell's Bloody Devils,Jean-Pierre Jeunet,Al Adamson,2010.0,1970
452,1689,,Samba,From Mexico with Love,"Eric Toledano,Olivier Nakache",Jimmy Nickerson,2015.0,2009
2912,6532,,Choke,Garden of Evil,,Henry Hathaway,2008.0,1954
813,5021,,[REC] 4: Apocalypse,Jungle Raiders,Jaume Balagueró,Antonio Margheriti,2015.0,1985
853,1566,,Ouija,Route Irish,Stiles White,Ken Loach,2014.0,2010
2234,5525,,Sholem Aleichem: Laughing in the Darkness,Search and Destroy,,William Fruet,2011.0,1979
920,375,,My Old Lady,Kung Fu Killer,Israel Horovitz,Teddy Chan,2014.0,2014
658,1668,,Maps to the Stars,Haunters,David Cronenberg,Min-suk Kim,2015.0,2010
706,5725,,About Elly,Roma a mano armata,Asghar Farhadi,Umberto Lenzi,2015.0,1976
1966,5144,,I Wish,Flashpoint,,William Tannen,2012.0,1984
1934,3996,,The Queen of Versailles,The Invincibles,Lauren Greenfield,Dominik Graf,2012.0,1994
2785,1632,,Watchmen,City Under Siege,Zack Snyder,Benny Chan,2009.0,2010
38,1143,,Shut Up and Sing,Hero,"Barbara Kopple,Cecilia Peck",Deepan,2007.0,2012
1606,1699,,Lovelace,Underworld: Rise of the Lycans,"Rob Epstein,Jeffrey Friedman",Patrick Tatopoulos,2013.0,2009
3031,4551,,The Duchess of Langeais,In the Line of Duty 4,Jaques Rivette,Woo-Ping Yuen,2008.0,1989
2095,107,,The Vow,Badlapur,Michael Sucsy,Sriram Raghavan,2012.0,2015
186,5561,,Sophie Scholl: The Final Days,Fei Lung gwoh gong,Marc Rothemund,Sammo Kam-Bo Hung,2006.0,1978
1313,2642,,Mountains of the Moon,Moscow Heat,Kamaleswar Mukherjee,Jeff Celentano,2014.0,2004
2764,6119,,Star Trek,The Gatling Gun,J. J. Abrams,Robert Gordon,2009.0,1971
691,5866,,White God,Macon County Line,Kornél Mundruczó,Richard Compton,2015.0,1974
1638,6353,,The Canyons,Rio Conchos,Paul Schrader,Gordon Douglas,2013.0,1964
2560,4948,,Saint John of Las Vegas,Jackals,,Gary Grillo,2010.0,1986
1389,1348,,At Middleton,Murder 2,Adam Rogers,Mohit Suri,2014.0,2011
835,623,,V/H/S: Viral,Redemption,"Justin Benson,Gregg Bishop,Aaron Moorhead,Marcel Sarmiento,Nacho Vigalondo",Steven Knight,2014.0,2013
761,1195,,R100,Blitz,Hitoshi Matsumoto,Elliott Lester,2015.0,2011
417,6887,,The Perfect Guy,The Dawn Patrol,David M. Rosenthal,Howard Hawks,2015.0,1930
1710,921,,Oblivion,Journey 2: The Mysterious Island,Joseph Kosinski,Brad Peyton,2013.0,2012
3428,1983,,Manhattan,The Man Who Came Back,Woody Allen,Glen Pitre,1979.0,2008
3546,6126,,Peeping Tom,Tarkan and the Blood of the Vikings,,Mehmet Aslan,1960.0,1971
2783,5976,,The Beaches of Agnes,Walking Tall,,Phil Karlson,2008.0,1973
2844,1653,,The Romance of Astrea and Celadon,300 Killers,,Matt Jaissle,2009.0,2010
45,3425,,Things We Lost in the Fire,Mighty Joe Young,Susanne Bier,Ron Underwood,2007.0,1998
1379,4075,,Gloria,Da Vinci's War,Sebastián Lelio,Raymond Martino,2014.0,1993
2716,2467,,Cold Souls,The Last Eve,,Young Man Kang,2009.0,2005
2018,2395,,Four Lovers,Mannat,Antony Cordier,Gurbir Singh Grewal,2012.0,2006
718,3660,,The Human Experiment,Adrenalin: Fear the Rush,Dana Nachman,Albert Pyun,2015.0,1996
3224,242,,Through a Glass Darkly,Noah,,Darren Aronofsky,1961.0,2014
2987,303,,Pineapple Express,Assassins,David Gordon Green,Michael Bonomo,2008.0,2014
310,2055,,Firewall,The Korean,Richard Loncraine,Thomas Dixon,2006.0,2008
2788,5748,,Silent Light,Dirty Ho,,Chia-Liang Liu,2009.0,1976
3226,3854,,A Prairie Home Companion,Nick of Time,Robert Altman,John Badham,2006.0,1995
2212,482,,Horrible Bosses,Monster,Seth Gordon,In-ho Hwang,2011.0,2014
1738,3117,,Lore,Snipes,,Rich Murray,2013.0,2001
2855,1146,,House of the Sleeping Beauties,Friends Never Die,,Atsajun Sattakovit,2009.0,2012
1152,2479,,Fading Gigolo,Chok-Dee,John Turturro,Xavier Durringer,2014.0,2005
886,4431,,Beyond the Lights,Kindergarten Cop,Gina Prince-Bythewood,Ivan Reitman,2014.0,1990
1105,4451,,Life Itself,Revenge,Steve James,Tony Scott,2014.0,1990
3015,3534,,The Last Mistress,Dead Men Can't Dance,,Stephen Milburn Anderson,2008.0,1997
2367,3675,,Nowhere Boy,Chain Reaction,Sam Taylor-Wood,Andrew Davis,2010.0,1996
927,4833,,No Good Deed,Lethal Weapon,Sam Miller,Richard Donner,2014.0,1987
3329,3186,,Chimes at Midnight,Fortress 2,,Geoff Murphy,1965.0,2000
59,1003,,"You, Me and Dupree",Bad Ass,"Anthony Russo,Joe Russo",Craig Moss,2006.0,2012
1287,4192,,Nymphomaniac: Vol. II,Kickboxer 3: The Art of War,Lars von Trier,Rick King,2014.0,1992
2900,1830,,Role Models,Ang Panday,David Wain,Mac Alejandre,2008.0,2009
781,4837,,Girlhood,Masters of the Universe,Céline Sciamma,Gary Goddard,2015.0,1987
564,2306,,Any Day,Hot Tamale,Rustam Branaman,Michael Damian,2015.0,2006
2784,200,,The Double Life of Veronique,Dracula Untold,Krzysztof Kieslowski,Gary Shore,1991.0,2014
1255,6005,,300: Rise of an Empire,The Abductors,Noam Murro,Don Schain,2014.0,1972
2538,839,,Vincent: A Life in Color,Break Loose,Jennifer Burns,Aleksey Uchitel,2010.0,2013
3500,5590,,Mr. Hulot's Holiday,Superman,Jacques Tati,Richard Donner,1953.0,1978
284,4715,,The Ringer,Midnight Run,Barry W. Blaustein,Martin Brest,2005.0,1988
1936,6370,,Hope Springs,From Russia with Love,David Frankel,Terence Young,2012.0,1963
1466,1976,,Diana,My Mighty Princess,Oliver Hirschbiegel,Jae-young Kwak,2013.0,2008
3386,5802,,Rashomon,The Night Caller,Akira Kurosawa,Henri Verneuil,1950.0,1975
3410,5485,,The Apartment,Io sto con gli ippopotami,,Italo Zingarelli,1960.0,1979
3364,338,,The Terrorist,'71,Santosh Sivan,Yann Demange,2000.0,2014
2257,675,,Senna,Scarlet Samurai: Incarnation,Asif Kapadia,Tara Cardinal,2011.0,2013
1825,4506,,Red Hook Summer,Fist Fighter,Spike Lee,Frank Zuniga,2012.0,1989
3386,355,,Rashomon,The Next Generation: Patlabor,Akira Kurosawa,Mamoru Oshii,1950.0,2014
1969,5395,,Goodbye First Love,Bronco Billy,,Clint Eastwood,2012.0,1980
3081,52,,Teeth,Mortdecai,,David Koepp,2008.0,2015
2697,4324,,My One and Only,Night of the Warrior,Richard Loncraine,Rafal Zielinski,2009.0,1991
2041,3146,,Rampart,Sunstorm,Oren Moverman,Mike Marvin,2012.0,2001
741,2949,,The Gambler,I Spy,Rupert Wyatt,Betty Thomas,2014.0,2002
1890,2262,,Silver Linings Playbook,The Last Drop,,Colin Teague,2012.0,2006
23,3071,,Trade,The Musketeer,Marco Kreuzpaintner,Peter Hyams,2007.0,2001
2968,6655,,The X-Files: I Want to Believe,The Kid from Cleveland,,Herbert Kline,2008.0,1949
887,1218,,Night at the Museum: Secret of the Tomb,Attack the Block,Shawn Levy,Joe Cornish,2014.0,2011
1541,207,,Cloudy with a Chance of Meatballs 2,Jack Ryan: Shadow Recruit,"Cody Cameron,Kris Pearn",Kenneth Branagh,2013.0,2014
873,4861,,Exodus: Gods and Kings,The Squeeze,Ridley Scott,Roger Young,2014.0,1987
2511,883,,Clash of the Titans,The Suspect,Louis Leterrier,Shin-yeon Won,2010.0,2013
3087,637,,Street Kings,Wolf Creek 2,David Ayer,Greg McLean,2008.0,2013
1404,2985,,Escape Plan,The Star,Mikael Håfström,Nikolay Lebedev,2013.0,2002
2010,1798,,Extremely Loud and Incredibly Close,Universal Soldier: Regeneration,Stephen Daldry,John Hyams,2012.0,2009
1535,3145,,The Colony,Hwasango,Jeff Renfroe,Tae-gyun Kim,2013.0,2001
2766,2680,,Battle for Terra,Our Own,Aristomenis Tsirbas,Dmitriy Meskhiev,2009.0,2004
950,3566,,St. Vincent,Metro,Theodore Melfi,Thomas Carter,2014.0,1997
943,4341,,The Judge,Suburban Commando,David Dobkin,Burt Kennedy,2014.0,1991
3370,438,,Atlantic City,Nirvana: A Gangster Odissey,,Tiago P. de Carvalho,1980.0,2014
1634,1161,,Bajatey Raho,Chingari,"Shashant Shah,Zafar Khan",Harsha,2013.0,2012
112,1120,,Cashback,The Thieves,,Dong-hoon Choi,2007.0,2012
3472,617,,Stroszek,Big Ass Spider!,Werner Herzog,Mike Mendez,1977.0,2013
94,3361,,The Good Shepherd,Random Acts of Violence,Robert De Niro,Drew Bell,2006.0,1999
1303,3609,,13 Sins,No. 3,Daniel Stamm,Neung-han Song,2014.0,1997
81,1729,,Little Children,Race to Witch Mountain,Todd Field,Andy Fickman,2006.0,2009
3303,1219,,Fanny and Alexander,5 Days of War,,Renny Harlin,1983.0,2011
1696,2126,,Gimme the Loot,Firehouse Dog,,Todd Holland,2013.0,2007
3151,2609,,Once,Alexander,,Oliver Stone,2007.0,2004
248,2809,,Bee Season,Chura Liyaa Hai Tumne,"Scott McGehee,David Siegel",Sangeeth Sivan,2005.0,2003
2954,4484,,Towelhead,Hard to Die,,Jim Wynorski,2008.0,1990
3216,2749,,Vengeance is Mine,Daredevil,Shohei,Mark Steven Johnson,1980.0,2003
934,4892,,Stray Dogs,Hateman,Tsai Ming-liang,Harry Hope,2014.0,1987
2242,3858,,Dolphin Tale,Thunderbolt,Charles Martin Smith,Gordon Chan,2011.0,1995
1252,1002,,Mr. Peabody & Sherman,Electric Man,Rob Minkoff,David Barras,2014.0,2012
103,3495,,Breaking and Entering,Dand Nayak,,Sikander Bharti,2007.0,1998
2685,5624,,The Time Traveler's Wife,Are You Being Served?,Robert Schwentke,Bob Kellett,2009.0,1977
2659,4254,,Zombieland,Drohi,Ruben Fleischer,Gurdip Singh,2009.0,1992
3474,2387,,Cries and Whispers,The City of Violence,Ingmar Bergman,Seung-wan Ryoo,1973.0,2006
2881,3594,,The Secret Life of Bees,Total Reality,,Phillip J. Roth,2008.0,1997
1086,2177,,To Be Takei,Honeyz,Jennifer M. Kroot,Tom Six,2014.0,2007
3071,128,,Hitman,Shark Killer,Xavier Gens,Sheldon Wilson,2007.0,2015
3334,2172,,Pan's Labyrinth,T.K.O.,,Declan Mulvey,2006.0,2007
698,1322,,5 to 7,Jackpot,Victor Levin,Magnus Martens,2015.0,2011
1676,6206,,Sightseers,Shark,Ben Wheatley,Samuel Fuller,2012.0,1969
3391,5805,,The Thin Man,Rollerball,,Norman Jewison,1934.0,1975
3256,2630,,Caché,Dawn of the Dead,,Zack Snyder,2006.0,2004
3383,3496,,Groundhog Day,Gunda,Harold Ramis,Kanti Shah,1993.0,1998
1113,4994,,A Coffee in Berlin,Fire and Ice,Jan Ole Gerster,Willy Bogner,2014.0,1986
403,6252,,She's Funny That Way,The Big Mouth,Peter Bogdanovich,Jerry Lewis,2015.0,1967
2450,6153,,You Will Meet a Tall Dark Stranger,The Revolutionary,,Paul Williams,2010.0,1970
56,3476,,Harry Potter and the Order of the Phoenix,The Pandora Project,David Yates,John Terlesky,2007.0,1998
2726,2048,,Three Monkeys,Kuruvi,Nuri Bilge Ceylan,Dharani,2009.0,2008
1896,1064,,Spirit of the Beehive,Crowsnest,,Brenton Spencer,1973.0,2012
141,2788,,La Vie en Rose,The Road Home,Olivier Dahan,Drew Johnson,2007.0,2003
598,920,,Set Fire to the Stars,Taken 2,Andy Goddard,Olivier Megaton,2015.0,2012
3099,1826,,Revolver,Killer Biker Chicks,,Regan Redding,2007.0,2009
2173,6382,,The Thing,Invasion 1700,,Fernando Cerchio,2011.0,1962
1963,5671,,Hysteria,The Guy from Harlem,Tanya Wexler,Rene Martinez Jr.,2012.0,1977
1798,2741,,Struck by Lightning,National Security,Brian Dannelly,Dennis Dugan,2013.0,2003
358,2510,,Labyrinth of Lies,House of Fury,Giulio Ricciarelli,Stephen Fung,2015.0,2005
1554,3657,,All The Boys Love Mandy Lane,Foreign Land,Jonathan Levine,Walter Salles,2013.0,1996
208,1006,,The Shining,On the Other Side of the Tracks,Stanley Kubrick,David Charhon,1980.0,2012
556,1653,,Adult Beginners,300 Killers,Ross Katz,Matt Jaissle,2015.0,2010
185,305,,Lonesome Jim,American Muscle,Steve Buscemi,Ravi Dhar,2006.0,2014
830,781,,Bad Hair,Black Ice,Mariana Rondón,Johnny Gogan,2014.0,2013
2433,692,,Wild Grass,A Viking Saga: The Darkest Day,Alain Resnais,Chris Crow,2010.0,2013
1307,299,,Cold Comes the Night,1,Tze Chun,Sukumar,2014.0,2014
3348,4973,,Le Boucher,Quiet Cool,,Clay Borris,2003.0,1986
1111,334,,The Empty Hours,Gulaab Gang,Aaron Fernandez Lesur,Soumik Sen,2014.0,2014
2224,6077,,Terri,Captain Apache,Azazel Jacobs,Alexander Singer,2011.0,1971
2599,1486,,Disney's A Christmas Carol,Special Ops,,Tom Shell,2009.0,2010
2795,4591,,12,The Return of the Musketeers,Nikita Mikhalkov,Richard Lester,2009.0,1989
2921,3936,,Flash of Genius,The Crow,Marc Abraham,Alex Proyas,2008.0,1994
1873,3940,,The Loneliest Planet,Death Machine,,Stephen Norrington,2012.0,1994
1498,4907,,Hannah Arendt,F/X,Margarethe von Trotta,Robert Mandel,2012.0,1986
3325,5048,,The Shining,Gymkata,Stanley Kubrick,Robert Clouse,1980.0,1985
3320,4443,,The Band Wagon,La Femme Nikita,,Luc Besson,1953.0,1990
1805,715,,LUV,Assault on Wall Street,Sheldon Candis,Uwe Boll,2013.0,2013
147,3414,,Moolaade,Black Dog,,Kevin Hooks,2007.0,1998
1672,2470,,Iron Man 3,Shadowboxer,Shane Black,Lee Daniels,2013.0,2005
3421,4235,,Beat the Devil,Fifty/Fifty,,Charles Martin Smith,1954.0,1992
814,994,,Focus,The Package,"Glenn Ficarra,John Requa",Jesse V. Johnson,2015.0,2012
2796,4258,,Adventureland,Cop Target,,Umberto Lenzi,2009.0,1991
1807,1206,,Broken City,Time Again,Allen Hughes,Ray Karwel,2013.0,2011
1443,2304,,At Berkeley,Fearless,Frederick Wiseman,Ronny Yu,2013.0,2006
1398,1216,,The Pretty One,Tactical Force,Jenée LaMarque,Adamo P. Cultraro,2014.0,2011
290,3252,,The Matador,Double Tap,,Chi-Leung Law,2006.0,2000
3118,5130,,Vengeance is Mine,Beverly Hills Cop,Shohei,Martin Brest,1980.0,1984
3329,3077,,Chimes at Midnight,New Alcatraz,,Phillip J. Roth,1965.0,2001
406,1181,,Digging for Fire,Green Lantern,Joe Swanberg,Martin Campbell,2015.0,2011
1347,1822,,The Monuments Men,Killer Bean Forever,George Clooney,Jeff Lew,2014.0,2009
3002,291,,Brick Lane,Broken,Sarah Gavron,Damian X. Fulton,2008.0,2014
812,2038,,Farewell to Hollywood,Chocolate,"Henry Corra,Regina Nicholson",Prachya Pinkaew,2015.0,2008
2823,5567,,The Silence,Game of Death,,Robert Clouse,1963.0,1978
2011,4954,,Mulberry Child,Knights of the City,,Dominic Orlando,2012.0,1986
779,4350,,Hard to Be a God,Wedlock,Aleksey German,Lewis Teague,2015.0,1991
1784,5431,,The Loneliest Planet,The Young Master,,Jackie Chan,2013.0,1980
3048,2634,,Recount,Target,Jay Roach,William Webb,2008.0,2004
1887,6813,,Lincoln,Born to Be Wild,Steven Spielberg,Joseph Kane,2012.0,1938
2606,1805,,The Boondock Saints II: All Saints Day,The Warrior and the Wolf,,Zhuangzhuang Tian,2009.0,2009
2670,114,,Law Abiding Citizen,Checkmate,F. Gary Gray,Timothy Woodward Jr.,2009.0,2015
208,4207,,The Shining,Prey of the Chameleon,Stanley Kubrick,Fleming B. Fuller,1980.0,1992
2706,5171,,The Informant!,Star Trek III: The Search for Spock,Steven Soderbergh,Leonard Nimoy,2009.0,1984
384,5185,,The Man from U.N.C.L.E.,Ghost Warrior,Guy Ritchie,J. Larry Carroll,2015.0,1984
1703,6018,,Trance,Fear Is the Key,Danny Boyle,Michael Tuchner,2013.0,1972
1663,1092,,Byzantium,The Last Road,Neil Jordan,John Wheeler,2013.0,2012
3279,3535,,Seven,Deewana Mastana,David Fincher,David Dhawan,1995.0,1997
1227,898,,Noah,Jack Reacher,Darren Aronofsky,Christopher McQuarrie,2014.0,2012
903,6052,,"On Any Sunday, The Next Chapter",Trouble Man,Dana Brown,Ivan Dixon,2014.0,1972
1938,5090,,The Campaign,Tuff Turf,Jay Roach,Fritz Kiersch,2012.0,1985
2026,639,,La Ceremonie,Man of Tai Chi,Claude Chabrol,Keanu Reeves,1995.0,2013
619,4893,,Dark Star: HR Giger’s World,New Delhi,Belinda Sallin,Joshi,2015.0,1987
3450,5963,,Orpheus,The Seven-Ups,,Philip D'Antoni,1949.0,1973
1042,2791,,Video Games: The Movie,I Witness,Jeremy Snead,Rowdy Herrington,2014.0,2003
661,2156,,Faults,Skid Marks,Riley Stearns,Karl Kozak,2015.0,2007
2088,1782,,The Woman in Black,Newsmakers,James Watkins,Anders Banke,2012.0,2009
1862,173,,Easy Money,Angry Painter,Daniel Espinosa,Kyu-hwan Jeon,2012.0,2015
2148,5260,,Passione,Death Wish II,John Turturro,Michael Winner,2011.0,1982
13,4187,,The King of Kong: A Fistful of Quarters,Hostage,Seth Gordon,Robert Young,2007.0,1992
2349,4105,,Waste Land,Loaded Weapon 1,"Lucy Walker,Joao Jardim,Karen Harley",Gene Quintano,2011.0,1993
287,4843,,Wolf Creek,North Shore,,William Phelps,2005.0,1987
401,2001,,Hitman: Agent 47,Painted Skin,Aleksander Bach,Gordon Chan,2015.0,2008
2318,6325,,Made in Dagenham,The Great Race,Nigel Cole,Blake Edwards,2010.0,1965
2049,106,,Chico and Rita,Dragon Blade,"Fernando Trueba,Javier Mariscal,Tono Errando",Daniel Lee,2012.0,2015
2734,5880,,Malls R Us,Emergency Squad,Helene Klodawsky,Stelvio Massi,2009.0,1974
2673,6192,,The Grey Zone,Those Daring Young Men in Their Jaunty Jalopies,,Ken Annakin,2002.0,1969
21,6377,,Self Medicated,Monsieur Gangster,,Georges Lautner,2007.0,1963
1485,2210,,Baby Peggy: The Elephant in the Room,The Legend of Naresuan: Part 2,Vera Iwerebor,Chatrichalerm Yukol,2013.0,2007
3334,5585,,Pan's Labyrinth,Shalimar,,Krishna Shah,2006.0,1978
799,381,,Kingsman: The Secret Service,The Purge: Anarchy,Matthew Vaughn,James DeMonaco,2015.0,2014
3281,4420,,Contact,Curry and Pepper,Robert Zemeckis,Blackie Shou Liang Ko,1997.0,1990
610,2023,,The Ocean of Helena Lee,Mutants,Jim Akin,Amir Valinia,2015.0,2008
3159,2687,,Shoot 'em up,Lost,,Darren Lemke,2007.0,2004
349,2879,,Hotel Transylvania 2,The Sum of All Fears,Genndy Tartakovsky,Phil Alden Robinson,2015.0,2002
407,2665,,Grandma,Spygirl,Paul Weitz,Han-jun Park,2015.0,2004
3249,1486,,Barry Lyndon,Special Ops,,Tom Shell,1975.0,2010
1990,6306,,Patang,The Professionals,Prashant Bhargava,Richard Brooks,2012.0,1966
2283,3678,,The Ides of March,Crosscut,George Clooney,Paul Raimondi,2011.0,1996
2217,5430,,Harry Potter and the Deathly Hallows: Part 2,Return to the 36th Chamber,David Yates,Chia-Liang Liu,2011.0,1980
152,6271,,Mountain Patrol: Kekexili,Operation Kid Brother,,Alberto De Martino,2006.0,1967
484,5544,,A Gay Girl in Damascus: The Amina Profile,The Inglorious Bastards,Sophie Deraspe,Enzo G. Castellari,2015.0,1978
3303,1445,,Fanny and Alexander,Kill Speed,,Kim Bass,1983.0,2010
2323,505,,Seven Days in Slow Motion,Centurion AD,,Brian Reed Garvin,2010.0,2014
671,5401,,Going Clear: Scientology and the Prison of Belief,We're Going to Eat You,Alex Gibney,Hark Tsui,2015.0,1980
2218,1748,,A Love Affair of Sorts,District 9,David Guy Levy,Neill Blomkamp,2011.0,2009
3223,5144,,Cool Hand Luke,Flashpoint,,William Tannen,1967.0,1984
3055,1147,,Sex and the City,Silent Echo,,Cory Malkin,2008.0,2012
891,6048,,The Imitation Game,Slaughter,Morten Tyldum,Jack Starrett,2014.0,1972
3186,6307,,Bee Movie,The Silencers,"Steve Hickner,Simon J. Smith",Phil Karlson,2007.0,1966
1878,5802,,Wreck-It Ralph,The Night Caller,,Henri Verneuil,2012.0,1975
472,5158,,Safelight,Lightning Fists of Shaolin,Tony Aloupis,Chia Tang,2015.0,1984
417,5007,,The Perfect Guy,Dahleez,David M. Rosenthal,Ravi Chopra,2015.0,1986
2870,1616,,Quantum of Solace,Cowboys and Vampires,Marc Forster,Douglas Myers,2008.0,2010
2297,2050,,True Grit,Legendary Assassin,,Wu Jing,2010.0,2008
547,862,,Tu dors Nicole,The Last Hit,Stéphane LaFleur,Michael Glier,2015.0,2013
229,5052,,Take My Eyes,The Jewel of the Nile,Iciar Bollain,Lewis Teague,2006.0,1985
1630,4190,,The Time Being,Police Story 3: Supercop,Nenad Cicin-Sain,Stanley Tong,2013.0,1992
1071,6832,,Jealousy,Zorro Rides Again,Philippe Garrel,John English,2014.0,1937
3132,3799,,The Spiderwick Chronicles,Beyond Desire,Mark Waters,Dominique Othenin-Girard,2008.0,1995
1756,3862,,Beyond the Hills,Rage,,Joseph Merhi,2012.0,1995
3073,2174,,The Other Boleyn Girl,Jack Brooks: Monster Slayer,Justin Chadwick,Jon Knautz,2008.0,2007
2447,1298,,You Again,Dawn of the Dragonslayer,Andy Fickman,Anne K. Black,2010.0,2011
3211,3388,,Winter Light,3 Ninjas: High Noon at Mega Mountain,,Sean McNamara,1962.0,1998
677,6027,,Backcountry,The Hot Box,Adam MacDonald,Joe Viola,2015.0,1972
3335,5240,,Werckmeister Harmonies,Tough Enough,Agnes Hranitzky,Richard Fleischer,2000.0,1983
2842,627,,The Uninvited,Vehicle 19,"Charles,Thomas Guard",Mukunda Michael Dewil,2009.0,2013
2181,2770,,Jamie and Jessie are Not Together,Mortadelo & Filemon: The Big Adventure,,Javier Fesser,2011.0,2003
55,1645,,King of California,Ragada,,Veeru Potla,2007.0,2010
1788,5557,,The Central Park Five,Death Dimension,"Ken Burns,David McMahon,Sarah Burns",Al Adamson,2012.0,1978
1785,2490,,Veronika Voss,Boy s tenyu,,Aleksey Sidorov,1982.0,2005
1561,6604,,Salinger,The World in His Arms,Shane Salerno,Raoul Walsh,2013.0,1952
1358,5644,,Endless Love,Moonshine County Express,Shana Feste,Gus Trikonis,2014.0,1977
2884,2703,,Sex Drive,Sseom,Sean Anders,Youn-hyun Chang,2008.0,2004
2041,4008,,Rampart,Unveiled,Oren Moverman,William Cole,2012.0,1994
657,1551,,Two Men in Town,Caged Animal,Rachid Bouchareb,Ryan Combs,2015.0,2010
1324,552,,Tyler Perry's A Madea Christmas,Kung Pow Charlie,Tyler Perry,Corey B. Stevens,2013.0,2014
211,6490,,Three Times,Robbery Under Arms,Hou Hsiao-hsien,Jack Lee,2006.0,1957
2321,6889,,The Nutcracker in 3D,Paradise Island,Andrei Konchalovsky,Bert Glennon,2010.0,1930
533,6785,,The Gallows,Flash Gordon Conquers the Universe,"Travis Cluff,Chris Lofing",Ford Beebe,2015.0,1940
157,6813,,Goal! The Dream Begins,Born to Be Wild,Danny Cannon,Joseph Kane,2006.0,1938
1911,5961,,Snow White and the Huntsman,Savage!,Rupert Sanders,Cirio H. Santiago,2012.0,1973
3494,4780,,Yankee Doodle Dandy,Perawan rimba,Michael Curtis,Danu Umbara,1942.0,1988
2579,5034,,Cirque du Freak: The Vampire's Assistant,Code Name: Emerald,Paul Weitz,Jonathan Sanger,2009.0,1985
1347,2847,,The Monuments Men,Sword in the Moon,George Clooney,Ui-seok Kim,2014.0,2003
2902,764,,Transporter 3,Sons of Liberty,,Drew Hall,2008.0,2013
3326,2252,,Howards End,The Drop,James Ivory,Kevin Lewis,1992.0,2006
2467,3008,,Spoken Word,Samurai,Victor Nunez,Balaji Shaktivel,2010.0,2002
3017,274,,The Promotion,Australiens,,Joe Bauer,2008.0,2014
334,587,,The Shaggy Dog,Germ,Brian Robbins,J.T. Boone,2006.0,2013
1584,3853,,Our Nixon,The Net,Penny Lane,Irwin Winkler,2013.0,1995
3245,3837,,Rio Bravo,Heatseeker,,Albert Pyun,1959.0,1995
671,745,,Going Clear: Scientology and the Prison of Belief,Go Goa Gone,Alex Gibney,Krishna D.K.,2015.0,2013
615,62,,Maggie,Momentum,Henry Hobson,Stephen S. Campanelli,2015.0,2015
1336,1313,,The Invisible Woman,De force,Ralph Fiennes,Frank Henry,2013.0,2011
620,2738,,The Film Critic,A Man Apart,Hernán Guerschuny,F. Gary Gray,2015.0,2003
303,5937,,The Three Burials of Melquiades Estrada,Blood Brothers,Tommy Lee Jones,Cheh Chang,2006.0,1973
1976,5430,,The Amazing Spider-Man,Return to the 36th Chamber,Marc Webb,Chia-Liang Liu,2012.0,1980
2717,5306,,Flame and Citron,Battletruck,Ole Christian Madsen,Harley Cokeliss,2009.0,1982
2635,1998,,Daybreakers,Journal of a Contract Killer,,Tony Maylam,2010.0,2008
580,3525,,Uncertain Terms,Batman & Robin,Nathan Silver,Joel Schumacher,2015.0,1997
2347,6745,,Just Go With It,Titanic,Dennis Dugan,Herbert Selpin,2011.0,1943
2382,2588,,Megamind,Hidalgo,Tom McGrath,Joe Johnston,2010.0,2004
573,6096,,Poltergeist,Don't Turn the Other Cheek,Gil Kenan,Duccio Tessari,2015.0,1971
47,2822,,Across the Universe,Foolproof,Julie Taymor,William Phillips,2007.0,2003
715,1965,,The Longest Ride,China Dolls,George Tillman Jr,Don Barnhart Jr.,2015.0,2008
611,6887,,Saint Laurent,The Dawn Patrol,Bertrand Bonello,Howard Hawks,2015.0,1930
65,5734,,Little Miss Sunshine,Sky Riders,"Jonathan Dayton,Valerie Farris",Douglas Hickox,2006.0,1976
1535,5526,,The Colony,Search and Destroy,Jeff Renfroe,William Fruet,2013.0,1979
3443,993,,Rear Window,One in the Chamber,,William Kaufman,1954.0,2012
2095,2687,,The Vow,Lost,Michael Sucsy,Darren Lemke,2012.0,2004
2581,3418,,An Education,Godzilla,Lone Scherfig,Roland Emmerich,2009.0,1998
2834,4639,,Hotel for Dogs,Proud Heritage,Thor Freudenthal,Sergiu Nicolaescu,2009.0,1989
1910,6074,,Moonrise Kingdom,The Big Doll House,Wes Anderson,Jack Hill,2012.0,1971
1,5932,,Ace in the Hole,Black Caesar,Billy Wilder,Larry Cohen,1951.0,1973
1706,4166,,Upstream Color,Aces: Iron Eagle III,,John Glen,2013.0,1992
1183,2865,,A Million Ways to Die in the West,Lumpia,Seth MacFarlane,Patricio Ginelsa Jr.,2014.0,2003
504,5658,,The Runner,Thunder and Lightning,Austin Stark,Corey Allen,2015.0,1977
2806,6033,,Crossing Over,The Chinese Connection,,Wei Lo,2009.0,1972
555,6403,,The Forger,The Comancheros,Philip Martin,Michael Curtiz,2015.0,1961
1723,4338,,The Incredible Burt Wonderstone,Sien lui yau wan III: Do do do,Don Scardino,Siu-Tung Ching,2013.0,1991
956,6199,,Housebound,Support Your Local Sheriff!,Gerard Johnstone,Burt Kennedy,2014.0,1969
876,777,,The Color of Time,Krampus: The Christmas Devil,"Edna Luise Biesold,Sarah-Violet Bliss,Gabrielle Demeestere,Alexis Gambis,Brooke Goldfinch,Shripriya Mahesh,Pamela Romanowsky,Bruce Thierry Cheung,Tine Thomasen,Virginia Urreiztieta,Omar Zúñiga Hidalgo,Shruti Ganguly",Jason Hull,2014.0,2013
1450,4093,,Dear Mr. Watterson,Once Upon a Time in China IV,Joel Allen Schroeder,Bun Yuen,2013.0,1993
102,194,,An Unreasonable Man,Paayum Puli,,Suseenthiran,2007.0,2015
2591,1440,,Precious: Based on the Novel Push by Sapphire,Adventure Scouts,Lee Daniels,Jim Fitzpatrick,2009.0,2010
1092,2028,,Jackpot,Dreamz,Magnus Martens,Satish Kaushik,2014.0,2008
3522,6385,,Nosferatu,Geronimo,F.W. Murnau,Arnold Laven,1922.0,1962
2346,4973,,The Eagle,Quiet Cool,Kevin MacDonald,Clay Borris,2011.0,1986
840,5741,,"1,000 Times Good Night",Vigilante Force,Erik Poppe,George Armitage,2014.0,1976
2874,4503,,Ashes of Time Redux,Sha shou hu die meng,,Patrick Tam,2008.0,1989
1744,3985,,The Gatekeepers,Police Rescue,Dror Moreh,Michael Carson,2012.0,1994
3195,5824,,Spirited Away,Kapitan Nemo,,Vasili Levin,2002.0,1975
1456,1506,,The Counselor,The Big Bang,Ridley Scott,Tony Krantz,2013.0,2010
2141,3321,,Answers to Nothing,Free Fall,,Mario Azzopardi,2011.0,1999
1107,4386,,Affluenza,Aaj Ka Arjun,Kevin Asch,K.C. Bokadia,2014.0,1990
3310,387,,A Year of the Quiet Sun,Not My Day,,Peter Thorwarth,1984.0,2014
3502,3780,,The Third Man,The Expert,Carol Reed,Rick Avery,1949.0,1995
2273,237,,Amigo,Pompeii,,Paul W.S. Anderson,2011.0,2014
1017,2093,,Magic in the Moonlight,Hot Fuzz,Woody Allen,Edgar Wright,2014.0,2007
3494,4260,,Yankee Doodle Dandy,Deathstalker IV: Match of Titans,Michael Curtis,Howard R. Cohen,1942.0,1991
3110,3898,,The Perfect Holiday,Baasha,,Suresh Krishna,2007.0,1995
2601,1606,,(Untitled),Once a Gangster,Jonathan Parker,Felix Chong,2009.0,2010
3317,1089,,The Adventures of Robin Hood,Biohazard: Patient Zero,,Brian T. Jaynes,1938.0,2012
1070,495,,Coldwater,Killing Love,Vincent Grashaw,Jakub Niescierow,2014.0,2014
2812,1396,,Tokyo Sonata,Ang Panday 2,Kiyoshi Kurosawa,Mac Alejandre,2009.0,2011
905,3648,,Elsa & Fred,Night Hunter,Michael Radford,Rick Jacobson,2014.0,1996
1205,6691,,Jersey Boys,Buck Privates Come Home,Clint Eastwood,Charles Barton,2014.0,1947
871,3617,,Dying of the Light,Ma Yong Zhen,Paul Schrader,Corey Yuen,2014.0,1997
988,6451,,Space Station 76,The 7th Voyage of Sinbad,Jack Plotnick,Nathan Juran,2014.0,1958
3260,6303,,Pink Floyd: The Wall,Murderers' Row,,Henry Levin,1982.0,1966
248,2503,,Bee Season,Feast,"Scott McGehee,David Siegel",John Gulager,2005.0,2005
1168,6059,,The Amazing Spider-Man 2,The Outside Man,Marc Webb,Jacques Deray,2014.0,1972
2226,4194,,Friends with Benefits,Lady Dragon,Will Gluck,David Worth,2011.0,1992
3523,4790,,The Sweet Smell of Success,From a Whisper to a Scream,Alexander Mackendrick,Jeff Burr,1957.0,1987
1076,3829,,Frank,First Knight,Lenny Abrahamson,Jerry Zucker,2014.0,1995
811,4420,,Wild Canaries,Curry and Pepper,Lawrence Michael Levine,Blackie Shou Liang Ko,2015.0,1990
1887,6381,,Lincoln,Invasion 1700,Steven Spielberg,Fernando Cerchio,2012.0,1962
2801,5840,,Theater of War,Blood on the Streets,,Jacques Deray,2009.0,1974
592,6105,,The Nightmare,Von Richthofen and Brown,Rodney Ascher,Roger Corman,2015.0,1971
2071,612,,Casa de mi Padre,Remnants,Matt Piedmont,Tim Szczesniak,2012.0,2013
1768,2706,,Stand Up Guys,Born to Fight,Fisher Stevens,Panna Rittikrai,2013.0,2004
582,2523,,Survivor,Pros and Ex-Cons,James McTeigue,Timothy Boyle,2015.0,2005
1982,2771,,Take This Waltz,Tears of the Sun,,Antoine Fuqua,2012.0,2003
1988,5525,,"Farewell, My Queen",Search and Destroy,Benoit Jacquot,William Fruet,2012.0,1979
920,3930,,My Old Lady,The Chase,Israel Horovitz,Adam Rifkin,2014.0,1994
2179,120,,Margin Call,Operator,,Amariah Olson,2011.0,2015
1972,3431,,Last Ride,Snake Eyes,Glendyn Ivin,Brian De Palma,2012.0,1998
3337,3030,,Killer of Sheep,Harold Robbins' Body Parts,,Craig Corman,1977.0,2001
2216,455,,A.I. Artificial Intelligence,The Fatal Encounter,,J.Q. Lee,2001.0,2014
2982,2319,,300,Elephant Tales,Zack Snyder,Mario Andreacchio,2006.0,2006
742,372,,Taken 3,Legacy of Thorn,Oliver Megaton,Mj Dixon,2015.0,2014
1006,5651,,Rocks in my Pockets,Sinbad and the Eye of the Tiger,Signe Baumane,Sam Wanamaker,2014.0,1977
786,611,,Outcast,Vikingdom,Nick Powell,Yusry Abd Halim,2015.0,2013
2136,2235,,My Week with Marilyn,Fuego,Simon Curtis,Damian Chapa,2011.0,2007
3300,2780,,The Big Red One,2 Fast 2 Furious,,John Singleton,1980.0,2003
3005,808,,The Wackness,Crook,,Adrian Langley,2008.0,2013
1094,4144,,Nothing Bad Can Happen,American Cyborg: Steel Warrior,Katrin Gebbe,Boaz Davidson,2014.0,1993
326,2266,,Night Watch,Underworld: Evolution,Timur Bekmambetov,Len Wiseman,2006.0,2006
956,4840,,Housebound,Mr India,Gerard Johnstone,Shekhar Kapur,2014.0,1987
1948,2391,,Headhunters,No Mercy for the Rude,Morten Tyldum,Cheol-hie Park,2012.0,2006
759,3121,,Gangs of Wasseypur,Mole,Anurag Kashyap,Richard Mauro,2015.0,2001
1110,6033,,Honour,The Chinese Connection,Shan Khan,Wei Lo,2014.0,1972
2625,1060,,The Young Victoria,Khiladi 786,Jean-Marc Vallee,Ashish R. Mohan,2009.0,2012
3369,6145,,Crumb,Gamera vs. Monster X,Terry Zwigoff,Noriaki Yuasa,1995.0,1970
1832,6524,,Arbitrage,To Hell and Back,,Jesse Hibbs,2012.0,1955
1471,1014,,Ass Backwards,Lost Woods,Chris Nelson,Nathan Ellering,2013.0,2012
3236,3544,,Exotica,G.I. Jane,,Ridley Scott,1994.0,1997
2985,6228,,Alexandra,Golden Swallow,,Cheh Chang,2008.0,1968
2641,1539,,The White Ribbon,Le ultime 56 ore,,Claudio Fragasso,2010.0,2010
396,3317,,Mistress America,Airspeed,Noah Baumbach,Robert Tinnell,2015.0,1999
3149,5510,,The Great Debaters,Suhaag,Denzel Washington,Manmohan Desai,2007.0,1979
2593,6719,,25th Hour,Sudan,Spike Lee,John Rawlins,2003.0,1945
1817,4152,,"Oslo, August 31",Gung hoi keung gaan fung,,Kei Ying Cheung,2012.0,1993
968,3033,,Jimi: All Is by My Side,The Mummy Returns,John Ridley,Stephen Sommers,2014.0,2001
1809,2854,,Hit and Run,Tere Naam,"Dax Shepard,David Palmer",Satish Kaushik,2012.0,2003
2167,4259,,Red Tails,Cover-Up,Anthony Hemingway,Manny Coto,2012.0,1991
357,4045,,The Walk,Shootfighter: Fight to the Death,Robert Zemeckis,Patrick Alan,2015.0,1993
2769,3468,,17 Again,Beast Cops,Burr Steers,Gordon Chan,2009.0,1998
1298,5873,,Heaven Is for Real,Otpisani,Randall Wallace,Aleksandar Djordjevic,2014.0,1974
1883,4079,,Francine,Enemy Gold,,Christian Drew Sidaris,2012.0,1993
3156,674,,3:10 to Yuma,Wet and Reckless,James Mangold,Jason Trost,2007.0,2013
2351,1956,,I Am Number Four,Halla Bol,D.J. Caruso,Rajkumar Santoshi,2011.0,2008
3432,4726,,The Silence of the Lambs,Rambo III,Jonathan Demme,Peter MacDonald,1991.0,1988
3370,2602,,Atlantic City,Paparazzi,,Paul Abascal,1980.0,2004
2273,3856,,Amigo,Outbreak,,Wolfgang Petersen,2011.0,1995
2352,2393,,Unknown,Deadlands: The Rising,Jaume Collet-Serra,Gary Ugarek,2011.0,2006
2874,3653,,Ashes of Time Redux,The North Star,,Nils Gaup,2008.0,1996
984,3941,,"20,000 Days on Earth",Death Wish V: The Face of Death,"Iain Forsyth,Jane Pollard",Allan A. Goldstein,2014.0,1994
1368,6604,,Paranormal Activity: The Marked Ones,The World in His Arms,Christopher B. Landon,Raoul Walsh,2014.0,1952
1210,3708,,A Birder's Guide to Everything,Jeet,Rob Meyer,Raj Kanwar,2014.0,1996
2289,3838,,The Chronicles of Narnia: The Voyage of the Dawn Treader,Peace Hotel,Michael Apted,Ka-Fai Wai,2010.0,1995
1588,3122,,Bounty Killer,Flying Virus,Henry Saine,Jeff Hare,2013.0,2001
1744,4653,,The Gatekeepers,Dragon Ball,Dror Moreh,Daisuke Nishio,2012.0,1989
260,1247,,Rent,The Grey,Chris Columbus,Joe Carnahan,2005.0,2011
2031,2116,,Fake It So Real,White Air,Robert Greene,U. Wolfgang Wagenknecht,2012.0,2007
2748,3893,,The Informers,Man with a Gun,Gregor Jordan,David Wyles,2009.0,1995
1969,1392,,Goodbye First Love,Yang men nu jiang zhi jun ling ru shan,,Frankie Chan,2012.0,2011
289,5099,,My Fair Lady,L.A. Streetfighters,George Cukor,Woo-sang Park,1994.0,1985
635,6245,,October Gale,Dragon Inn,Ruba Nadda,King Hu,2015.0,1967
295,5214,,Transamerica,Go for It,,Enzo Barboni,2006.0,1983
2036,3465,,We Have a Pope,The White Raven,Nanni Moretti,Jakub Z. Rucinski,2012.0,1998
22,6170,,Death Sentence,Nora-Neko Rock: Wild Jumbo,James Wan,Toshiya Fujita,2007.0,1970
1462,1245,,Man of Tai Chi,Bounty Hunters,Keanu Reeves,Patrick McBrearty,2013.0,2011
2319,6214,,Burlesque,Attack on the Iron Coast,,Paul Wendkos,2010.0,1968
1524,2118,,Rush,National Treasure: Book of Secrets,Ron Howard,Jon Turteltaub,2013.0,2007
3529,2021,,The Up Documentaries,The Eleventh Hour,,John Lyde,1985.0,2008
407,584,,Grandma,The Wolverine,Paul Weitz,James Mangold,2015.0,2013
1327,6877,,Walking with Dinosaurs,The Hurricane Express,Neil Nightingale,J.P. McGowan,2013.0,1932
2438,4358,,I'm Still Here,Tiger Claws,Casey Affleck,Kelly Makin,2010.0,1991
2504,5689,,Mother,The Big Bus,Bong Joon-ho,James Frawley,2010.0,1976
2729,2211,,Unmistaken Child,Beantown,,Timothy Norman,2009.0,2007
1304,1725,,The Outsider,For a Fistful of Diamonds,Brian A Miller,Dominique Milano,2013.0,2009
1543,2735,,Broadway Idiot,Ancient Warriors,Doug Hamilton,Walter von Huene,2013.0,2003
554,68,,24 Days,Richard the Lionheart: Rebellion,Alexandre Arcady,Stefano Milla,2015.0,2015
2042,1577,,Declaration of War,To Die Is Hard,Valerie Donzelli,Glenn Berggoetz,2012.0,2010
3251,2184,,Richard III,Showdown at Area 51,,C. Roma,1996.0,2007
3080,955,,The Bank Job,Hirokin: The Last Samurai,Roger Donaldson,Alejo Mo-Sun,2008.0,2012
1485,2957,,Baby Peggy: The Elephant in the Room,High Speed,Vera Iwerebor,Jeff Jensen,2013.0,2002
2673,6691,,The Grey Zone,Buck Privates Come Home,,Charles Barton,2002.0,1947
2678,3110,,Ponyo,Hidden Agenda,,Marc S. Grenier,2009.0,2001
656,5732,,A Year in Champagne,Shout at the Devil,David Kennard,Peter R. Hunt,2015.0,1976
2909,5468,,The Day the Earth Stood Still,Super Hero,Scott Derrickson,Bruce Le,2008.0,1979
2206,4641,,The Whistleblower,Bloodfight,Larysa Kondracki,Shuji Goto,2011.0,1989
1227,4027,,Noah,Dilwale,Darren Aronofsky,Harry Baweja,2014.0,1994
953,6213,,Camp X-Ray,Assignment K,Peter Sattler,Val Guest,2014.0,1968
1681,802,,Epic,Devils of War,Chris Wedge,Eli Dorsey,2013.0,2013
2203,2972,,Final Destination 5,16-Dec,Steven Quale,Mani Shankar,2011.0,2002
2581,4748,,An Education,White Ghost,Lone Scherfig,BJ Davis,2009.0,1988
1374,5938,,The Nut Job,Cleopatra Jones,Peter Lepeniotis,Jack Starrett,2014.0,1973
2638,1891,,Eternal Sunshine of the Spotless Mind,Lady Ninja Kaede 2,Michel Gondry,Takayuki Kagawa,2004.0,2009
338,5059,,Derailed,Lifeforce,Mikael Hafstrom,Tobe Hooper,2005.0,1985
1763,5097,,Tiger Tail in Blue,Year of the Dragon,,Michael Cimino,2013.0,1985
1024,6863,,The Strange Little Cat,The Ghoul,Ramon Zürcher,T. Hayes Hunter,2014.0,1933
1272,2265,,McCanick,Greed,Josh C. Waller,Ron Wolotzky,2014.0,2006
901,6835,,The Tower,The Big Show,Christian Schwochow,Mack V. Wright,2014.0,1936
3093,14,,Deception,Landmine Goes Click,Marcel Langenegger,Levan Bakhia,2008.0,2015
1043,4638,,Planes: Fire & Rescue,Terror in Beverly Hills,Roberts Gannaway,John Myhers,2014.0,1989
3325,4368,,The Shining,The Lost Platoon,Stanley Kubrick,David A. Prior,1980.0,1991
3440,4239,,Greed,Revenge of the Cheetah,,Thomas Yip,1925.0,1992
3057,1137,,Beowulf,Zama Zama,Robert Zemeckis,Vickus Strijdom,2007.0,2012
2542,5069,,Babies,Bulgasari,Thomas Balmes,Sang-ok Shin,2010.0,1985
1991,2124,,Trishna,Bone Dry,,Brett A. Hart,2012.0,2007
860,2815,,Revenge of the Green Dragons,Welcome 2 Ibiza,"Andrew Lau Wai-Keung,Andrew Loo",David Winters,2014.0,2003
1182,1813,,Lucky Them,The Sky Has Fallen,Megan Griffiths,Doug Roos,2014.0,2009
3212,2321,,Mishima: A Life in Four Chapters,Bastards,Paul Schrader,Aleksandr Atanesyan,1985.0,2006
979,1943,,Harmontown,Speed Racer,Neil Berkeley,Andy Wachowski,2014.0,2008
1438,1009,,Aftermath,The Lookout,Władysław Pasikowski,Michele Placido,2013.0,2012
989,2907,,A Life in Dirty Movies,The Time Machine,Wiktor Ericsson,Simon Wells,2014.0,2002
2474,6089,,Behind the Burly-Q,The French Connection,,William Friedkin,2010.0,1971
2378,2893,,The Girl Who Kicked the Hornets' Nest,Kung Pow: Enter the Fist,Daniel Alfredson,Steve Oedekerk,2010.0,2002
2765,4195,,Little Ashes,Hard Boiled,Paul Morrison,John Woo,2009.0,1992
3056,262,,Spider-Man 3,Gone with the Bullets,,Wen Jiang,2007.0,2014
724,491,,Unfriended,Guardian,Leo Gabriadze,Helfi C.H. Kardit,2015.0,2014
23,5781,,Trade,Doc Savage: The Man of Bronze,Marco Kreuzpaintner,Michael Anderson,2007.0,1975
1102,2421,,Earth to Echo,Kingdom of Heaven,Dave Green,Ridley Scott,2014.0,2005
1002,5504,,The Calling,The Odd Angry Shot,Jason Stone,Tom Jeffrey,2014.0,1979
1947,6085,,2 Days in New York,Duel of the Iron Fist,Julie Delpy,Cheh Chang,2012.0,1971
2586,4756,,Harmony and Me,Malarek,,Roger Cardinal,2009.0,1988
817,6262,,The Woman in Black 2: Angel of Death,Hell on Wheels,Tom Harper,Will Zens,2015.0,1967
1751,5022,,The End of Love,The Naked Country,,Tim Burstall,2013.0,1985
2348,2302,,Cedar Rapids,One Last Dance,Miguel Arteta,Max Makowski,2011.0,2006
3481,5208,,Casablanca,D.C. Cab,,Joel Schumacher,1942.0,1983
3547,406,,The Bicycle Thief,Asphalt Angels,Vittorio De Sica,Christopher Krueger,1949.0,2014
1795,2183,,Monsieur Hire,Showdown at Area 51,Patrice Leconte,C. Roma,1989.0,2007
370,1291,,Z for Zachariah,7 Aum Arivu,Craig Zobel,A.R. Murugadoss,2015.0,2011
2041,2177,,Rampart,Honeyz,Oren Moverman,Tom Six,2012.0,2007
1755,820,,Emperor,Fists of Legend,Peter Webber,Woo-Suk Kang,2013.0,2013
855,1328,,Laggies,Top Cat: The Movie,Lynn Shelton,Alberto Mar,2014.0,2011
1604,2410,,In a World...,The Falling,Lake Bell,Nicholas Gyeney,2013.0,2006
2118,3781,,Paul Goodman Changed My Life,Gladiator Cop,Jonathan Lee,Nick Rotundo,2011.0,1995
314,3403,,Why We Fight,McCinsey's Island,,Sam Firstenberg,2006.0,1998
2602,933,,Mon oncle d'Amerique,The Whirl,,Bojan Vuk Kosovcevic,1980.0,2012
3209,1166,,My Man Godfrey,Tower Heist,Gregory La Cava,Brett Ratner,1936.0,2011
976,3311,,Time Is Illmatic,Hijack,One9,Worth Keeter,2014.0,1999
2951,5982,,XXY,Zanjeer,,Prakash Mehra,2008.0,1973
87,2321,,Stranger Than Fiction,Bastards,Marc Forster,Aleksandr Atanesyan,2006.0,2006
1058,5280,,The Dog,Hunters of the Golden Cobra,"Allison Berg,François Keraudren",Antonio Margheriti,2014.0,1982
1880,1650,,Nobody Walks,My Best Bodyguard,Ry Russo-Young,Sirippakorn Wongchariyawat,2012.0,2010
2154,3980,,The Sitter,No Escape,David Gordon Green,Martin Campbell,2011.0,1994
3139,2279,,Grace is Gone,Dishdogz,,Mikey Hilb,2007.0,2006
1755,951,,Emperor,Universal Soldier: Day of Reckoning,Peter Webber,John Hyams,2013.0,2012
254,3449,,Finding Home,No Code of Conduct,,Bret Michaels,2009.0,1998
2572,1346,,The Girl with the Dragon Tattoo,Mappillai,Niels Arden Oplev,Suraj,2010.0,2011
1692,965,,The Iran Job,Snow White and the Huntsman,,Rupert Sanders,2013.0,2012
609,1243,,Noble,Age of the Dragons,Stephen Bradley,Ryan Little,2015.0,2011
842,1055,,The Tale of The Princess Kaguya,Osombie,Isao Takahata,John Lyde,2014.0,2012
1373,1342,,G.B.F.,Remains,Darren Stein,Colin Theys,2014.0,2011
3100,1584,,Flags of Our Fathers,Khaleja,Clint Eastwood,Trivikram Srinivas,2007.0,2010
663,3381,,Kidnapping Mr. Heineken,Reptile 2001,Daniel Alfredson,Hyung-rae Shim,2015.0,1999
2650,4073,,Bright Star,Cliffhanger,,Renny Harlin,2009.0,1993
2014,485,,The Grey,The Target,Joe Carnahan,Chang,2012.0,2014
3294,4814,,3 Women,Down Twisted,,Albert Pyun,1977.0,1987
3413,3079,,House of Games,The Tunnel,,Roland Suso Richter,1987.0,2001
331,4167,,Unknown White Male,Adventures in Spying,Rupert Murray,Hil Covington,2006.0,1992
325,4883,,Aquamarine,Code Name Vengeance,Elizabeth Allen,David Winters,2006.0,1987
2234,4051,,Sholem Aleichem: Laughing in the Darkness,Honor and Glory,,Godfrey Ho,2011.0,1993
2544,4909,,Robin Hood,Hell Squad,Ridley Scott,Kenneth Hartford,2010.0,1986
3366,6086,,The Dead,Duel of the Iron Fist,John Huston,Cheh Chang,1987.0,1971
672,5740,,Run All Night,Trackdown,Jaume Collet-Serra,Richard T. Heffron,2015.0,1976
606,3139,,The Tribe,Guns & Talks,Miroslav Slaboshpitsky,Jin Jang,2015.0,2001
733,6589,,Annie,Lydia Bailey,Will Gluck,Jean Negulesco,2014.0,1952
2065,3960,,Footnote,Burning Paradise,,Ringo Lam,2012.0,1994
970,1342,,Good People,Remains,Henrik Ruben Genz,Colin Theys,2014.0,2011
449,2662,,Paper Towns,Mountain Patrol,Jake Schreier,Chuan Lu,2015.0,2004
2978,2285,,Swing Vote,A New Wave,Joshua Michael Stern,Jason Carvey,2008.0,2006
2706,2961,,The Informant!,Public Enemy,Steven Soderbergh,Woo-Suk Kang,2009.0,2002
1810,5194,,Robot & Frank,Shao Lin yu Wu Dang,Jake Schreier,Chia-Hui Liu,2012.0,1983
2992,2810,,Dog Day Afternoon,Lastikman,Sidney Lumet,Tony Y. Reyes,1975.0,2003
49,875,,December Boys,The Wrath of Vajra,Rod Hardy,Wing-cheong Law,2007.0,2013
322,5860,,The Boys of Baraka,Hangup,"Heidi Ewing,Rachel Grady",Henry Hathaway,2006.0,1974
2631,4268,,Nine,Holy Virgin vs. The Evil Dead,Rob Marshall,Chin-Ku Lu,2009.0,1991
1243,6821,,Haunt,Tarzan's Revenge,Mac Carter,D. Ross Lederman,2014.0,1938
1422,1639,,Expecting,Blades of Blood,Jessie McCormack,Joon-ik Lee,2013.0,2010
2191,1237,,Tower Heist,Elephant White,Brett Ratner,Prachya Pinkaew,2011.0,2011
3298,6511,,A Woman's Tale,Foxfire,,Joseph Pevney,1992.0,1955
1056,131,,Finding Fela,The Throwaways,Alex Gibney,Tony Bui,2014.0,2015
1641,4171,,The Internship,The Bodyguard,Shawn Levy,Mick Jackson,2013.0,1992
1144,5736,,A Night in Old Mexico,The Cop in Blue Jeans,Emilio Aragón,Bruno Corbucci,2014.0,1976
3121,2711,,Taxi to the Dark Side,Hulchul,,Priyadarshan,2008.0,2004
2698,6545,,The September Issue,The Shanghai Story,R.J. Cutler,Frank Lloyd,2009.0,1954
1328,5538,,The New Rijksmuseum,La banda del gobbo,Oeke Hoogendijk,Umberto Lenzi,2013.0,1978
1235,4526,,The Bag Man,Blind Fury,David Grovic,Phillip Noyce,2014.0,1989
724,5090,,Unfriended,Tuff Turf,Leo Gabriadze,Fritz Kiersch,2015.0,1985
1460,4331,,These Birds Walk,Ring of Fire,"Omar Mullick,Bassam Tariq",Richard W. Munchkin,2013.0,1991
432,3759,,Freeheld,Sapoot,Peter Sollett,Jagdish A. Sharma,2015.0,1996
2928,2254,,The Lucky Ones,Full Clip,Neil Burger,mink,2008.0,2006
2005,25,,Wrath of the Titans,Fight Like a Girl,Jonathan Liebesman,Daniel Armstrong,2012.0,2015
2188,6444,,The Wise Kids,Up Periscope,,Gordon Douglas,2011.0,1959
2033,3912,,Marley,Double Dragon,Kevin MacDonald,James Yukich,2012.0,1994
3490,3444,,Wings of Desire,Renegade Force,,Martin Kunert,1988.0,1998
2828,505,,Bedtime Stories,Centurion AD,Adam Shankman,Brian Reed Garvin,2008.0,2014
1883,2492,,Francine,I Know What You Did Last Winter,,Emilio Ferrari,2012.0,2005
1572,360,,GMO OMG,Campin' Buddies,Jeremy Seifert,Tom Logan,2013.0,2014
2498,5686,,Gigante,The Swiss Conspiracy,,Jack Arnold,2010.0,1976
1911,228,,Snow White and the Huntsman,The Monkey King,Rupert Sanders,Pou-Soi Cheang,2012.0,2014
158,4409,,Poseidon,Delta Force 2: The Colombian Connection,Wolfgang Petersen,Aaron Norris,2006.0,1990
2474,1737,,Behind the Burly-Q,Next Day Air,,Benny Boom,2010.0,2009
1219,1819,,Mistaken for Strangers,Vengeance,Tom Berninger,Johnnie To,2014.0,2009
3061,4522,,Darfur Now,Batman,,Tim Burton,2007.0,1989
1281,3607,,Finding Vivian Maier,The Shadow Men,"John Maloof,Charlie Siskel",Timothy Bond,2014.0,1997
875,6427,,Inherent Vice,The Night Fighters,Paul Thomas Anderson,Tay Garnett,2014.0,1960
3331,5184,,Moolaade,Final Mission,,Cirio H. Santiago,2007.0,1984
526,1406,,Stations of the Cross,Inside Story,Dietrich Brüggemann,Rolie Nikiwe,2015.0,2011
3088,2393,,My Blueberry Nights,Deadlands: The Rising,Wong Kar-Wai,Gary Ugarek,2008.0,2006
1854,5156,,Fred Won't Move Out,Lassiter,,Roger Young,2012.0,1984
1495,1081,,Khumba,Berserk: The Golden Age Arc I - The Egg of the King,Anthony Silverston,Toshiyuki Kubooka,2013.0,2012
659,4920,,These Final Hours,Band of the Hand,Zak Hilditch,Paul Michael Glaser,2015.0,1986
258,400,,Crumb,Light from the Darkroom,Terry Zwigoff,Lance McDaniel,1995.0,2014
2516,2741,,The Greatest,National Security,,Dennis Dugan,2010.0,2003
2646,764,,The Book of Eli,Sons of Liberty,"Albert,Allen Hughes",Drew Hall,2010.0,2013
1234,4403,,The Wind Rises,Circuitry Man,Hayao Miyazaki,Steven Lovy,2013.0,1990
919,6889,,Bad Turn Worse,Paradise Island,"Simon Hawkins,Zeke Hawkins",Bert Glennon,2014.0,1930
970,2965,,Good People,Blood Work,Henrik Ruben Genz,Clint Eastwood,2014.0,2002
1656,3580,,Museum Hours,The Saint,Jem Cohen,Phillip Noyce,2012.0,1997
3470,6743,,In Cold Blood,Sahara,,Zoltan Korda,1968.0,1943
763,5123,,Red Army,Shaolin Temple 2: Kids from Shaolin,Gabe Polsky,Hsin-Yen Chang,2015.0,1984
2396,5797,,The Karate Kid,Let's Do It Again,Harald Zwart,Sidney Poitier,2010.0,1975
1684,5076,,After Earth,Runaway Train,M. Night Shyamalan,Andrey Konchalovskiy,2013.0,1985
2847,3838,,The Pink Panther 2,Peace Hotel,Harald Zwart,Ka-Fai Wai,2009.0,1995
2171,6031,,Trespass,J.C.,Joel Schumacher,William F. McGaha,2011.0,1972
1081,6441,,The Possession of Michael King,Tarzan's Greatest Adventure,David Jung,John Guillermin,2014.0,1959
848,6579,,Stonehearst Asylum,Blackhawk: Fearless Champion of Freedom,Brad Anderson,Spencer Gordon Bennet,2014.0,1952
624,4016,,Echoes Of War,Chain of Command,Kane Senes,David Worth,2015.0,1994
3207,1385,,A Man Escaped,Bini-biniku gangster,,Ismail Bob Hasim,1956.0,2011
680,5956,,The Kidnapping of Michel Houellebecq,Jugnu,Guillaume Nicloux,Pramod Chakravorty,2015.0,1973
3151,6348,,Once,The Two Gladiators,,Mario Caiano,2007.0,1964
1735,1396,,Phil Spector,Ang Panday 2,,Mac Alejandre,2013.0,2011
3294,4283,,3 Women,Born to Ride,,Graham Baker,1977.0,1991
2761,3591,,Ghosts of Girlfriends Past,That Darn Cat,Mark Waters,Bob Spiers,2009.0,1997
1632,2962,,Pawn Shop Chronicles,The Stickup,Wayne Kramer,Rowdy Herrington,2013.0,2002
547,1759,,Tu dors Nicole,A Lonely Place for Dying,Stéphane LaFleur,Justin Eugene Evans,2015.0,2009
1380,3165,,24 Exposures,Pitch Black,Joe Swanberg,David Twohy,2014.0,2000
963,1815,,This Is Where I Leave You,Kal Kissne Dekha,Shawn Levy,Vivek Sharma,2014.0,2009
910,3928,,Actress,Blown Away,Robert Greene,Stephen Hopkins,2014.0,1994
2495,1063,,Red Riding Trilogy,Recognize,Julian Jarrold,Terry Miles,2010.0,2012
2989,6335,,Boy A,Thunderball,John Crowley,Terence Young,2008.0,1965
1812,5073,,Nobody Else But You,Red Sonja,Gerald Hustache-Mathieu,Richard Fleischer,2012.0,1985
2712,5813,,In a Lonely Place,The Ultimate Warrior,,Robert Clouse,1950.0,1975
3226,6021,,A Prairie Home Companion,The Getaway,Robert Altman,Sam Peckinpah,2006.0,1972
1352,5295,,Girl on a Bicycle,The Soldier,Jeremy Leven,James Glickenhaus,2014.0,1982
695,6811,,The Hand That Feeds,Alexander Nevsky,"Rachel Lears,Robin Blotnick",Sergei M. Eisenstein,2015.0,1938
822,6508,,Predestination,Torpedo Zone,"Michael Spierig,Peter Spierig",Duilio Coletti,2015.0,1955
991,971,,Keep On Keepin’ On,Battleground,Alan Hicks,Neil Mackay,2014.0,2012
950,6063,,St. Vincent,Charcoal Black,Theodore Melfi,Chris Robinson,2014.0,1972
1173,287,,Belle,Fury: The Tales of Ronan Pierce,Amma Asante,Kevin A. McCarthy,2014.0,2014
2535,328,,Viridiana,Holiday,,A.R. Murugadoss,1961.0,2014
2180,3431,,Texas Killing Fields,Snake Eyes,Ami Canaan Mann,Brian De Palma,2011.0,1998
1337,2334,,47 Ronin,Crossover,Carl Rinsch,Preston A. Whitmore II,2013.0,2006
3000,4864,,My Winnipeg,Steele Justice,Guy Maddin,Robert Boris,2008.0,1987
1770,758,,Oscar shorts: Live action,500 MPH Storm,,Daniel Lusko,2013.0,2013
2857,6239,,"Moscow, Belgium",The Night of the Following Day,Christophe van Rompaey,Hubert Cornfield,2009.0,1968
3304,3596,,The Scarlet Empress,Turbulence,,Robert Butler,1934.0,1997
248,1615,,Bee Season,Iron Lord,"Scott McGehee,David Siegel",Dmitriy Korobkin,2005.0,2010
1895,3516,,Life of Pi,Vice Girls,Ang Lee,Richard Gabai,2012.0,1997
545,1867,,San Andreas,Gang Girl,Brad Peyton,Damian Bailey,2015.0,2009
2666,4557,,Looking for Eric,The Iceman Cometh,Ken Loach,Clarence Yiu-leung Fok,2009.0,1989
473,4524,,A Hard Day,Best of the Best,Kim Seong-Hun,Robert Radler,2015.0,1989
2940,1856,,Elegy,Eden of the East the Movie I: The King of Eden,Isabel Coixet,Kenji Kamiyama,2008.0,2009
1918,3208,,The Best Exotic Marigold Hotel,Red Planet,John Madden,Antony Hoffman,2012.0,2000
1583,3443,,Afternoon Delight,Thursday,Jill Soloway,Skip Woods,2013.0,1998
2837,3276,,The Secret of the Grain,The Mod Squad,,Scott Silver,2009.0,1999
685,3185,,Man from Reno,The Perfect Storm,Dave Boyle,Wolfgang Petersen,2015.0,2000
2025,2331,,Deadline,Karaula,Curt Hahn,Rajko Grlic,2012.0,2006
3375,288,,Sunrise,Infiltrators,F.W. Murnau,Michael Stokes,1928.0,2014
1317,1554,,Life of a King,Wildfire: The Arabian Heart,Jake Goldberger,Michael Vincent,2014.0,2010
3424,5541,,Network,Hi-Riders,Sidney Lumet,Greydon Clark,1976.0,1978
2725,6019,,Rio Bravo,The Final Comedown,,Oscar Williams,1959.0,1972
2434,868,,Inception,Tough as Iron,,Kwon-tae Ahn,2010.0,2013
2449,2246,,Catfish,Pokkiri,"Henry Joost,Ariel Schulman",Prabhudheva,2010.0,2007
746,3434,,Match,Tarzan and the Lost City,Stephen Belber,Carl Schenkel,2015.0,1998
161,4312,,Hate Crime,If Looks Could Kill,,William Dear,2006.0,1991
901,1515,,The Tower,Shoot the Hero,Christian Schwochow,Christian Sesma,2014.0,2010
1843,251,,Pitch Perfect,SEAL Patrol,Jason Moore,Nicolas Aaron Mezzanatto,2012.0,2014
2543,80,,Letters to Juliet,Jalaibee,Gary Winick,Yasir Jaswal,2010.0,2015
349,574,,Hotel Transylvania 2,Gangster Squad,Genndy Tartakovsky,Ruben Fleischer,2015.0,2013
3101,4190,,This Christmas,Police Story 3: Supercop,,Stanley Tong,2007.0,1992
3514,3327,,The General,Made Men,"Buster Keaton,Clyde Bruckman",Louis Morneau,1927.0,1999
2947,4192,,I Served the King of England,Kickboxer 3: The Art of War,,Rick King,2008.0,1992
