ID_A,ID_B,Title_A,Title_B,Director_A,Director_B,Year_A,Year_B
5134,1244,The Lion in Winter ,Broken Arrow,Anthony Harvey,Delmer Daves,2001,1950
1982,1480,Six-String Samurai ,Totally Baked: A Pot-u-mentary,Lance Mungia,Lee Abbott,1999,2007
5109,861,The Twilight Saga: Eclipse (Single-Disc Edition) ,Illegal Business,David Slade,Ed Quiroz,2010,2005
780,5638,Speed (Widescreen Edition) [DVD] ,It Felt Like Love,Jan de Bont,Eliza Hittman,2005,2014
4944,2724,"80s Comedies Spotlight Collection [The Breakfast Club, Sixteen Candles, Fast Times at Ridgemont High] (Universal's 100th Anniversary) ",Fire With Fire,John Hughes,David Barrett,2012,2012
4914,1584,The Woman in Black ,The Stalking Moon,James Watkins,Robert Mulligan,2012,1968
3334,1732,Wreckers    ,Australia,Dictynna Hood,Baz Luhrmann,2013,2008
3410,3185,"4 Film Favorites: Ice Cube (All About the Benjamins, Friday, Next Friday, Friday After Next) ",Escape to Athena,Various,George P. Cosmatos,2008,1979
2980,5515,The Courage to Love    ,Tapped Out,Kari Skogland,Allan Ungar,2000,2014
3383,1245,Secretary    ,Fay Grim,Steven Shainberg,Hal Hartley,2000,2007
2061,6298,8 Diagram Pole Fighter ,Do You Believe?,Chia-Liang Liu,Jonathan M. Gunn,2010,2015
4791,6258,Jane Austen's Emma    ,5 Flights Up,Diarmuid Lawrence,Richard Loncraine,1997,2015
94,1530,The Hobbit: An Unexpected Journey (plus bonus features)    ,Jumper,Peter Jackson,Doug Liman,2012,2008
4159,1511,White God    ,Come Drink With Me,Kornél Mundruczó,King Hu,2015,1965
2838,2076,Everybody's Fine    ,Ninja Assassin,Kirk Jones,James McTeigue,2009,2009
5234,2899,Murder of Couriers    ,Jack the Giant Slayer,Neil Brill,Bryan Singer,2014,2013
2614,1169,The Relic    ,Death Train (Im Auftrag des Vatikans),Peter Hyams,Diethard Kuster,1997,2006
2360,3287,Kiss The Girls / Along Came A Spider (DBFE) ,Iceman,Gary Fleder,Wing-cheong Law,2013,2014
5149,5915,The Enchanted Cottage ,Frank,John Cromwell,Lenny Abrahamson,2006,2014
1058,5564,The Fall (+ BD Live) [Blu-ray] ,The Grand Budapest Hotel,Tarsem Singh,Wes Anderson,2008,2014
2878,1389,After (English Subtitled)   ,Fong juk (Exiled),Alberto Rodríguez,Johnnie To,2009,2006
2065,6051,Primeval   ,When the Garden was Eden,Cilla Ware,Michael Rapaport,2008,2014
3344,2268,I Witness    ,Legendary,Rowdy Herrington,Mel Damski,2003,2010
4647,729,The Butterfly Effect    ,Home Invasion,Eric Bress,Rick Jenkins,2004,2005
3621,4544,The Family Stone    ,The Perks of Being a Wallflower,Thomas Bezucha,Stephen Chbosky,2005,2012
4121,5562,Veronica Mars ,Joe,Rob Thomas,David Gordon Green,2014,2014
1000,4400,Dragon Ball Z: Season 1 (Vegeta Saga) ,Barfi!,Daisuke Nishio,Anurag Basu,1996,2012
3307,6022,Elizabeth's Gift    ,Refuge From The Storm,Rob Diamond,ElÌ_as Acosta,2015,2013
916,4237,Taken (Single-Disc Extended Edition) ,White Vengeance,Pierre Morel,Daniel Lee,2009,2011
3271,6302,Low Down    ,Lost For Words,Jeff Preiss,Stanley J. Orzel,2014,2013
3496,3645,Children Of The Grave    ,The Last Run,Christopher Saint Booth,Richard Fleischer,2013,1971
3161,3849,The Craft    ,Most Valuable Players,Andrew Fleming,Matthew D. Kallis,1996,2010
2597,3846,Braveheart/ Alexander Revisited (BD) (DBFE) [Blu-ray] ,Apostle Peter and the Last Supper,Various,Gabriel Sabloff,2013,2012
4392,3504,Stand and Deliver ,The Bang Bang Club,Ramon Menendez,Steven Silver,2010,2011
5038,47,50 First Dates    ,Robin Hood,Peter Segal,John Irvin,2004,1991
4321,6355,Joe Versus The Volcano ,In the Name of My Daughter,John Patrick Shanley,Andre Techine,2007,2015
1506,1013,Terminator Salvation (Two-Disc Director's Cut) [Blu-ray] ,The Brotherhood,McG,David DeCoteau,2009,2001
2509,1635,State Property ,Milarepa,Abdul Malik Abbott,Neten Chokling,2002,2007
2055,2551,Havana ,Island of Lost Souls,Sydney Pollack,Lee Sang-hoon II,2010,2007
1019,4862,Fail-Safe ,Loose Cannons (Mine Vaganti),Sidney Lumet,Ferzan zpetek,2000,2010
4668,2429,Erin Brockovich ,Tracker,Steven Soderbergh,Ian Sharp,2000,2011
4185,6000,Bicentennial Man ,My Old Lady,Chris Columbus,Israel Horovitz,2000,2014
3971,4914,Miracle (2004)    ,The Odd Angry Shot,Gavin O'Connor,Tom Jeffrey,2004,1979
359,3683,The Librarians   ,Serenade,Dean Devlin,Anthony Mann,2014,2000
3227,4066,Lovesick    ,Rift,Luke Matheny,LazRael Lison,2015,2011
4864,2849,P.S. I Love You ,The Colombian Connection,Richard LaGravenese,Julian Higgins,2008,2011
4699,6148,Aloft    ,Affluenza,Claudia Llosa,Kevin Asch,2015,2014
2967,5906,Salt (Deluxe Unrated Edition) [Blu-ray] ,"""Norte, the End of History""",Philip Noyce,Lav Diaz,2010,2014
3097,1575,Shall We Dance?    ,The Scorpion King 2,Peter Chelsom,Russell Mulcahy,2004,2008
4526,3010,Son of God ,Ambushed (Rush),Christopher Spencer,Giorgio Serafini,2014,2013
849,2408,Act of Valor ,Simba,Mike McCoy,Brian Desmond Hurst,2012,1955
1916,3052,Invasion U.S.A. ,Freezer,Joseph Zito,Mikael Salomon,2001,2014
2124,908,The Ten Commandments (Three-Disc 50th Anniversary Collection) ,Tiger Heart,Cecil B. DeMille,George Chamchoun,2006,1996
1528,3473,Destination Moon ,Chain of Command,Irving Pichel,Kevin Carraway,2000,2015
2263,887,Daft Punk - Interstella 5555 ,The Detonator,Kazuhisa Takenôchi,Po Chih Leong,2003,2006
3243,5786,The Hobbit: An Unexpected Journey (Extended Edition)    ,Rude Dude,Peter Jackson,Ian Fischer,2012,2012
1872,1548,Traffic ,Twin Daggers,Steven Soderbergh,Chan Kwan-Hau,2002,2006
1153,5119,"Hunter, The ",Deceptions Of Love,Buzz Kulik,Christopher E. Morgan,2001,2013
3562,5217,The Usual Suspects    ,Blue Caprice,Bryan Singer,Alexandre Moors,1995,2013
741,1744,Sabotage (Blu-ray + DVD + DIGITAL HD with UltraViolet) ,Afro Ninja,David Ayer,Mark Hicks,2014,2009
755,1724,"Girls, Guns and G-Strings: The Andy Sidaris Collection (12 Film Set) ",Super Model,Various,Vincent Kok,2011,2004
1194,3870,The Counselor (Unrated Extended Cut) [Blu-ray] ,Deadheads,Ridley Scott,Brett Pierce,2014,2011
5242,1398,A Raisin in the Sun ,Maximum Cage Fighting,Daniel Petrie,Gerson Sanginitto,2000,2006
3921,2321,October Sky    ,The Big I Am,Joe Johnston,Nic Auerbach,1999,2010
360,3318,Alien Quadrilogy (Alien / Aliens / Alien 3 / Alien Resurrection) ,The Maze Runner,David Fincher,Wes Ball,2003,2014
5074,4576,American Graffiti    ,Fast Girls,George Lucas,Regan Hall,1973,2012
2481,3291,Red Scorpion (Blu-ray/DVD Combo) ,More Dead Than Alive,Joseph Zito,Robert Sparr,2012,1969
1698,243,Macgyver - The Complete Third Season ,Challenge To Be Free,Alan Simmonds,Tay Garnett,2005,1975
2860,3107,An Unfinished Life    ,Sharkproof,Lasse Hallström,Simon Chan,2006,2013
1316,315,Stargate Atlantis: Season 2 ,Ice Station Zebra,Andy Mikita,John Sturges,2007,1968
1124,5824,The Bounty Hunter ,Homecoming,Andy Tennant,Todd Kniss,2010,2014
4888,276,The Dry Valley   ,The Hound of the Baskervilles,Aleksandra Strelyanaya,Paul Morrissey,2011,1980
295,2704,The Librarian: Curse of the Judas Chalice ,Nightscape: Dark Reign Of Thanatos,Jonathan Frakes,Dom Lenoir,2009,2012
848,2073,Robin Hood: Prince of Thieves (Extended Version) [Blu-ray] ,Astro Boy (AstroBoy),Kevin Reynolds,David Bowers,2009,2009
3369,1341,Shining Through    ,Fantastic Four: Rise of the Silver Surfer,David Seltzer,Tim Story,1992,2007
1711,1525,Moby Dick (1956)    ,Never Forget,John Huston,Leo Scherman,1956,2007
3213,4974,La Repetition (English Subtitled)   ,And Now A Word From Our Sponsor,Catherine Corsini,Zack Bernbaum,2001,2013
3621,5887,The Family Stone    ,Rhymes For Young Ghouls,Thomas Bezucha,Jeff Barnaby,2005,2014
2996,5360,The Cabin In The Woods    ,Saving Mr. Banks,Drew Goddard,John Lee Hancock,2012,2013
2533,5546,Mongol: The Rise of Genghis Khan ,A Box For Rob,Sergei Bodrov,Renzo Vasquez,2008,2013
499,2847,Green Street Hooligans ,Wu xia (Dragon),Lexi Alexander,Peter Chan,2006,2012
3854,389,Permanent Midnight    ,Kansas Pacific,David Veloz,Ray Nazarro,1998,1953
2819,3893,The Crucible    ,Les femmes du 6e Ì©tage (The Women on the 6th Floor),Nicholas Hytner,Phillipe Le Guay,1996,2011
710,888,3 Days in Havana    ,Street Law,Gil Bellows,Min Byung Jin,2015,1974
3908,1197,The American President ,Muk gong (Battle of Wits),Rob Reiner,Chi Leung 'Jacob' Cheung,2008,2006
1743,1141,U-571 (Collector's Edition) ,Hellboy: Blood and Iron,Jonathan Mostow,Phil Weinstein,2000,2007
4798,645,Patema Inverted [Blu-ray] ,Sin City,Yasuhiro Yoshiura,Robert Rodriguez,2014,2005
1857,274,Flight to Mars ,Gunga Din,Lesley Selander,George Stevens,2002,1939
4011,4916,My Sister's Keeper (2009)    ,Chariot,Nick Cassavetes,Brad Osborne,2009,2013
4260,5739,An Unfinished Life ,As Dreamers Do,Lasse Hallström,Eric Stacey,2011,2014
4521,5862,Perfect Sisters    ,El Desierto (The Desert),Stanley M. Brooks,Christoph Behl,2014,2013
2907,4080,Delicacy (English Subtitled)   ,Perfect Strangers (Vacation from Marriage),David Foenkinos,Alexander Korda,2012,1945
2978,3930,The D Train    ,We Bought a Zoo,Andrew Mogel,Cameron Crowe,2015,2011
1012,3153,Gods and Generals (Extended Director's Cut)    ,The Monuments Men,Ron Maxwell,George Clooney,2003,2014
1122,3582,Hulk [Blu-ray] ,The Presence,Ang Lee,Tom Provost,2008,2010
665,5504,Frank Miller's Sin City: A Dame To Kill For    ,Sophia Grace and Rosie's Royal Adventure,Frank Miller,Brian Levant,2014,2014
3606,3850,A Conspiracy of Lies: Flight 370 to 911    ,Five Star Day,J. Michael Long,Danny Buday,2015,2011
608,1994,The Tourist    ,Into the Storm,Florian Henckel von Donnersmarck,Thaddeus O'Sullivan,2010,2008
3485,3404,Gravity    ,Antarctica: A Year on Ice,Alfonso Cuarón,Anthony Powell,2013,2014
883,5293,Attack the Block    ,Ode to Billy Joe,Joe Cornish,Max Baer Jr.,2011,1976
4103,1336,The Stallion (English Subtitled)   ,Walking Tall: Lone Justice,Not Available,Tripp Reed,2005,2007
1336,3947,The Wild Bunch [Blu-ray] ,The Iron Lady,Sam Peckinpah,Phyllida Lloyd,2007,2012
4038,6339,Simon Birch ,Urok (The Lesson),Mark Steven Johnson,Kristina Grozeva,1999,2015
1781,3976,Congo ,White Knuckles,Various,Kevin K. Shah,1999,2011
4386,1717,Mi Vida Loca (My Crazy Life) ,The Outrage,Allison Anders,Martin Ritt,2005,1964
1732,1108,The Pretender 2001 / The Pretender - Island of the Haunted ,Holla at Me,Frederick King Keller,Patrick Jerome,2007,2007
1971,5037,Spartacus   ,Resolution,Michael Hurst,Justin Benson,2012,2013
735,2537,The Sea Wolves (Keep Case Packaging) ,Puss in Boots,Andrew V. McLaglen,Chris Miller,2006,2011
3751,4014,Jack and Diane    ,Rampart,Bradley Rust Gray,Oren Moverman,2012,2012
3586,3843,Into The Wild ,The Fugitive,Various,John Ford,2008,1947
1171,4456,Batman Returns (BD) [Blu-ray] ,Something Better Somewhere Else,Tim Burton,Ron Lazzeretti,2010,2010
4348,3423,Chariots Of Fire ,Absolution (Mercenary: Absolution),Hugh Hudson,Keoni Waxman,2011,2015
177,5059,The Hobbit: The Battle of The Five Armies    ,The Internship,Peter Jackson,Shawn Levy,2014,2013
2043,2962,Passenger 57 (Keep Case Packaging) ,Java Heat,Kevin Hooks,Conor Allyn,2009,2013
141,6139,Dragon Blade    ,The Wicked Lady,Daniel Lee,Michael Winner,2015,1983
1780,2007,Cross of Iron (Widescreen Special Edition) ,Harry Potter and the Half-Blood Prince,Sam Peckinpah,David Yates,2006,2009
1138,4452,Wrath of the Titans ,Red Hook Summer,Jonathan Liebesman,Spike Lee,2012,2012
4115,309,We Are Marshall (Widescreen Edition) ,King Solomon's Mines,McG,Compton Bennett,2007,1950
3055,2696,Electra Love 2000    ,Resident Evil: Damnation,Jay Raskin,Makoto Kamiya,1991,2012
3702,4454,The Man Who Shot Liberty Valance (BD) [Blu-ray] ,The Words,Various,Lee Sternthal,2015,2012
2389,866,Attila ,The Cutter,Dick Lowry,William Tannen,2002,2005
2367,3846,"4 Film Favorites: Brad Pitt (The Curious Case Of Benjamin Button, Babel, Troy, Seven) ",Apostle Peter and the Last Supper,Various,Gabriel Sabloff,2013,2012
2198,1903,"4 Film Favorites: Bruce Willis (16 Blocks, The Last Boy Scout, Last Man Standing, The Whole Nine Yards) ",The Art of War III: Retribution,Various,Gerry Lively,2009,2009
3192,4603,Burlesque ,The First Time,Steve Antin,Jon Kasdan,2011,2012
4544,1812,Hamlet (1996)    ,Fanboys,Kenneth Branagh,Kyle Newman,1996,2008
1132,6041,The Blue and the Gray: The Complete Miniseries ,Jake Squared,Andrew V. McLaglen,Howard Goldberg,2001,2014
4205,1456,Batman Begins    ,Nancy Drew,Christopher Nolan,Andrew Fleming,2005,2007
1232,1075,The Alamo    ,The Da Vinci Code,John Lee Hancock,Ron Howard,2004,2006
1169,1601,Miami Vice (Unrated Director's Edition) [Blu-ray] ,Deception,Michael Mann,Marcel Langenegger,2008,2008
1596,3853,Ken Burns - American Lives (Thomas Jefferson / Lewis & Clark / Frank Lloyd Wright / Elizabeth Cady Stanton & Susan B Anthony / Mark Twain / Horatio's Drive / Unforgivable Blackness) ,The Space Between,Ken Burns,Travis Fine,2005,2011
5005,5117,Mary of Nazareth ,And While We Were Here,Giacomo Campiotti,Kat Coiro,2014,2013
61,1928,Shoot First And Pray You Live    ,Battle For Terra,Lance Doty,Aristomenis Tsirbas,2008,2009
2158,3804,Rocky V ,Running Inside Out,John G. Avildsen,Robbie Hirst,2005,2011
5242,1131,A Raisin in the Sun ,Sinners in Paradise,Daniel Petrie,James Whale,2000,1938
3913,1172,Help! I'M A Boy    ,The Return of Frank James,Oliver Dommenget,Fritz Lang,2007,1940
1426,4184,Menace II Society / Juice (DBFE) ,Mary Marie,Various,Alexandra Roxo,2013,2012
424,3441,Rush Hour    ,The Gunman,Brett Ratner,Pierre Morel,1998,2015
4862,5842,Sonny Boy [Blu-ray] ,About Alex,Robert Martin Carroll,Jesse Zwick,1916,2014
4498,2950,How Do You Know    ,Billy The Kid,James L. Brooks,Christopher Forbes,2010,2013
2260,4850,Night Moves    ,The Adored,Arthur Penn,Carl Medland,1972,2012
1215,5597,Hero ,Don Peyote,Yimou Zhang,Dan Fogler,2011,2014
191,397,The Dark Knight Rises    ,Bulldog Drummond's Revenge,Christopher Nolan,Louis King,2012,1937
2480,163,Those Magnificent Men In Their Flying Machines    ,It Happened at the World's Fair,Ken Annakin,Norman Taurog,1965,1963
4993,854,Precious    ,Enemy Gold,Lee Daniels,Christian Drew Sidaris,2009,1993
511,38,The Fall    ,Bob le Flambeur (Bob the Gambler),John Krueger,Jean-Pierre Melville,2008,1955
1318,1523,Red Dawn ('84)    ,Nan er ben se (Invisible Target),John Milius,Benny Chan,1984,2008
509,14,Trash    ,The Rundown (Welcome to the Jungle),Stephen Daldry,Peter Berg,2015,2003
2345,3753,Horse Soldiers    ,The Greening Of Whitney Brown,John Ford,Peter Skillman Odiorne,1959,2011
5027,1931,X-Men: The Last Stand    ,Mandie and the Secret Tunnel,Brett Ratner,Joy Chapman,2006,2009
667,4455,Nothing But Trouble (1991) ,The Well-Digger's Daughter,Dan Aykroyd,Daniel Auteuil,2004,2012
1735,554,Hudson Hawk ,Over the Top,Michael Lehmann,Menahem Golan,1999,1987
2513,2119,Everly    ,American Bandits: Frank and Jesse James,Joe Lynch,Fred Olen Ray,2015,2010
5058,1589,Across the Universe [Blu-ray] ,Next Avengers: Heroes of Tomorrow,Julie Taymor,Gary Hartle,2008,2008
1263,6193,Dokkoida?!   ,Before I Disappear,James Corrigall,Shawn Christensen,2004,2014
4323,597,The Lives Of Others    ,Six Against the Rock,Florian Henckel von Donnersmarck,Paul Wendkos,2007,1987
2224,4407,Phantasm II    ,Step Up Revolution,Don Coscarelli,Scott Speer,1988,2012
1962,5960,Batman: Mystery of the Batwoman    ,Happy End?!,Curt Geda,Petra Clever,2002,2014
1955,3419,The Fall Guy: The Complete Season 1 ,Dinosaur Island,Bruce Bilson,Matt Drummond,2007,2015
3630,3047,Mrs. Henderson Presents    ,Riddick,Stephen Frears,David Twohy,2005,2013
455,2795,The Monuments Men ,So Undercover,George Clooney,Tom Vaughan,2014,2012
3453,1805,The Birds    ,Dadnapped,Alfred Hitchcock,Paul Hoen,1963,2009
1249,1940,Spartacus   ,Fast Track: No Limits,Manu Bennett,Axel Sand,2010,2008
3388,3048,Black or White    ,Richard: The Lionheart,Mike Binder,Stefano Milla,2015,2013
88,5207,Certain Prey    ,Terraferma,Chris Gerolmo,Emanuele Crialese,2011,2013
4144,1180,Moon [Blu-ray] ,Eragon,Duncan Jones,Stefan Fangmeier,2010,2006
2762,3155,The Angriest Man In Brooklyn    ,Raze,Phil Alden Robinson,Josh C. Waller,2014,2014
314,2774,Mission: Impossible - Ghost Protocol (Two-Disc Blu-ray/DVD Combo + Digital Copy) ,Pathfinders: In the Company of Strangers,Brad Bird,Curt A. Sindelar,2012,2010
4327,3383,Rock of Ages ,Night at the Museum: Secret of the Tomb,Adam Shankman,Shawn Levy,2012,2014
2095,2481,Thriller: A Cruel Picture ,5 Days Of War,Bo A. Vibenius,Renny Harlin,2004,2011
281,818,White House Down (+UltraViolet Digital Copy) ,Warrior Angels,Roland Emmerich,Byron W. Thompson,2013,2006
3367,5282,The Living    ,Life of a King,Jack Bryan,Jake Goldberger,2015,2014
57,602,Army of Darkness (Screwhead Edition) [Blu-ray] ,Zurdo,Sam Raimi,Carlos SalcÌ©s,2009,2003
229,3257,Mad Max: Fury Road    ,Topkapi,George Miller,Jules Dassin,2015,1964
3828,447,To Catch A Thief (1955) ,Avioneta Colombiana,Various,Jorge Aruajo,2007,2005
1384,892,Joe Dirt [Blu-ray] ,Second in Command,Dennie Gordon,Simon Fellows,2015,2006
236,2961,Back to the Future Part II    ,The Lackey,Robert Zemeckis,Shaun Paul Piccinino,1989,2012
3635,3288,Shaka Zulu    ,Drive Hard,Joshua Sinclair,Brian Trenchard-Smith,2001,2014
2104,1093,Highlander The Series - Season 1 ,The Quick and the Undead,Daniel Vigne,Gerald Nott,2002,2006
4466,5776,Wall Street    ,Billion Dollar Brain,Oliver Stone,Ken Russell,1987,1967
441,2692,Ninja Turtles: Next Mutation   ,King Richard and the Crusaders,Robert Lee,David Butler (I),1997,1954
111,6057,Blade Runner (30th Anniversary Collector's Edition) [Blu-ray] ,Test Pilot Pirx (Test pilota Pirxa),Ridley Scott,Marek Piestrak,2012,1979
2203,340,Morituri ,Man on Fire,Bernhard Wicki,Elie Chouraqui,2004,1987
3438,3145,How To Steal A Million    ,Stalingrad,William Wyler,Fyodor Bondarchuk,1966,2014
3106,5903,Whiplash    ,To Kill a Man,Damien Chazelle,Alejandro FernÌÁndez Almendras,2014,2014
3699,974,Grave of the Fireflies ,His Kind of Woman,Isao Takahata,John Farrow,2012,1951
3695,5641,Zero Dark Thirty (Blu-ray/DVD Combo + UltraViolet Digital Copy) ,Green Ice,Kathryn Bigelow,Ernest Day,2013,1981
4380,3093,Endless Love (2014)    ,End Of The World,Shana Feste,Steven R. Monroe,2014,2013
1132,5570,The Blue and the Gray: The Complete Miniseries ,DÌ©ficit,Andrew V. McLaglen,Gael GarcÌ_a Bernal,2001,2007
5032,3244,Broken Arrow ,Firestorm,Delmer Daves,Alan Yuen,2007,2014
1682,1752,Batman   ,Wisdom,Don Towsley,Emilio Estevez,1977,1986
4208,380,Taste the Blood of Dracula [Blu-ray] ,Secret of the Snake and Crane,Peter Sasdy,Ma Wu,2015,1976
2684,3146,Practical Magic (Keep Case Packaging) ,Special ID,Griffin Dunne,Clarence Fok Yiu-leung,2009,2014
1568,289,Catch-22 (1970) ,The Manchurian Candidate,Mike Nichols,Jonathan Demme,2013,2004
323,4701,We're the Millers (DVD) ,Les gÌ©ants (The Giants),Rawson Marshall Thurber,Bouli Lanners,2013,2011
3256,6364,Saving Private Ryan    ,Felix & Meira,Steven Spielberg,Maxime Giroux,1998,2015
1238,4129,Redemption ,Killer By Nature,Steven Knight,Douglas S. Younglove,2013,2012
3965,4132,The Fly [Blu-ray] ,Rose Marie,David Cronenberg,W.S. Van Dyke,2007,1936
4560,3241,Children Of The Grave 2    ,The Legend of Simon Conjurer,Christopher Saint Booth,Stuart Paul,2012,2006
2808,3901,Obvious Child    ,Battle Royale 3D,Gillian Robespierre,Kinji Fukasaku,2014,2000
4201,4802,A Few Good Men (Special Edition) ,Upside Down,Rob Reiner,Juan Diego Solanas,2001,2013
4467,841,American Beauty [Blu-ray] ,Stuart Little 3: Call of the Wild,Various,Audu Paden,2010,2006
5090,329,The Gunman [Blu-ray] ,Seksmisja (Sexmission),Andrew Rona,Juliusz Machulski,2015,1984
4689,2426,American History X ,Delhi Belly,Tony Kaye,Abhinay Deo,2008,2011
1226,4955,Vanishing Point ,Lizzie,Charles Robert Carner,David Dunn Jr.,2012,2012
3705,46,All For Liberty    ,Lady Snowblood 2 - Love Song of Vengeance (Shura-yuki-hime: Urami Renga),Chris Weatherhead,Toshiya Fujita,2011,1974
1329,116,Jarhead    ,Zatoichi At Large,Sam Mendes,Kazuo Mori,2005,1972
166,3914,X-Men: Days of Future Past    ,Thirteen Women,Bryan Singer,George Archainbaud,2014,1932
3695,4668,Zero Dark Thirty (Blu-ray/DVD Combo + UltraViolet Digital Copy) ,The Haunting in Connecticut 2: Ghosts of Georgia,Kathryn Bigelow,Tom Elkins,2013,2013
668,4087,Black Dog ,The Tree Widow,Kevin Hooks,Alison Mills Newman,1998,2011
2657,3471,All Good Things    ,Mad Max: Fury Road,Andrew Jarecki,George Miller,2010,2015
4411,3257,The Speed of Orange    ,Topkapi,Justin Hunt,Jules Dassin,2014,1964
4506,371,The Four Seasons ,"His Majesty, the Scarecrow of Oz",Alan Alda,Frank F. Moore,2005,1914
3966,6226,Bus Stop    ,Electric Slide,Joshua Logan,Tristan Patterson,1956,2015
18,3503,Star Wars Trilogy (A New Hope / The Empire Strikes Back / Return of the Jedi) (Widescreen Edition with Bonus Disc) ,Meet Monica Velour,George Lucas,Keith Bearden,2004,2011
6,4587,Person of Interest   ,The Twilight Saga: Breaking Dawn Part 2,Richard J. Lewis,Bill Condon,2014,2012
3418,669,The Paper Chase    ,Mr. India,James Bridges,Shekhar Kapur,1973,1987
387,1120,The Raid 2 [Blu-ray] ,The Protector (Tom yum goong) (Warrior King),Gareth Evans,Prachya Pinkaew,2014,2005
2968,4530,"Hobbit, The: Battle of Five Armies Extended Edition with Figurine [Bluray + Ultra-Violet ] (Amazon Exclusive) [Blu-ray] ",As I Stand,Peter Jackson,Carlo Nicoletta,2015,2013
5164,4701,Empire of the Sun (Keepcase) ,Les gÌ©ants (The Giants),Steven Spielberg,Bouli Lanners,2009,2011
229,1560,Mad Max: Fury Road    ,The Hanged Man,George Miller,Michael Caffey,2015,1974
3218,6385,The Dark Knight Rises [Blu-ray] ,Hungry Hearts,Christopher Nolan,Saverio Costanzo,2012,2015
2452,5146,The Ron Howard Action Pack (Eat My Dust! / Grand Theft Auto) [Roger Corman's Cult Classics] ,Heart of the Country,Ron Howard,John Ward,2011,2013
3653,2203,Red Wing    ,Knock on Wood,Will Wallace,Melvin Frank,2013,1954
3811,2878,Nell    ,An Assassin,Michael Apted,GÌ« Ohara,1994,2011
4140,4301,Jesse Stone: Night Passage    ,The Corn Is Green,Robert Harmon,Irving Rapper,2006,1945
3792,5529,Messenger of Death [Blu-ray] ,Brawl,J. Lee Thompson,Julaluck Ismalone,2015,2012
831,4751,Where Eagles Dare ,An Assassin,Brian G. Hutton,GÌ« Ohara,2010,2011
1888,5760,Destination Tokyo    ,The Young Savages,Delmer Daves,John Frankenheimer,1943,1961
3557,3764,The Bourne Identity    ,Jury of Our Peers,Doug Liman,Ruhkiya S. Williams,2002,2012
1311,2229,Logan's Run    ,Wah Do Dem,Michael Anderson,Ben Chace,1976,2010
3190,2753,Villa Des Roses    ,Bro',Frank Van Passel,Nick Parada,2002,2012
3829,4677,The Twilight Saga: New Moon - Extended Edition (Plus Bonus Features)    ,The Mark,Chris Weitz,Lucius Dechausay,2009,2012
3666,1484,Band of Brothers ,Harm's Way,David Frankel,Melanie Orr,2006,2006
3676,5601,"Planes, Trains And Automobiles ",A Night In Old Mexico,Various,Emilio AragÌ_n,2009,2014
1204,2863,"Crouching Tiger, Hidden Dragon   ",The Rabbi's Cat,Ang Lee,Antoine Delesvaux,2000,2012
4504,3651,Life as We Know It ,Moon Zero Two,Greg Berlanti,Roy Ward Baker,2011,1969
4375,1942,Escape From Alcatraz ,Chinese Odyssey 2002,Various,Jeffrey Lau,1999,2002
1692,1869,Mr Majestyk ,The Butcher,Richard Fleischer,Jesse V. Johnson,2003,2008
4998,4019,I Am Sam    ,Chronicle,Jessie Nelson,Jay Alaimo,2001,2012
4878,1908,Bowling For Columbine    ,Shifty,Michael Moore,Eran Creevy,2002,2008
1225,6178,Xploration Awesome Planet   ,White Rabbit,Steve Rotfeld,Tim McCann,2014,2015
632,827,Stargate    ,The Legend of Zorro,Roland Emmerich,Martin Campbell,1994,2005
4013,1990,The Brass Teapot    ,Gambit,Ramaa Mosley,Ronald Neame,2013,1965
2032,3560,Twelve O'Clock High [Blu-ray] ,Setup,Henry King,Mike Gunther,2011,2011
4730,5397,"Big Combo, The - 1955 (Digitally Remastered Version)    ",Down By The River,Joseph H. Lewis,William Leonardo Molina,2011,2012
3773,3894,American Commune    ,Melancholia,Rena Mundo Croshere,Lars von Trier,2014,2011
2439,4867,Highlander: The Series   ,Cost of a Soul,Thomas J. Wright,Sean Kirkpatrick,1992,2011
4934,2938,Yentl (Two-Disc Director's Cut) ,On the Road,Barbra Streisand,Walter Salles,2009,2012
1098,2225,Blade (1998)    ,KyÌÈketsu ShÌ«jo tai ShÌ«jo Furanken (Vampire Girl vs. Frankenstein Girl),Stephen Norrington,Yoshihiro Nishimura,1998,2009
4560,3761,Children Of The Grave 2    ,Higher Ground,Christopher Saint Booth,Vera Farmiga,2012,2011
2082,590,Jarhead (Widescreen Edition) ,The Murders in the Rue Morgue,Sam Mendes,Jeannot Szwarc,2006,1986
3317,4150,The Help ,The Cross of Lorraine,Tate Taylor,Tay Garnett,2011,1943
2749,5168,Conspiracy    ,Prisoners,Frank Pierson,Denis Villeneuve,2001,2013
117,4959,Oblivion    ,My Refuge,Joseph Kosinski,Jeff Morrison,2013,2013
2239,591,Free Willy 2: The Adventure Home    ,Hostage Hotel,Dwight H. Little,Hal Needham,1995,1999
5036,786,Moon    ,The Football Factory,Duncan Jones,Nick Love,2009,2004
1551,4434,The Patriot    ,Creep Van,Frank Harris,Scott W. Mckinlay,2002,2012
2795,1390,The Good Guy    ,Threshold,Julio DePietro,Chuck Bowman,2010,2003
1260,5025,The Shadow ,The Big Parade,Russell Mulcahy,King Vidor,1997,1925
2686,741,The Conspirator    ,Ran,Robert Redford,Akira Kurosawa,2011,1985
515,3634,Event Horizon    ,11/11/11,Paul W.S. Anderson,Keith Allan,1997,2011
1824,2027,King Kong '33/ King Kong '76 (DVD) (DBFE) ,Whiteout,Various,Dominic Sena,2013,2009
465,498,The Book of Eli ,Billy Rose's Jumbo,Albert Hughes,Charles Walters,2010,1962
158,2124,Indiana Jones and the Raiders of the Lost Ark    ,Formosa Betrayed,Steven Spielberg,Adam Kane,1981,2010
4957,181,Over the Edge (1979) ,"Mickey, Donald, Goofy: The Three Musketeers",Jonathan S. Kaplan,Donovan Cook,2005,2004
5080,6297,Still of the Night [Blu-ray] ,A Little Chaos,Robert Benton,Alan Rickman,2015,2015
2456,4358,Barry Lyndon ,Polisse,Stanley Kubrick,MaÌøwenn Le Besco,2007,2012
4146,5065,100 Lives    ,The Way Way Back,Phil Darius Wallace,Jim Rash,2013,2013
999,2470,The League of Extraordinary Gentlemen (Widescreen Edition) ,My Step-Dad's a Freakin' Vampire,Stephen Norrington,David Matheny,2003,2009
1814,5579,Spring Bears Love (English Subtitled)   ,Faust,Yi Yong,Aleksandr Sokurov,2003,2013
1845,4254,Dante's Peak / Daylight Double Feature [Blu-ray] ,Goats,Rob Cohen,Christopher Neil,2013,2012
742,5106,Dragon Ball Z: Fusion Reborn / Wrath of the Dragon (Double Feature) [Blu-ray] ,Prince Avalanche,Shigeyasu Yamauchi,David Gordon Green,2009,2013
4709,2491,Step Up 2 The Streets ,Catch .44,Jon M. Chu,Aaron Harvey,2008,2011
4760,3394,Soylent Green ,Interstellar,Richard Fleischer,Christopher Nolan,2008,2014
840,2348,Million Dollar Arm ,Sacrifice,Craig Gillespie,Damian Lee,2014,2011
1486,2449,Rambo (Extended Cut) [Blu-ray] ,Attack the Block,Sylvester Stallone,Joe Cornish,2010,2011
2968,3913,"Hobbit, The: Battle of Five Armies Extended Edition with Figurine [Bluray + Ultra-Violet ] (Amazon Exclusive) [Blu-ray] ",The Steel Trap,Peter Jackson,Andrew L. Stone,2015,1952
4544,2747,Hamlet (1996)    ,The Dark Knight Rises,Kenneth Branagh,Christopher Nolan,1996,2012
4697,2971,Crackie    ,Tu Xia Chuan Qi (Legend of Kung Fu Rabbit),Sherry White,Sun Lijun,2006,2011
5172,3986,The Great Santini ,Badge 373,Lewis John Carlino,Howard W. Koch,2013,1973
402,5449,The Amazing Spider-Man 2 (3D/Blu-Ray/DVD/UltraViolet Combo Pack) ,Shuffleton's Barbershop,Marc Webb,Mark Jean,2014,2013
946,5884,Lost Horizon ,Mexican Sunrise,Frank Capra,Rowdy Stovall,1999,2012
1228,496,Everybody's Fine ,Lemony Snicket's A Series of Unfortunate Events,Kirk Jones,Brad Silberling,2011,2004
2509,3444,State Property ,The Lovers,Abdul Malik Abbott,Roland Emmerich,2002,2015
71,4703,"O' Brother, Where Art Thou?    ",Not Fade Away,Joel Coen,David Chase,2000,2012
3161,1848,The Craft    ,The Command,Andrew Fleming,David Butler,1996,1954
1174,3069,River of No Return ,Young Detective Dee: Rise of the Sea Dragon,Jean Negulesco,Hark Tsui,2002,2013
105,4330,The Three Musketeers   ,Dragon Eyes,Sergei Zhigunov,John Hyams (II),2013,2012
1187,1240,Messner    ,Haunted Gold,Andreas Nickel,Mack V. Wright,2002,1932
406,6240,Lara Croft: Tomb Raider / Lara Croft: Tomb Raider - The Cradle of Life (Double Feature) [Blu-ray] ,The Forger,Various,Philip Martin,2014,2015
2554,4504,Karate Girl ,Tip On A Dead Jockey,Yoshikatsu Kimura,Richard Thorpe,2012,1957
4995,2484,St. Elmo's Fire    ,The Three Investigators and the Secret of Skeleton Island (Die Drei ???),Joel Schumacher,Florian Baxmeyer,1985,2008
2267,944,Sullivan's Travels ,Minotaur,Preston Sturges,Jonathan English,2012,2006
376,625,Dragon Ball Z: Season 6 (Cell Games Saga) ,The High and the Mighty,Tyler Walker,William Wellman,2008,1954
5142,4555,The Ultimate Matrix Collection [Blu-ray] ,The Holy Land Of Tyrol,Andy Wachowski,Philipp J. Pamer,2008,2010
946,3715,Lost Horizon ,Triple Tap,Frank Capra,Tung-Shing Yee,1999,2010
129,4114,Stargate Universe   ,Department,Andy Mikita,Ram Gopal Varma,2010,2012
1216,6052,Tristan And Isolde    ,Whiplash,Kevin Reynolds,Damien Chazelle,2006,2014
1300,6311,Hand Cut    ,Welp (Cub),Edward Rosenblum,Jonas Govaerts,2015,2014
1983,2614,Revenge (Unrated Director's Edition) [Blu-ray] ,Sherlock Holmes: A Game of Shadows,Tony Scott,Guy Ritchie,2007,2011
4009,5769,Montana    ,Decoding Annie Parker,Mo Ali,Steven Bernstein,2015,2014
601,5460,We Were Soldiers (2002) (BD) [Blu-ray] ,Locker 13,Various,Bruce Dellis,2008,2014
4020,5122,Little Miss Sunshine    ,Casting Me...,Jonathan Dayton,Quinton Lavery,2006,2011
258,5325,Braveheart [Blu-ray] ,The Grandmaster,Various,Kar Wai Wong,2009,2013
727,212,Judgment Night ,The Last Flight of Noah's Ark,Stephen Hopkins,Charles Jarrott,2004,1980
4203,1619,The Book of Eli ,The Incredible Hulk,Albert Hughes,Louis Leterrier,2010,2008
4984,6111,Four Windows (English Subtitled)   ,Home Sweet Hell,Christian Moris Müller,Anthony Burns,2009,2015
1171,5270,Batman Returns (BD) [Blu-ray] ,Mother Of George,Tim Burton,Andrew Dosunmu,2010,2013
1957,4354,Van Damme Four-Feature Film Set (Hard Target / Lionheart / Sudden Death / The Quest) ,Dropping Evil,John Woo,Adam Protextor,2009,2008
2999,4379,McLintock!    ,[REC] 3 Genesis,Andrew V. McLaglen,Paco Plaza,1963,2012
2678,1704,Masterpiece Theatre: Wuthering Heights (2009)    ,Depth Charge,Coky Giedroyc,Terrence O'Hara,2009,2008
2999,2555,McLintock!    ,GyakushÌÈ! Sukeban hantÌ¢zu: Jigoku no kettÌ« (Yakuza-Busting Girls: Duel in Hell),Andrew V. McLaglen,Shinichi Okuda,1963,2010
314,2632,Mission: Impossible - Ghost Protocol (Two-Disc Blu-ray/DVD Combo + Digital Copy) ,The Great Melee,Brad Bird,Eiichi Kudo,2012,1964
5108,1293,The Art of Getting By    ,The Host,Gavin Wiesen,Joon-ho Bong,2011,2007
2264,5638,Natural Born Killers (Director's Cut)    ,It Felt Like Love,Oliver Stone,Eliza Hittman,2008,2014
2219,1682,X2 - X-Men United (Widescreen Edition) ,Interception,Bryan Singer,John Will Clay,2005,2009
4174,1708,The Guardian ,Lesser of Three Evils (Fist of the Warrior) (Blood Money),Andrew Davis,Wayne Kennedy,2007,2006
1147,1250,BERSERK: The Golden Age Arc III - The Advent    ,Fail Safe,Ivanka Grybcheva,Stephen Frears,2014,2000
677,996,Willow (Blu-ray / DVD Combo) ,RV,Ron Howard,Barry Sonnenfeld,2013,2006
596,6318,300: Rise of an Empire (Blu-ray+DVD+UltraViolet Combo Pack) ,The Color Wheel,Noam Murro,Alex Ross Perry,2014,2012
401,6130,The Incredible Hulk (Widescreen Edition) ,Echoes,Louis Leterrier,Nils Timm,2008,2014
5093,1840,Love Story ,Body Armour,Various,Gerry Lively,2001,2009
1449,5971,Lois & Clark: The New Adventures of Superman: Season 1 ,Jimi: All Is by My Side,Various,John Ridley,2006,2014
3204,1768,Lone Survivor ,Los CronocrÌ_menes (Timecrimes),Peter Berg,Nacho Vigalondo,2014,2007
4371,6243,Sunflower (English Subtitled) (English Subtitled)   ,Danny Collins,Seok-beom Kang,Dan Fogelman,2006,2015
3162,3581,Beyond the Boundary: Complete Collection [Blu-ray] ,Breaking Glass,Taichi Ishidate,Brian Gibson,2015,1980
4808,2510,Strictly Ballroom ,Abduction,Baz Luhrmann,John Singleton,2011,2011
3853,5569,Bob's New Suit    ,Breaking Through,Alan R. Howard,Cindy Abel,2011,2014
1728,2273,Alaska The Last Frontier   ,Machete,Atz Kilcher,Ethan Maniquis,2013,2010
4641,1002,Last Resort    ,Poseidon,Lyman Dayton,Wolfgang Petersen,2012,2006
3151,334,Elysium (UltraViolet Digital Copy) [Blu-ray] ,Balto III: Wings of Change,Neill Blomkamp,Phil Weinstein,2013,2005
3573,547,The Tree of Life (Three-Disc Blu-ray/DVD Combo + Digital Copy) ,Marked Trails,Terrence Malick,John P. McCarthy,2011,1944
1403,5681,The Great Raid ,Jarhead 2: Field of Fire (Unrated),John Dahl,Don Michael Paul,2011,2014
819,241,Two Mules For Sister Sara ,Aladdin,Don Siegel,John Musker,2003,1992
245,4239,The Bunker    ,Ballplayer: Pelotero,Joe Black,Ross Finkel,2014,2012
4791,1797,Jane Austen's Emma    ,Chandni Chowk To China,Diarmuid Lawrence,Nikhil Advani,1997,2009
4352,3846,Miracle Maker: A Christmas Tale ,Apostle Peter and the Last Supper,John Lyde,Gabriel Sabloff,2015,2012
278,2347,Baa Baa Black Sheep - Volume 1 ,Blood Out,Robert Conrad,Jason Hewitt,2005,2011
149,5322,Stargate Atlantis   ,Cold Comes The Night,Andy Mikita,Tze Chun,2008,2014
3816,1495,Donovan's Reef ,"Good Girl, Bad Girl",John Ford,Sebastian Vigg,2001,2008
4102,1222,Reservoir Dogs (15th Anniversary Edition) [Blu-ray] ,The Black Rose,Quentin Tarantino,Henry Hathaway,2007,1950
1442,5795,The Sorcerer s Apprentice / The Beastmaster ,"""Gore, Quebec""",David Lister,Jean Benoit Lauzon,2013,2012
1132,641,The Blue and the Gray: The Complete Miniseries ,Huckleberry Finn,Andrew V. McLaglen,J. Lee Thompson,2001,1974
4704,1506,Where The Heart Is    ,"If It's Tuesday, This Must Be Belgium",Matt Williams,Mel Stuart,2000,1969
2347,5482,Red State [Blu-ray] ,Stay,Kevin Smith,Wiebke von Carolsfeld,2011,2014
2036,975,4 Film Ultimate Disaster Set ,Bullets or Ballots,Various,William Keighley,2013,1936
595,5171,The Usual Suspects (Special Edition) ,Museum Hours,Bryan Singer,Jem Cohen,2002,2013
2546,5201,9th Company ,We Are What We Are,Fyodor Bondarchuk,Jim Mickle,2010,2013
2282,4433,Pink Panther 2 ,The Caretaker,Harald Zwart,Tom Conyers,2009,2012
930,3825,Vibes ,Bless the Beasts and Children,Ken Kwapis,Stanley Kramer,2009,1971
1217,1463,"4 Film Favorites: Sylvester Stallone (Demolition Man, Over The Top, The Specialist, Tango & Cash) ",Revolver,Andrei Konchalovsky,Guy Ritchie,2007,2005
259,27,Wrath of the Titans    ,The Last of Sheila,Jonathan Liebesman,Herbert Ross,2012,1973
4911,2206,Casino Royale [Blu-ray] ,Gangster's Paradise: Jerusalema,Martin Campbell,Ralph Ziman,2007,2010
3462,1921,"Daniel Boone, Trail Blazer    ",X-Men Origins - Wolverine,Albert C. Gannaway,Gavin Hood,1956,2009
1989,6387,Seal Team Six: The Raid On Osama Bin Laden ,Testament Of Youth,John Stockwell,James Kent,2013,2015
1980,1983,The Way Back ,Megafault,Peter Weir,David Michael Latt,2011,2009
3259,1478,Jupiter Ascending ,Lost Mission,Lana Wachowski,Thomas D. Moser,2015,2008
143,2742,The Matrix    ,ParaNorman,Andy Wachowski,Chris Butler (XII),1999,2012
5182,3874,Laura (Fox Film Noir) ,Wyatt Earp's Revenge,Otto Preminger,Michael Feifer,2009,2012
4935,2848,100 Days (English Subtitled)   ,Iron Man: Rise Of Technovore,Henry Chan,Hiroshi Hamazaki,2014,2013
4349,3508,Full Metal Jacket ,The High Cost of Living,Stanley Kubrick,Deborah Chow,2007,2011
2594,6350,Special ID [Blu-ray] ,Little Glory,Clarence Fok Yiu-leung,Vincent Lannoo,2014,2011
5106,2594,Getting Go    ,Abraham Lincoln Vs. Zombies,Cory Krueckeberg,Richard Schenkman,2014,2012
4559,1415,Drop Dead Fred ,Already Dead,Ate de Jong,Joe Otting,2003,2008
4797,5453,A Matter of Faith ,The Easy Life,Rich Christiano,Dino Risi,2015,1962
2083,5926,Antwone Fisher (Widescreen Edition) ,KurÌ«n wa kokyÌ« o mezasu (The Clone Returns Home) (The Clone Returns to the Homeland),Denzel Washington,Kanji Nakajima,2003,2008
1480,5736,Bowanga Bowanga    ,A Long Way Down,Norman Dawn,Pascal Chaumeil,1951,2014
188,2891,Harry Potter and the Half Blood Prince    ,Hansel and Gretel: Witch Hunters,David Yates,Tommy Wirkola,2009,2013
3160,5719,(500) Days Of Summer    ,From The Rough,Marc Webb,Pierre Bagley,2009,2014
2383,1688,Lethal Weapon 3    ,Spy School (Doubting Thomas),Richard Donner,Mark Blutman,1992,2008
2968,458,"Hobbit, The: Battle of Five Armies Extended Edition with Figurine [Bluray + Ultra-Violet ] (Amazon Exclusive) [Blu-ray] ",Voyage to the Planet of Prehistoric Women,Peter Jackson,Peter Bogdanovich,2015,1968
37,833,Contagion (2011)    ,Doom,Steven Soderbergh,Andrzej Bartkowiak,2011,2005
4513,3231,The Philadelphia Story ,Born to Race: Fast Track,George Cukor,Alex Ranarivelo,2010,2014
5051,2780,Deadly Day Care    ,Crowsnest,Michael Feifer,Brenton Spencer,2014,2012
3934,1832,American Gigolo    ,Razortooth,Paul Schrader,Patricia Harrington,1980,2006
1016,1683,Person of Interest   ,Without a Paddle: Nature's Calling,David Semel,Ellory Elkayem,2011,2009
4456,552,Summer   ,The Getaway,Colette Bothof,Sam Peckinpah,2015,1972
1183,4690,Bandits ,Magic Journey To Africa,Barry Levinson,Jordi Llompart,2002,2010
4829,3487,What Dreams May Come ,Dear Lemon Lima,Vincent Ward,Suzi Yoonessi,2003,2011
99,1262,The Amazing Spider-Man 2    ,Primeval,Marc Webb,Michael Katleman,2014,2007
1784,1043,The Flamingo Kid ,Champion,Garry Marshall,Kyung-Taek Kwak,2003,2002
4039,4356,The Last of the Mohicans ,Lucky Christmas,Michael Mann,Gary Yates,2014,2011
785,1473,Shooter (2007) ,The Man from Beyond,Various,Burton L. King,2007,1922
3057,4657,Scary Movie 3.5    ,Jigokumon (Gate of Hell),David Zucker,Teinosuke Kinugasa,2005,1954
1101,5236,The Man in the Iron Mask ,I Used to Love Her,Randall Wallace,Mark Harris,1998,2008
2424,6097,Monk   ,Song One,Randall Zisk,Kate Barker-Froyland,2009,2015
1124,1263,The Bounty Hunter ,Blood and Chocolate,Andy Tennant,Katja von Garnier,2010,2007
3499,4024,Battle For Haditha    ,Worried About the Boy,Nick Broomfield,Julian Jarold,2013,2010
831,6224,Where Eagles Dare ,Mr. What,Brian G. Hutton,Shaun Maki,2010,2015
1133,4242,"10,000 B.C.    ",Child's Play,Roland Emmerich,Sidney Lumet,2008,1972
2539,2553,The Hunter    ,Battle Royale 3D,Buzz Kulik,Kinji Fukasaku,1980,2000
331,6089,X-Men Origins: Wolverine    ,Snails in the Rain,Gavin Hood,Yariv Mozer,2009,2013
1662,3523,Spartacus   ,X: Night of Vengeance,John Hannah,Jon Hewitt,2011,2011
4509,5939,Naomi (With English Subtitles)   ,Uncle Kent,Eitan Tzur,Joe Swanberg,2010,2010
4248,6223,Warm Springs    ,Comeback Dad,Joseph Sargent,Russ Parr,2005,2014
1938,3510,Cult Camp Classics 1: Sci-Fi Thrillers - Attack of the 50 Ft. Woman (1958) / The Giant Behemoth / Queen of Outer Space ,The Beaver,Nathan Juran,Jodie Foster,2007,2011
891,848,"Time Machine, The (BD) [Blu-ray] ",Soldiers of Change,Various,Joshua D. Rose,2014,2006
5149,6209,The Enchanted Cottage ,American Bad Boy,John Cromwell,Obba BabatundÌ©,2006,2015
1747,1141,F6 Twister ,Hellboy: Blood and Iron,Peter Sullivan,Phil Weinstein,2014,2007
3629,2342,Spitfire - The First of the Few - 1942    ,The Wagons Roll At Night,Leslie Howard,Ray Enright,2010,1941
4917,45,The Outsiders: Complete Novel    ,The Last Samurai,Francis Ford Coppola,Edward Zwick,1983,2003
1014,5849,In the Army Now ,Tru Love,Daniel Petrie Jr.,Kate Johnston,2004,2015
4649,5537,A Beautiful Belly    ,Lust for Love,Andrew Kenneth Gay,Anton King,2014,2014
1791,2395,The Poseidon Adventure ,Empire Of Assassins,Irwin Allen,Dou Xiao,2006,2011
4519,1101,Philadelphia    ,A Scanner Darkly,Jonathan Demme,Richard Linklater,1993,2006
3711,5424,Ocean's Eleven (2001)    ,The Secret Life Of Walter Mitty,Steven Soderbergh,Ben Stiller,2001,2013
3500,28,After Words    ,Ram Lakhan,Juan Feldman,Subhash Ghai,2015,1989
4040,1932,Topper Returns (1941)    ,The Haunted World of El Superbeasto,Roy Del Ruth,Rob Zombie,2007,2009
59,4132,The Twilight Saga: Breaking Dawn - Part 2 [DVD + Digital Copy + UltraViolet] ,Rose Marie,Bill Condon,W.S. Van Dyke,2013,1936
4083,2197,Blissful Lies    ,Raging Phoenix (Deu suay doo),Jennifer Brown-Thomas,Rashane Limtrakul,2012,2009
4829,4425,What Dreams May Come ,Dreams of a Life,Vincent Ward,Carol Morley,2003,2012
651,3742,The Expendables 2 [DVD + Digital Copy + UltraViolet] ,The Bodyguard (Kaavalan),Simon West,Siddique,2012,2011
968,567,The Hunger Games Featurettes:    ,Direct Action,Gary Ross,Sidney J. Furie,2012,2005
82,1467,The Lone Ranger,Sharpshooter,Gore Verbinski,Armand Mastroianni,2013,2008
2929,5934,Wednesday Morning Breakfast Club    ,Gong-mo-ja-deul (Traffickers),Justin Barber,Kim Hong-seon,2014,2012
4022,4030,Dances with Wolves    ,Perfect Sense,Kevin Costner,David MacKenzie,1990,2012
2523,2637,Blitz ,Dawn Rider,Elliott Lester,Terry Miles,2011,2012
4559,3716,Drop Dead Fred ,A Christmas Wish,Ate de Jong,Craig Clyde,2003,2011
27,2538,Lord of the Rings: The Return of the King (Extended Edition)    ,King of Triads,Peter Jackson,Dennis Law,2004,2010
2665,4388,Kill Bill: Volume 2    ,2 Days in New York,Quentin Tarantino,Julie Delpy,2005,2012
231,4638,The Hunger Games: Catching Fire    ,Bangkok Revenge,Francis Lawrence,Jean-Marc Mineo,2013,2012
4426,5774,Alice's Adventures in Wonderland    ,Blackbird,William Sterling,Jason Buxton,2006,2013
486,1072,X-Men: First Class ,Bruce Lee: Martial Arts Master,Matthew Vaughn,Guy Scutter,2011,1993
1233,5276,Ball of Fire (DVD) ,Someone to Love (And Then There Was You),Various,Leila Djansi,2014,2013
4962,6207,Hedwig and the Angry Inch (New Line Platinum Series) ,As Night Comes,John Cameron Mitchell,Richard Zelniker,2003,2014
1881,6240,Criminally Clueless- 8 Movie Collection ,The Forger,Various,Philip Martin,2013,2015
970,5608,The Postman (Keep Case Packaging) ,Bethlehem,Kevin Costner,Yuval Adler,2009,2014
1335,3675,Hansel & Gretel: Witch Hunters (Unrated Cut) (Blu-ray / DVD ) ,Harvest (Stadt Land Fluss),Tommy Wirkola,Benjamin Cantu,2013,2011
3145,6208,Jaws    ,Know How,Steven Spielberg,Juan Carlos Pineiro Escoriaza,1975,2015
373,3398,"It's a Mad, Mad, Mad, Mad World ",Bad Asses on the Bayou,Stanley Kramer,Craig Moss,2003,2015
4459,3114,The Town ,Welcome to the Jungle,Ben Affleck,Rob Meltzer,2010,2014
1042,993,The D.I. ,The Curse of King Tut's Tomb,Jack Webb,Russell Mulcahy,2009,2006
4984,4459,Four Windows (English Subtitled)   ,In The Name Of The King: Two Worlds,Christian Moris Müller,Uwe Boll,2009,2011
1380,3679,Flight Of The Intruder (1991) ,Lost Everything,Various,Kim St. Leon,2013,2010
2936,1848,Monster    ,The Command,Patty Jenkins,David Butler,2004,1954
1198,465,The Secret Life of Walter Mitty Extended Preview    ,The Texican,Ben Stiller,Lesley Selander,2013,1966
4295,419,The Fighter    ,Firewalker,David O. Russell,J. Lee Thompson,2010,1986
2853,2013,Lucky Number Slevin    ,The Marine 2,Paul McGuigan,Roel ReinÌ©,2006,2009
3267,4598,The Congress    ,Midnight Stallion,Ari Folman,William Dear,2013,2013
4758,4509,Yojimbo & Sanjuro (The Criterion Collection) [Blu-ray] ,Colosio: El Asesinato,Akira Kurosawa,Carlos Bolado,2010,2012
4495,2699,I Love Your Moves    ,"Batman: The Dark Knight Returns, Part 1",Henri Charr,Jay Oliva,2012,2012
521,3425,300: Rise of an Empire,Zombeavers,Noam Murro,Jordan Rubin,2014,2015
2524,3750,The Matrix Reloaded (Widescreen Edition) [DVD] ,The First Grader,Andy Wachowski,Justin Chadwick,2007,2011
63,3289,King Kong    ,Once Upon a Time in Queens,John Guillermin,David Rodriguez,1976,2013
4054,3246,Joyride    ,Serena and the Ratts,Quinton Peeples,Kevin Barry Howe,1996,2012
1538,3871,The Rundown (Widescreen Edition) ,The Lie,Peter Berg,Joshua Leonard,2004,2011
3567,5724,The Good Witch's Family    ,Rocky Road,Craig Pryce,Brian K. Roberts,2011,2014
2438,2367,Conqueror Of The Orient    ,Almighty Thor,Tanio Boccia,Christopher Olen Ray,2007,2011
5209,4041,The Straight Story ,Silver Tongues,David Lynch,Simon Arthur,2000,2011
1121,804,Cocoon ,Busted,Ron Howard,Corey Feldman,2004,1999
1971,4588,Spartacus   ,Garbage,Michael Hurst,Phil Volken,2012,2013
893,5327,Papillon ,Pig,Franklin J. Schaffner,Henry Barrial,2005,2014
1506,4707,Terminator Salvation (Two-Disc Director's Cut) [Blu-ray] ,The Man Who Shook the Hand of Vicente Fernandez,McG,Elia Petridis,2009,2012
2909,1767,12 Years a Slave    ,"El kÌÁrate, el Colt y el impostor (Blood Money)",Steve McQueen,Antonio Margheriti,2013,1974
79,6202,Firefly: The Complete Series ,Ballet 422,Joss Whedon,Jody Lee Lipes,2003,2015
4002,2085,Casablanca ,Yukon Flight,Michael Curtiz,Ralph Staub,2010,1940
1274,686,Jackie Brown (Two-Disc Collector's Edition) ,Atlas in the Land of the Cyclops,Quentin Tarantino,Antonio Leonviola,2011,1961
916,6227,Taken (Single-Disc Extended Edition) ,GETT: The Trial of Viviane Amsalem,Pierre Morel,Shlomi Elkabetz,2009,2015
1044,3014,Menace II Society    ,2 Guns,Albert Hughes,Baltasar KormÌÁkur,1993,2013
5238,5084,The Illusionist [Blu-ray] ,Passion,Neil Burger,Brian DePalma,2010,2013
2311,4204,Poseidon (Widescreen Edition) ,Big Leaguer,Wolfgang Petersen,Robert Aldrich,2007,1953
2834,56,Spring Breakers    ,Prince Valiant,Harmony Korine,Henry Hathaway,2013,1954
3726,5213,Little Shop of Horrors (1986)    ,I'm In Love With A Church Girl,Frank Oz,Steve Race,1986,2013
2,877,Game of Thrones   ,Spymate,Michael Slovis,Robert Vince,2015,2004
4370,1846,Zodiac    ,The Big Circus,David Fincher,Joseph M. Newman,2007,1959
1137,4073,Titan A.E.    ,Earthbound,Don Bluth,Bahman Farmanara,2000,2012
4346,5294,The Patriot (Extended Cut) [Blu-ray] ,419,Roland Emmerich,Ned Thorne,2007,2012
272,3668,Liberator    ,Harry Potter and the Deathly Hallows - Part 2,Aaron Pope,David Yates,2012,2011
3529,1357,Freddy vs. Jason    ,His Majesty O'Keefe,Ronny Yu,Byron Haskin,2003,1954
4456,2367,Summer   ,Almighty Thor,Colette Bothof,Christopher Olen Ray,2015,2011
4308,5338,Deceptions Of Love    ,Homefront,Vernon Snoop Robinson,Gary Fleder,2013,2013
3071,3530,The Case of Unfaithful Klara    ,Skateland,Roberto Faenza,Anthony Burns,2009,2011
1737,2702,Thirst    ,Flesh Wounds,Robert Carter,Dan Garcia (II),2012,2011
5034,4350,The Lake House    ,Magic Mike,Alejandro Agresti,Steven Soderbergh,2006,2012
4766,4631,The Wings of Eagles ,Cheerful Weather For The Wedding,John Ford,Donald Rice,2007,2012
3396,4667,Don't Look Now [Blu-ray] ,The Sex of the Angels (El Sexo De Los Angeles),Nicolas Roeg,Xavier Villaverde,2015,2012
1991,3137,Flyboys (Widescreen Edition) ,Asian School Girls,Tony Bill,Lawrence Silverstein,2007,2014
2084,1077,Year One (Theatrical & Unrated Edition) ,Wallaby Jim of the Islands,Harold Ramis,Charles Lamont,2009,1937
2520,3733,Above the Law/Hard to Kill (DBFE) ,Act Your Age,Various,Robin Christian,2007,2011
2627,1439,Beastly    ,Imagination,Daniel Barnz,Eric Leiser,2011,2000
1027,2118,Ninja III: The Domination [Blu-ray/DVD Combo] ,Everyman's War,Sam Firstenberg,Thad Smith,2013,2009
2926,993,Shakespeare In Love    ,The Curse of King Tut's Tomb,John Madden,Russell Mulcahy,1998,2006
5072,2431,The Truman Show ,BKO: Bangkok Knockout,Various,Panna Rittikrai,2005,2010
5067,3771,Runaway Bride (1999) ,Undocumented,Various,Chris Peckover,2000,2011
2607,485,Pecker ,The Sea Hawk,John Waters,Michael Curtiz,2005,1940
2815,4759,Midnight in the Garden of Good and Evil    ,Touch,Clint Eastwood,Minh Duc Nguyen,1997,2012
3503,5048,Where We Started    ,Psycho-Path: Mania,Christopher J. Hansen,Geraldine Winters,2014,2013
1046,4391,Demolition Man    ,Savages,Marco Brambilla,Oliver Stone,1993,2012
5030,2928,Joyful Noise ,Assault On Wall Street,Todd Graff,Uwe Boll,2012,2013
61,6010,Shoot First And Pray You Live    ,The Overnighters,Lance Doty,Jesse Moss,2008,2014
804,5504,Resident Evil: Retribution    ,Sophia Grace and Rosie's Royal Adventure,Paul W.S. Anderson,Brian Levant,2012,2014
2226,1257,Bad Boys II    ,Voyage to the Bottom of the Sea,Michael Bay,Irwin Allen,2003,1961
3856,3631,HARLOW    ,Light in the Piazza,Gordon Douglas,Guy Green,1965,1962
1429,2632,Into Thin Air: Death on Everest ,The Great Melee,Robert Markowitz,Eiichi Kudo,2001,1964
2778,3939,Little Accidents    ,Tyrannosaur,Sara Colangelo,Paddy Considine,2015,2011
4349,4544,Full Metal Jacket ,The Perks of Being a Wallflower,Stanley Kubrick,Stephen Chbosky,2007,2012
3551,652,The Count of Monte Cristo ,Corvette Summer,Kevin Reynolds,Matthew Robbins,2002,1978
3385,2080,Augustus Part II    ,Fantastic Mr. Fox,Roger Young,Wes Anderson,2003,2009
330,1505,Moonrise Kingdom ,National Treasure: Book of Secrets,Wes Anderson,Jon Turtletaub,2012,2007
4794,5834,Crush    ,Jamie Marks Is Dead,Michael J. Saul,Carter Smith,2010,2014
2447,1898,Batman Beyond   ,Race to Witch Mountain,Curt Geda,Andy Fickman,2000,2009
4844,6266,Perlasca    ,Clouds of Sils Maria,Alberto Negrin,Olivier Assayas,2002,2015
4253,5363,My House In Umbria ,The Happy Sad,Various,Rodney Evans,2005,2013
2846,551,The Words    ,Sendero Mortal,Brian Klugman,Javier Montano,2012,1999
1904,3769,Nothing To Lose    ,There Be Dragons,Steve Oedekerk,Roland JoffÌ©,1997,2011
3784,678,Ramona and Beezus    ,Ben-Hur,Elizabeth Allen Rosenbaum,William Wyler,2010,1959
3599,3924,Elizabeth    ,Camel Spiders,Shekhar Kapur,Jim Wynorski,1998,2011
1591,2481,Bottle Rocket ,5 Days Of War,Wes Anderson,Renny Harlin,1998,2011
3943,6127,Lilies of the Field ,Adieu au langage (Goodbye to Language),Ralph Nelson,Jean-Luc Godard,2015,2014
5232,5899,Buttwhistle    ,Dawn Of The Planet Of The Apes,Tenney Fairchild,Matt Reeves,2013,2014
1029,5026,The Simpsons Movie [Blu-ray] ,Aliyah,David Silverman,Elie Wajeman,2007,2013
5047,4956,28 Days (Special Edition) ,Three Worlds,Betty Thomas,Catherine Corsini,2000,2013
1068,865,Hercules (2014 Extended Cut)    ,A History of Violence,Brett Ratner,David Cronenberg,2014,2005
2959,2568,The Girl Who Kicked the Hornet's Nest: Extended Edition (English Subtitled)    ,The Amazing Bulk,Daniel Alfredson,Lewis Schoenbrun,2011,2010
3401,1557,Matchstick Men [Blu-ray] ,Stargate: Continuum,Ridley Scott,Martin Wood,2015,2008
481,2739,Dogma ,The Survival Game (The Survival Games),Kevin Smith,Mike Corkle,2002,2012
667,1415,Nothing But Trouble (1991) ,Already Dead,Dan Aykroyd,Joe Otting,2004,2008
1779,3515,Never Cry Wolf    ,Neds,Carroll Ballard,Peter Mullan,1983,2011
4967,696,Northmen: A Viking Saga    ,The Wild Geese,Claudio Fäh,Andrew V. McLaglen,2015,1978
2629,4297,Laggies    ,La dÌ©licatesse (Delicacy),Lynn Shelton,David Foenkinos,2014,2012
4231,4997,Once Upon a Time in America (Extended Director's Cut) ,Easy Rider: The Ride Back,Sergio Leone,Dustin Rikert,2014,2013
2697,2035,Kruel    ,Give 'em Hell Malone,Robert Henderson,Russell Mulcahy,2015,2010
2361,3447,Red vs. Blue The Blood Gulch Chronicles: The First Five Seasons ,Slow West,Matt Hullum,John M. Maclean,2010,2015
1460,714,Air America (Special Edition) ,Excessive Force II: Force on Force,Roger Spottiswoode,William Mesa,2009,1995
2964,3181,Dutch    ,JLA Adventures: Trapped in Time,Peter Faiman,Giancarlo Volpe,1991,2014
4476,2634,Hanna    ,Cherry Bomb,Joe Wright,Kyle Day,2011,2011
5246,5847,Kelly's Heroes ,An Evergreen Christmas,Brian G. Hutton,Jeremy Culver,2010,2014
522,1433,Batman Forever    ,We Own the Night,Joel Schumacher,James Gray,1995,2007
2800,2660,Take Me Home    ,The Kane Files: Life Of Trial,Sam Jaeger,Benjamin Gourley,2012,2010
4621,853,A Good Year (Widescreen Edition) ,The Ice Harvest,Ridley Scott,Harold Ramis,2007,2005
1958,3661,Then Came Bronson (1969 Tvm) ,The Reunion,Jud Taylor,Michael Pavone,2010,2011
596,6044,300: Rise of an Empire (Blu-ray+DVD+UltraViolet Combo Pack) ,Allies,Noam Murro,Dominic Burns,2014,2014
2249,2892,Magnum Force    ,Absolute Deception,Ted Post,Brian Trenchard-Smith,1973,2013
4081,3356,Blood Diamond    ,John Wick,Edward Zwick,David Leitch,2006,2014
4644,3898,"Yesterday, Today, and Tomorrow    ",Telstar (Telstar: The Joe Meek Story),Vittorio De Sica,Nick Moran,1963,2009
5220,2061,Water    ,Alice in Wonderland,Deepa Mehta,Nick Willing,2006,1999
3496,2405,Children Of The Grave    ,House Of The Rising Sun,Christopher Saint Booth,Brian A. Miller,2013,2011
1085,1908,Red Army    ,Shifty,Gabe Polsky,Eran Creevy,2015,2008
2361,3346,Red vs. Blue The Blood Gulch Chronicles: The First Five Seasons ,The Waiter,Matt Hullum,Jason Konopisos,2010,2010
3738,5993,Witness (1985) (BD) [Blu-ray] ,The Mule,Peter Weir,Angus Sampson,2015,2014
2259,3342,Bubble Boy ,Alien Rising (Gemini Rising),Blair Hayes,Dana Schroeder,2002,2015
2786,2176,Treading Water    ,Cop Dog (Marlowe),Lauren Himmel,John Murlowski,2015,2008
3316,1913,Meek's Cutoff    ,Crank 2: High Voltage,Kelly Reichardt,Mark Neveldine,2011,2009
2307,4041,Anaconda ,Silver Tongues,Luis Llosa,Simon Arthur,1998,2011
3583,2447,The Amazing Spider-Man (Three-Disc Combo: Blu-ray / DVD + UltraViolet Digital Copy) ,Rare Exports: A Christmas Tale,Marc Webb,Jalmari Helander,2012,2010
2293,3380,Time After Time    ,Firepower,Nicholas Meyer,Michael Winner,1979,1979
3125,3409,How to Be a Serial Killer    ,Dirty Shield,Luke Ricci,Edgar Jimz,2009,2014
2979,1500,One Night (English Subtitled)   ,Graduation,Josephine Adams,Michael Mayer (V),2012,2007
876,2622,Doctor Who: The Key to Time (Special Collector's Edition) (Stories 98-103) ,Sleeper,George Spenton-Foster,Dru Brown,2009,2009
319,6303,Big Fish ,Cleveland Abduction,Tim Burton,Alex Kalymnios,2004,2015
5191,2216,He Ran All the Way [Blu-ray] ,The Dark Lurking,John Berry,Gregory Connors,2015,2008
4093,6353,Murder On The Orient Express ,Heaven Knows What,Sidney Lumet,Ben Safdie,2013,2015
579,4353,Gladiator [Blu-ray] ,"""Fanny, Annie & Danny""",Various,Chris Brown (XXXI),2009,2011
934,693,Terra Nova ,Branded,Jon Caesar,Rudolph MatÌ©,2012,1950
815,5988,The Day After Tomorrow (Widescreen Edition) ,The Zero Theorem,Roland Emmerich,Terry Gilliam,2004,2014
1814,5708,Spring Bears Love (English Subtitled)   ,Young & Beautiful (Jeune Et Jolie),Yi Yong,FranÌ¤ois Ozon,2003,2014
3856,4064,HARLOW    ,The Yankles,Gordon Douglas,David R. Brooks,1965,2009
1344,4289,Mortal Kombat    ,The Deposition,Paul W.S. Anderson,Eddie Mensore,1995,2011
4615,3206,The Third Man [Blu-ray] ,Decline Of An Empire,Carol Reed,Michael Redwood,2010,2014
4286,2121,Top Gun    ,Hot to Trot,Tony Scott,Michael Dinner,1986,1988
4680,4310,Medicine Man ,Funkytown,John McTiernan,Daniel Roby,1999,2012
754,998,Hansel & Gretel: Witch Hunters (DVD) ,The Hard Corps,Various,Sheldon Lettich,2013,2006
2780,1967,Still Life    ,The Taking of Pelham 1 2 3,Uberto Pasolini,Tony Scott,2015,2009
118,2190,Inception (Blu-ray) ,OSS 117: Rio ne rÌ©pond plus (Lost in Rio),Christopher Nolan,Michel Hazanavicius,2010,2010
446,4934,This is the End (Blu-ray + DVD + UltraViolet Digital Copy) ,Stranded,Seth Rogen,Roger Christian,2013,2013
1889,5203,Naruto Shippuden the Movie: The Will of Fire    ,Fresh Meat,Satoshi Hino,Danny Mulheron,2009,2013
951,1934,RoboCop [Blu-ray] ,The Brothers Bloom,José Padilha,Rian Johnson,2014,2009
3923,4972,Groundhog Day (Special 15th Anniversary Edition) ,Greetings From Tim Buckley,Harold Ramis,Dan Algrant,2008,2013
4311,3335,The Inheritance ,A Walk Among the Tombstones,Bobby Roth,Scott Frank,2004,2014
1101,3493,The Man in the Iron Mask ,Unanswered Prayers,Randall Wallace,Steven Schachter,1998,2010
153,3385,The Lost World: Jurassic Park    ,Vice,Steven Spielberg,Brian A. Miller,1997,2015
1666,505,King of Kings ,The Train Robbers,Nicholas Ray,Burt Kennedy,2009,1973
5131,1853,Vanilla Sky w/ Alternate Ending (2001) [Blu-ray] ,12 Rounds,Various,Renny Harlin,2015,2009
3000,5792,Proud    ,Violette,Mary Pat Kelly,Martin Provost,2006,2014
4528,407,47 Ronin,Gong yuan 2000 AD (2000 AD),Carl Rinsch,Gordon Chan,2013,2000
3435,5905,One Flew Over the Cuckoo's Nest ,Down And Dangerous,Milos Forman,Zak Forsman,2011,2014
2342,2625,Kuffs ,The Night of the Grizzly,Bruce A. Evans,Joseph Pevney,2010,1966
2539,2117,The Hunter    ,The Spy Next Door,Buzz Kulik,Brian Levant,1980,2010
3323,6376,Titanic ,The Gospel of John,James Cameron,David Batty,2012,2014
2117,2586,Xavier: The Renegade Angel Season 1 & 2 ,Black Cobra,Various,Lilly Melgar,2009,2012
3062,2116,90 Minutes in Heaven (DVD) ,Puen yai jon salad (Legend of the Tsunami Warrior) (Queens of Langkasuka),Michael Polish,Nonzee Nimibutr,2015,2008
5091,4002,Sadie    ,The Vow,Chris Cassidy,Michael Sucsy,2008,2012
1680,1942,Joy Ride (Special Edition) ,Chinese Odyssey 2002,John Dahl,Jeffrey Lau,2002,2002
2803,3246,Hours    ,Serena and the Ratts,Eric Heisserer,Kevin Barry Howe,2013,2012
4002,1129,Casablanca ,BloodMonkey (Blood Monkey),Michael Curtiz,Robert Young,2010,2008
3984,4454,Man On Fire    ,The Words,Tony Scott,Lee Sternthal,2004,2012
2838,3192,Everybody's Fine    ,Sector 4,Kirk Jones,Olivier Gruner,2009,2014
201,4007,Captain America: The Winter Soldier [Blu-ray] ,Bright Road,Anthony Russo,Gerald Mayer,2014,1953
4948,6305,Endgame    ,Club Life,Pete Travis,Fabrizio Conte,1991,2015
78,5105,The Karate Kid    ,Ambushed (Rush),John G. Avildsen,Giorgio Serafini,1984,2013
5087,458,The Bodyguard (1992)    ,Voyage to the Planet of Prehistoric Women,Mick Jackson,Peter Bogdanovich,1992,1968
3251,5995,Saving Private Ryan (Sapphire Series)  [Blu-ray] ,The Waiter,Steven Spielberg,Jason Konopisos,2010,2010
1453,1153,Resident Evil: Extinction    ,Persons Unknown,Russell Mulcahy,George Hickenlooper,2007,1996
2368,3821,Macgyver - The Complete Fourth Season ,Cyberbully,Dana Elcar,Charles BinamÌ©,2005,2011
2480,4111,Those Magnificent Men In Their Flying Machines    ,Joe + Belle,Ken Annakin,Veronica Kedar,1965,2011
1261,1846,Lost: The Complete Collection ,The Big Circus,Adam Davidson,Joseph M. Newman,2010,1959
2986,3190,The Maid    ,Marines,Paul Emmanuel,Mark Roper,2014,2004
4922,6126,Waitress    ,No Man of Her Own,Adrienne Shelly,Mitchell Leisen,2007,1950
3294,4889,Burlesque    ,Raising Izzie,Steve Antin,Roger M. Bobb,2010,2012
3499,2037,Battle For Haditha    ,Jackie Chan Presents: Wushu,Nick Broomfield,Antony Szeto,2013,2008
2183,6257,Allegheny Uprising ,The Road Within,Various,Gren Wells,2007,2015
2920,5190,22 Jump Street    ,CBGB,Phil Lord,Randall Miller,2014,2013
16,5451,Sherlock Holmes: A Game Of Shadows    ,Gambit,Guy Ritchie,Michael Hoffman,2011,2016
1932,442,A Simple Wish    ,Black Brigade,Michael Ritchie,George McCowan,1997,1969
1713,3229,Kill Bill: Volume 2 ,Starship Rising,Quentin Tarantino,Neil Johnson (VI),2011,2014
810,762,The Scarlet and the Black ,Hellbound,Jerry London,Aaron Norris,2003,1994
4823,2247,Glengarry Glen Ross ,Fire & Ice: The Dragon Chronicles,James Foley,Pitof,2002,2008
4895,5139,The Beautiful Risk    ,Trail Of Blood,Mark Penney,Joseph Guerrieri,2013,2011
3427,2069,Suicide Kings    ,Planet 51,Peter O'Fallon,Jorge Blanco,1998,2009
3566,260,Freestyle    ,Kangaroo Jack: G'day U.S.A.,Kolton Lee,Emory Myrick,2011,2004
1301,3857,Appaloosa    ,Track 29,Ed Harris,Bob Seaton (II),2008,1988
5197,4904,Catch And Release    ,Dog Pound,Susannah Grant,Kim Chapiron,2007,2013
1696,3211,Boot Hill ,Batman: Assault on Arkham,Giuseppe Colizzi,Jay Oliva,2014,2014
3381,1148,Mad Max 2: The Road Warrior [Blu-ray] ,Infernal Affairs II,George Miller,Siu Fai Mak,2013,2003
4889,4860,The Other One    ,From The Head,Josef Steiff,George Griffith,2014,2013
889,1614,The Fugitive (20th Anniversary Edition) [Blu-ray] ,Indiana Jones and the Kingdom of the Crystal Skull,Andrew Davis,Steven Spielberg,2013,2008
4115,6309,We Are Marshall (Widescreen Edition) ,Merely Players,McG,Brian Follmer,2007,2014
17,5252,The Lord of the Rings: The Return of the King    ,Robocroc,Peter Jackson,Arthur Sinclair,2003,2013
935,6360,The City of Lost Children ,My American Cousin,Marc Caro,Sandy Wilson,1999,1985
5209,1012,The Straight Story ,Broken Trail,David Lynch,Walter Hill,2000,2006
4469,2047,Kate & Leopold    ,When Soldiers Cry,James Mangold,Joe Black,2001,2009
1744,1442,Osmosis Jones ,Highlander: The Source,Bobby Farrelly,Brett Leonard,2001,2007
2677,4820,Ondine    ,Birds of a Feather,Neil Jordan,Curtis Franklin,2010,2012
1956,2397,Premium Rush (+ UltraViolet Digital Copy) [Blu-ray] ,Hobo With a Shotgun,David Koepp,Jason Eisener,2012,2011
1562,5845,Batman and Robin (1997)    ,Christmas Bounty,Joel Schumacher,Gil Junger,1997,2013
4492,3973,The Hundred-Foot Journey (Theatrical)    ,Stony Island,Lasse Hallström,Andrew Davis,2014,2012
5143,3793,Doubt    ,Birth Of Separation,John Patrick Shanley,Louis Mansfield,2008,2011
1511,3203,MacGyver - The Complete First Season ,Green Ice,Alan Smithee,Ernest Day,2005,1981
4826,150,2081 | based on Kurt Vonnegut's    ,The Return of Chandu,Chandler Tuttle,Ray Taylor,2010,1934
2766,2547,The Duchess    ,The Adventures of Tintin,Saul Dibb,Steven Spielberg,2008,2011
2549,2023,Max Payne (Unrated Edition) [Blu-ray] ,The Shiftling,John Moore,Taegen Carter,2009,2008
204,3865,Marvel's Guardians of the Galaxy [Blu-ray] ,Rabies,James Gunn,Ahron Keshales,2014,2010
299,330,The Descent (Original Unrated Cut) [Blu-ray] ,Bad Girls,Neil Marshall,Jonathan Kaplan,2006,1994
2370,4018,Family Guy: Freakin' Sweet Party Pack - The Complete Collection ,Albert Nobbs,Pete Michels,Rodrigo GarcÌ_a,2008,2012
4930,1402,Colombiana (Blu-ray + UltraViolet Digital Copy) ,Nicotina,Olivier Megaton,Hugo RodrÌ_guez,2011,2004
2891,5770,Salmon Fishing in the Yemen    ,Al Capone,Lasse Hallström,Richard Wilson,2012,1959
279,1221,Dante's Peak - Collector's Edition ,Camelot,Roger Donaldson,Marty Callner,1998,1967
2313,1597,Outcast    ,Johnny Guitar,Nick Powell,Nicholas Ray,2015,1954
1964,6237,Murder at 1600 (Snap Case Packaging) ,Spike Island,Dwight H. Little,Mat Whitecross,1997,2015
683,5614,The Hunt for Red October ,Victor Crowl's Freedom,John McTiernan,Victor Crowl,2003,2012
2518,646,Miami Vice / Inside Man Double Feature [Blu-ray] ,Layer Cake,Spike Lee,Matthew Vaughn,2013,2005
5052,2646,Sweet Dreams ,My Way,Karel Reisz,Je-kyu Kang,2004,2012
4035,2655,Lovelife    ,Hijacked,Jon Harmon Feldman,Brandon Nutt,1997,2012
3324,6207,Days of Heaven    ,As Night Comes,Terrence Malick,Richard Zelniker,1978,2014
2384,5117,Justice League   ,And While We Were Here,Dan Riba,Kat Coiro,2002,2013
3411,2922,Jamaica Inn - Alfred Hitchcock - Digitally Remastered    ,New World,Alfred Hitchcock,Hoon-jung Park,2009,2013
2779,3243,Tyler Perry's Single Moms Club    ,ShÌ«jo wa isekai de tatakatta (Danger Dolls),Tyler Perry,Shusuke Kaneko,2014,2014
950,6085,Tekkon Kinkreet [Blu-ray] ,The Divine Move,Michael Arias,Beom-gu Cho,2007,2014
4752,1071,"Legend Of Bagger Vance, The ",Cars,Robert Redford,John Lasseter,2001,2006
2399,1858,Lionheart ,Transmorphers: Fall of Man,Sheldon Lettich,Scott Wheeler,2013,2009
5009,3755,The Last House on the Left (Unrated & Theatrical Versions) ,The Chateau Meroux,Dennis Iliadis,Bob Fugger,2009,2012
4607,1438,Candyman (Special Edition) ,Justice League: The New Frontier,Bernard Rose,Dave Bullock,2004,2008
4217,5747,"The Way, Way Back    ",Jump In,Nat Faxon,Kimberly D. Conner,2013,2013
2176,2352,Heaven's Gate (Criterion Collection) [Blu-ray] ,River of Darkness,Michael Cimino,Bruce Koehler,2012,2010
3341,4636,Julie & Julia    ,House Arrest,Nora Ephron,William Washington,2009,2011
3106,1981,Whiplash    ,The Seventh Seal (Det Sjunde inseglet),Damien Chazelle,Ingmar Bergman,2014,1957
3372,6354,Love Me Not (English Subtitled)   ,Nightingale,Lee Cheol-ha,Elliott Lester,2006,2015
5118,1332,The Tell-Tale Heart    ,Caryl of the Mountains,Scott Mansfield,Bernard B. Ray,1991,1936
2515,4085,Avengers Confidential: Black Widow & Punisher [Blu-ray] ,La tÌ»te en friche (My Afternoons with Margueritte),Kenichi Shimizu,Jean Becker,2014,2011
1298,4738,A.I. Artificial Intelligence [Blu-ray] ,USS Seaviper,Steven Spielberg,Ralph A. Villani,2011,2012
3186,3251,And the Band Played On    ,American Muscle,Roger Spottiswoode,Ravi Dhar,1993,2014
485,1975,Galaxy Quest    ,Wrong Turn at Tahoe,Dean Parisot,Franck Khalfoun,1999,2009
4114,3359,The Boy    ,Sinbad: The Fifth Voyage,Craig Macneill,Shahin Sean Solimon,2015,2014
4150,5665,Some Velvet Morning    ,The Moment,Neil LaBute,Jane Weinstock,2013,2014
2716,5104,All Is Lost    ,My Sister's Wedding,J.C. Chandor,Paul D. Hannah,2013,2013
4059,3292,Always ,White Lightning,Steven Spielberg,Joseph Sargent,1999,1973
4272,5025,"Good Morning, Vietnam    ",The Big Parade,Barry Levinson,King Vidor,1988,1925
2921,827,The Proposal (Single-Disc Edition) ,The Legend of Zorro,Anne Fletcher,Martin Campbell,2009,2005
1087,232,Girls Und Panzer: TV Collection [Blu-ray] ,Cannonball,Janice Williams,Paul Bartel,2013,1976
4802,6217,The Surface    ,A Song to Remember,Gil Cates Jr.,Charles Vidor,2015,1945
3181,1987,Saving Mr. Banks ,Valley of the Heart's Delight,John Lee Hancock,Tim Boxell,2014,2008
3359,1399,Silver Linings Playbook ,Rush Hour 3,David O. Russell,Brett Ratner,2013,2007
1511,1486,MacGyver - The Complete First Season ,Hero Wanted,Alan Smithee,Brian Smrz,2005,2008
1910,7,Bill & Ted's Bogus Journey ,Those Magnificent Men in Their Flying Machines,Peter Hewitt,Ken Annakin,2001,1965
572,5320,The 13th Warrior ,5th Street,John McTiernan,Alex Meader,2000,2013
1078,4373,Priest (Unrated Version) [Blu-ray] ,I Wish,Scott Stewart,Hirokazu Koreeda,2011,2012
4899,4293,The Road    ,The Tempest,John Hillcoat,Rob Curry,2009,2012
4481,6270,The Exorcist: 40th Anniversary [Blu-ray] ,Kid Blue,William Friedkin,James Frawley,2013,1973
917,4051,North to Alaska ,Flareup,Henry Hathaway,James Neilson,2003,1969
1752,5636,Solomon Kane ,Half of a Yellow Sun,Michael Bassett,Biyi Bandele,2013,2014
3652,3878,Quigley Down Under ,Like Crazy,Simon Wincer,Drake Doremus,2001,2011
457,3121,The Grand Budapest Hotel [Blu-ray] ,In the Name of the King III,Wes Anderson,Uwe Boll,2014,2013
645,833,The Bridge on the River Kwai ,Doom,David Lean,Andrzej Bartkowiak,2000,2005
4058,2532,American History X    ,The Son of No One,Tony Kaye,Dito Montiel,1998,2011
1015,2869,Battle Royale: The Complete Collection [Blu-ray] ,Back to 1942,Kinji Fukasaku,Xiaogang Feng,2012,2012
3166,939,The Great Gatsby (Two-Disc Special Edition DVD) ,Underworld: Evolution,Baz Luhrmann,Len Wiseman,2013,2006
4761,1137,La Leon (English Subtitled)   ,Band of Angels,Santiago Otheguy,Raoul Walsh,2007,1957
2551,787,Hick ,Black Dawn,Derick Martini,Alexander Gruszynski,2012,2005
1579,5972,Code:Breaker: Complete Series (Blu-ray/DVD Combo) ,Middle of Nowhere,Colleen Clinkenbeard,Ava DuVernay,2014,2012
4725,5937,Emma    ,The Good Lie,Douglas McGrath,Philippe Falardeau,1996,2014
3719,2238,I Spit On Your Grave (2010)    ,Locked Down,Steven R. Monroe,Daniel Zirilli,2010,2010
1511,5202,MacGyver - The Complete First Season ,StreetDance 2,Alan Smithee,Max Giwa,2005,2012
4197,4724,Billy Elliot ,Driving By Braille,Stephen Daldry,Kristina Lloyd,2001,2011
3243,4163,The Hobbit: An Unexpected Journey (Extended Edition)    ,Beyond the Steppes,Peter Jackson,Vanja d'Alcantara,2012,2010
3891,5765,Lawless ,Cold in July,John Hillcoat,Jim Mickle,2012,2014
5230,1528,"Girl, Interrupted ",Eddie and the Cruisers II: Eddie Lives!,James Mangold,Jean-Claude Lord,2000,1989
1657,3069,Steve McQueen Triple Feature (Bullitt / Cincinnati Kid / Getaway) [Blu-ray] ,Young Detective Dee: Rise of the Sea Dragon,Various,Hark Tsui,2012,2013
3609,5916,Citizen Kane (70th Anniversary)    ,The Strange Color of Your Body's Tears,Orson Welles,HÌ©lÌ¬ne Cattet,1941,2014
2960,1406,Facing the Giants ,Shoot 'Em Up,Alex Kendrick,Michael Davis,2007,2007
1500,6160,Spawn (Director's Cut) [Blu-ray] ,Miss Julie,Mark A.Z. Dippé,Liv Ullmann,2012,2014
3439,6102,The Thing    ,The Circle,John Carpenter,Stefan Haupt,1982,2014
4729,1633,A Summer Place ,Futurama: Bender's Game,Delmer Daves,Dwayne Carey-Hill,2007,2008
1814,5657,Spring Bears Love (English Subtitled)   ,The Cold Lands,Yi Yong,Tom Gilroy,2003,2014
1748,4356,Kangaroo Jack ,Lucky Christmas,David McNally,Gary Yates,2009,2011
3997,4381,Addicted (English Subtitled) (English Subtitled)   ,Changing Hearts,Park Young-hoon,Brian Brough,2002,2012
4562,5496,Blue Is the Warmest Color (Criterion Collection) (Blu-ray) ,Her,Abdellatif Kechiche,Spike Jonze,2014,2013
3238,4391,Where Hope Grows [DVD + Digital] ,Savages,Chris Dowling,Oliver Stone,2015,2012
2788,4305,Fifty Shades of Grey (Unrated)    ,Grassroots,Sam Taylor-Johnson,Stephen Gyllenhaal,2015,2012
3900,5392,Angels & Demons    ,Walking The Halls,Ron Howard,Doug Campbell,2009,2013
3029,5778,Amorous   ,Against the Wild,Joanna Coates,Richard Boddington,2015,2013
4741,2267,Beasts of the Southern Wild    ,Long nga (Legendary Assassin),Benh Zeitlin,Chung Chi Li,2012,2008
4872,5889,Finding Forrester ,The Aviation Cocktail,Gus Van Sant,David R. Higgins,2014,2012
1256,6045,Lords Of Dogtown    ,Dying of the Light,Catherine Hardwicke,Paul Schrader,2005,2014
2170,1269,Viking Quest    ,Skyjacked,Todor Chapkanov,John Guillermin,2015,1972
3378,4185,Transe (English Subtitled)   ,Girlfriend,Teresa Villaverde,Justin Lerner,2006,2011
1327,4472,The Eagle Has Landed    ,Game Change,John Sturges,Jay Roach,2001,2012
454,1096,Prometheus (Blu-ray/ DVD + Digital Copy) ,Mondo Cannibale (Barbarian Goddess) (El CanÌ_bal) (The Cannibals) (White Cannibal Queen),Ridley Scott,JesÌ¼s Franco,2012,1980
1817,3195,Star Wars: The Clone Wars   ,Justin and the Knights of Valour,Justin Ridge,Manuel Sicilia,2009,2013
3183,3774,The Mighty    ,Romeos,Peter Chelsom,Sabine Bernardi,1998,2012
2212,361,Last Man Standing (1996) ,Submarine Alert,Walter Hill,Frank McDonald,2004,1943
2203,1542,Morituri ,Hybrid,Bernhard Wicki,Yelena Lanskaya,2004,2008
5050,4945,Scarlet Pimpernel    ,Petunia,Harold Young,JosÌ© Rafael PÌ©rez Balen,2007,2013
1861,2207,Volunteers ,Superman/Batman: Apocalypse,Nicholas Meyer,Lauren Montgomery,2005,2010
3182,6083,The Social Network    ,R100,David Fincher,Hitoshi Matsumoto,2010,2015
4207,5632,Finder's Fee    ,Shirin In Love,Jeff Probst,Ramin Niami,2001,2014
3647,5019,Anna Boleyn    ,Fright Night 2 (Unrated),Ernst Lubitsch,Eduardo Rodriguez,1921,2013
5129,3487,Step Up: Revolution    ,Dear Lemon Lima,Scott Speer,Suzi Yoonessi,2012,2011
2375,6313,In Search Of The Castaways    ,Love at First Fight,Robert Stevenson,Thomas Cailley,1962,2015
4100,3305,Thelma & Louise    ,The Expendables 3,Ridley Scott,Patrick Hughes,1991,2014
2716,173,All Is Lost    ,Chinese Heroes,J.C. Chandor,Douglas Kung,2013,2001
1229,2026,Seven Years In Tibet    ,Gamer,Jean-Jacques Annaud,Mark Neveldine,1997,2009
1499,4127,Enter the Dragon    ,Being Flynn,Robert Clouse,Paul Weitz,1973,2012
1592,4738,Cool World ,USS Seaviper,Ralph Bakshi,Ralph A. Villani,2003,2012
4172,6059,Welcome to Me    ,Loitering With Intent,Shira Piven,Adam Rapp,2015,2015
787,181,Resident Evil: Afterlife ,"Mickey, Donald, Goofy: The Three Musketeers",Paul W.S. Anderson,Donovan Cook,2010,2004
1195,3979,Transporter 1 & 2 [Blu-ray] ,Goethe! (Young Goethe in Love),Corey Yuen,Philipp StÌ¦lzl,2012,2011
3330,349,Kinky Boots    ,Taxi,Julian Jarrold,Tim Story,2006,2004
4999,783,Watership Down [Blu-ray] ,Four Brothers,Martin Rosen,John Singleton,2015,2005
3309,1704,The Zulu War    ,Depth Charge,Bob Carruthers,Terrence O'Hara,2014,2008
1817,1633,Star Wars: The Clone Wars   ,Futurama: Bender's Game,Justin Ridge,Dwayne Carey-Hill,2009,2008
1226,5266,Vanishing Point ,Champion (My Dog the Champion),Charles Robert Carner,Kevin Nations,2012,2013
1371,3312,Bandolero! ,Age of Ice,Andrew V. McLaglen,Emile Edwin Smith,2004,2014
801,938,Into The Wild [Blu-ray] ,Track of the Cat,Various,William Wellman,2008,1954
4390,4742,Downfall ,Ecstasy,Oliver Hirschbiegel,Rob Heydon,2005,2012
810,3948,The Scarlet and the Black ,Sleeping Beauty,Jerry London,Julia Leigh,2003,2011
5209,2043,The Straight Story ,Dante's Inferno,David Lynch,Sang-Jin Kim,2000,2010
47,3947,Dragon Ball Z: Season 2 [Blu-ray] ,The Iron Lady,Mike McFarland,Phyllida Lloyd,2014,2012
3061,1475,Still Mine    ,Death Toll,Michael McGowan,Armando Leduc,2013,2007
4997,2130,Above the Rim ,The Stranger,Jeff Pollack,Robert Lieberman,2004,2010
3808,1860,Life of Pi (Blu-ray 3D + Blu-ray + DVD + Digital Copy + UltraViolet) ,Everybody Dies,Ang Lee,Josh Evans,2013,2009
3294,3047,Burlesque    ,Riddick,Steve Antin,David Twohy,2010,2013
2162,3912,Above the Law / Under Siege / Under Siege 2 (Triple-Feature) [Blu-ray] ,Dangerous,Various,Alfred E. Green,2012,1935
4694,2232,Go For Broke!    ,King of the Avenue,Robert Pirosh,Ryan Combs,1951,2010
2712,5780,Snow White (English Subtitled)   ,Radio Free Albemuth,Samir,John Alan Simon,2007,2014
3755,4877,This is Where I Leave You ,Night Across the Street,Shawn Levy,Raoul Ruiz,2014,2013
2543,4782,Renfrew Of The Royal Mounted    ,"""3, 2, 1... Frankie Go Boom""",Albert Herman,Jordan Roberts,1937,2012
4296,4299,Fried Green Tomatoes / Coal Miner's Daughter Double Feature ,The Big Shakedown,Michael Apted,John Francis Dillon,2013,1934
4912,6119,The Good Shepherd    ,Straight Outta Tompkins,Robert De Niro,Zephyr Benson,2006,2015
1531,5764,We're Back! A Dinosaur's Story    ,Space Station 76,Phil Nibbelink,Jack Plotnick,1993,2014
48,4308,Skyfall (Blu-ray/ DVD + Digital Copy) ,Red Dog,Sam Mendes,Kriv Stenders,2013,2011
422,3030,The Man From U.N.C.L.E.   ,Percy Jackson: Sea of Monsters,Don Medford,Thor Freudenthal,1964,2013
4177,5643,Argo ,God's Not Dead,Ben Affleck,Harold Cronk,2013,2014
5213,3636,Joyeux Noel (Widescreen) ,Decisions,Christian Carion,Jensen LeFlore,2006,2010
3222,1151,Mrs. Doubtfire    ,Devil's Den,Chris Columbus,Jeff Burr,1993,2007
3616,2080,The Phantom of the Opera (2004)    ,Fantastic Mr. Fox,Joel Schumacher,Wes Anderson,2004,2009
2990,6014,Paul The Apostle    ,Three Days In Havana,Roger Young,Gil Bellows,2013,2013
560,3210,Jurassic Park III ,Tekken: A Man Called X (Tekken: Kazuya's Revenge),Joe Johnston,Wych Kaosayananda,2012,2014
3156,6088,Schindler's List    ,Annie,Steven Spielberg,Will Gluck,1993,2014
474,1357,2 Fast 2 Furious (Blu-ray + Digital Copy + UltraViolet) ,His Majesty O'Keefe,John Singleton,Byron Haskin,2013,1954
3111,3954,Lincoln    ,Joan of Paris,Steven Spielberg,Robert Stevenson,2012,1942
2619,2434,Deadliest Catch   ,Sinbad and the Minotaur,Mike Rowe,Karl Zwicky,2005,2011
3586,1930,Into The Wild ,The Keeper,Various,Keoni Waxman,2008,2009
1756,6066,Dog Day Afternoon    ,The Better Angels,Sidney Lumet,A.J. Edwards,1975,2014
713,2550,Spring Breakers (DVD + UltraViolet Digital Copy) ,A Lonely Place to Die,Harmony Korine,Julian Gilbey,2013,2011
812,3635,Scarlet Pimpernel    ,1313: Haunted Frat,Harold Young,David DeCoteau,2007,2011
4165,1529,The Adjustment Bureau    ,Le Sauvage (The Savage) (Call Me Savage) (Lovers Like Us),George Nolfi,Jean-Paul Rappeneau,2011,1975
4608,2563,Freetown ,The Terror Experiment (Fight or Flight),Garrett Batty,George Mendeluk,2015,2010
4989,287,Soylent Green    ,Enemy of the Law,Richard Fleischer,Harry Fraser,1973,1945
4565,3470,Das Boot - The Director's Cut ,Army of Frankensteins,Wolfgang Petersen,Ryan Bellgardt,1997,2013
1295,4646,Superman/Batman: Apocalypse [Blu-ray] ,Unfinished Spaces,Various,Alysa Nahmias,2010,2011
4816,2266,The Bodyguard (Special Edition) ,Salt,Mick Jackson,Phillip Noyce,2006,2010
1996,2923,Doomsday [Blu-ray] ,Angels Around Me,Neil Marshall,Derrick Hammond,2008,2013
1790,4942,The Avenging Angel ,Beyond the Walls,Craig Baxley,David Lambert,2012,2013
871,1366,The Island    ,CIA: Exiled,Michael Bay,Carl Shultz,2005,1993
2929,6126,Wednesday Morning Breakfast Club    ,No Man of Her Own,Justin Barber,Mitchell Leisen,2014,1950
4510,6247,Big Muddy    ,Tiger Orange,Jefferson Moneo,Wade Gasque,2015,2014
515,2261,Event Horizon    ,Injury Slight...Please Advise,Paul W.S. Anderson,Josh Baxter,1997,2009
935,1660,The City of Lost Children ,The Man Who Came Back,Marc Caro,Glen Pitre,1999,2008
5021,3911,The Family Man    ,Fast Workers,Brett Ratner,Tod Browning,2000,1933
5233,5396,The Pillars Of The Earth Volume 1    ,Young at Heart,Sergio Mimica-Gezzan,Gordon Douglas,2010,1954
4608,267,Freetown ,Doing Hard Time,Garrett Batty,Boris Kodjoe,2015,2004
626,6046,Batman: Mask of the Phantasm    ,The Theory of Everything,Eric Radomski,James Marsh,1993,2014
3832,6058,The Lovely Bones    ,Last Summer,Peter Jackson,Mark Thiedeman,2010,2013
2898,4818,The Omen    ,Heebie Jeebies,John Moore,Thomas L. Bolster,2006,2013
475,5540,Truth About Spring ,Echo Dr.,Richard Thorpe,Patrick Ryan Sims,2014,2014
2229,5458,"Deadly Trackers, The/Man In The Wilderness (DBFE) ",Bad Country,Richard Sarafian,Chris Brinker,2008,2014
3217,4128,New World Order    ,The Flowers of War,Duane McCoy,Yimou Zhang,2013,2011
3058,4721,Lone Survivor    ,The Oranges,Peter Berg,Julian Farino,2013,2012
4761,3881,La Leon (English Subtitled)   ,The Three Stooges,Santiago Otheguy,James Frawley,2007,2000
862,2009,Librarian : The Curse Of The Judas Chalice    ,District 9,Jonathan Frakes,Neill Blomkamp,2008,2009
1418,4658,Mr. & Mrs. Smith (Widescreen Edition) ,Blissful Lies,Doug Liman,Jennifer Brown-Thomas,2005,2012
1449,4833,Lois & Clark: The New Adventures of Superman: Season 1 ,Temptation,Various,Tyler Perry,2006,2013
1973,322,Propeller: A Vans Skateboarding Video    ,Salt and Pepper,Greg Hunt,Richard Donner,2015,1968
4010,3470,Invincible (2006)    ,Army of Frankensteins,Ericson Core,Ryan Bellgardt,2006,2013
4843,5947,When a Man Loves a Woman ,Miele,Luis Mandoki,Valeria Golino,2000,2014
528,2295,Exodus ,Unstoppable,Otto Preminger,Tony Scott,2002,2010
2349,1576,Undisputed III: Redemption    ,Street Kings,Isaac Florentine,David Ayer,2008,2008
216,3041,Vikings   ,American Joyride,Johan Renck,Alex Petrovitch,2014,2012
4599,3237,Fire Over England    ,Captain America: The Winter Soldier,William K. Howard,Joe Russo,2013,2014
335,1149,Moon [Blu-ray] ,Police Story 2 (Ging chaat goo si juk jaap) (Police Force II),Duncan Jones,Jackie Chan,2010,1988
3918,3042,Real Steel ,The Woodsman,Shawn Levy,Christian Cisneros,2011,2012
4108,978,Moneyball ,Mee-Shee: The Water Giant,Bennett Miller,John Henderson,2012,2005
1485,1209,"4 Film Favorites: Football  (We Are Marshall,Any Given Sunday: Director's Cut, The Replacements, Wildcats) ",Captains of the Clouds,Various,Michael Curtiz,2013,1942
3510,3245,Muriel's Wedding    ,"Run Silent, Run Deep",P.J. Hogan,Robert Wise,2003,1958
1007,1620,Battlestar Galactica ('04)   ,DragonBlade: The Beginning,Michael Rymer,Antony Szeto,2005,2005
3656,1896,Midway (Collector's Edition) ,Mutant Chronicles,Jack Smight,Simon Hunter,2001,2008
2926,918,Shakespeare In Love    ,Chipmunk Adventure,John Madden,Janice Karman,1998,1987
714,3202,Eight Below    ,Ironclad: Battle for Blood,Frank Marshall,Jonathan English,2006,2014
2722,6268,The Sunset Limited    ,Black Beauty,Tommy Lee Jones,Daniel Zirilli,2011,2015
193,6030,Game of Thrones: Season 3 (Blu-ray/DVD Combo + Digital Copy) ,Rosewater,Various,Jon Stewart,2014,2014
4008,351,Fast & Frantic    ,Bush Pilot,Andrew Wilmot,Sterling Campbell,2010,1947
3304,665,Relations (English Subtitled)   ,The Marksman,Dunya Smirnova,Marcus Adams,2006,2005
4347,5725,X-Men: Days of Future Past - The Rogue Cut    ,Eternal Damn Nation,Bryan Singer,Alan Del Tufo,2015,2014
1788,2385,Running Scared    ,Mega Python Vs. Gatoroid,Wayne Kramer,Mary Lambert,2006,2011
5126,4409,Say Anything    ,The Sea Gull,Cameron Crowe,Sidney Lumet,1989,1968
349,3146,Ned Blessing    ,Special ID,Peter Werner,Clarence Fok Yiu-leung,2013,2014
1445,33,Bruce Lee: The Big Boss / Fist Of Fury ,Ek Aur Ek Gyarah: By Hook or by Crook,Wei Lo,David Dhawan,2013,2003
2947,4605,The Judge (2014) ,Hitchcock,David Dobkin,Sacha Gervasi,2015,2012
4444,5330,The Ghost and The Darkness ,Crave,Stephen Hopkins,Charles de Lauzirika,1998,2013
2679,5456,Anywhere But Here    ,El CapitÌÁn Trueno y el Santo Grial (Captain Thunder),Wayne Wang,Antonio HernÌÁndez,1999,2014
2412,5988,Smallville   ,The Zero Theorem,Mike Rohl,Terry Gilliam,2007,2014
1228,2874,Everybody's Fine ,This Girl Is Bad-Ass!!,Kirk Jones,Petchtai Wongkamlao,2011,2012
1914,1984,True Grit /The Searchers (BD) (Double Feature) [Blu-ray] ,Shorts: The Adventures of the Wishing Rock,Various,Robert Rodriquez,2013,2009
672,548,The Hitchhiker's Guide to the Galaxy [Blu-ray] ,Gun Fury,Garth Jennings,Raoul Walsh,2007,1953
1185,742,Men in Black II (+ UltraViolet Digital Copy) [Blu-ray] ,King Kong,Barry Sonnenfeld,Ernest B. Schoedsack,2012,1933
3406,1942,Requiem for a Dream    ,Chinese Odyssey 2002,Darren Aronofsky,Jeffrey Lau,2000,2002
1911,6249,Men of Honor (2000) ,Gone Doggy Gone,Jr. George Tillman,Brandon Walter,2001,2015
857,1911,A.I. Artificial Intelligence    ,The Cow and I,Steven Spielberg,Henri Verneuil,2001,1959
947,4951,Rat Race (Special Collector's Edition) ,Sharknado,Jerry Zucker,Anthony C. Ferrante,2002,2013
4021,3430,Alamar (English Subtitled)   ,Sword Of Vengeance,Pedro González-Rubio,Jim Weedon,2009,2015
5075,4454,Howl    ,The Words,Rob Epstein,Lee Sternthal,2010,2012
4700,1882,Amazing Grace    ,Fast & Furious,Michael Apted,Justin Lin,2007,2009
2824,4528,The Last Legion    ,The Pool,Doug Lefler,Chris Smith,2007,2008
1258,4058,Campion - The Complete First Season ,Desire,Various,Laurent Bouhnik,2005,2012
1544,6156,Harley Davidson and the Marlboro Man    ,The Gambler,Simon Wincer,Rupert Wyatt,1991,2014
1008,1240,Sin Nombre ,Haunted Gold,Cary Joji Fukunaga,Mack V. Wright,2009,1932
1663,3777,Captain Blood    ,Church Girl,Michael Curtiz,Reuben Yabuku,1935,2012
2465,2694,Watch the Skies! (The Cosmic Man / The Flying Saucer / Stranger From Venus) ,New Moon,Mikel Conrad,Robert Z. Leonard,2006,1940
181,1933,Black Death    ,Superman/Batman: Public Enemies,Christopher Smith,Sam Liu,2010,2009
4160,3325,Babies    ,Disaster Wars: Earthquake vs. Tsunami,Michael Ray Rhodes,David Palmieri,2013,2013
3625,2560,9,War Horse,Shane Acker,Steven Spielberg,2009,2011
2682,1435,The Hobbit: Battle of Five Armies 3D (Extended Edition with Figurine) (Amazon Exclusive) [Blu-ray] ,Company K,Peter Jackson,Robert Clem,2015,2004
981,862,ROAD TO NINJA -NARUTO THE MOVIE-    ,Murder Most Foul,Hayato Date,George Pollock,2012,1964
3723,4950,Von Ryan's Express    ,Underground,Mark Robson,Wilbert Berthaud Jr.,2009,2011
2417,167,Charlie's Angels - Season 5 ,Unidentified Flying Oddball,Dennis Donnelly,Russ Mayberry,2013,1979
4321,4213,Joe Versus The Volcano ,A Separation,John Patrick Shanley,Asghar Farhadi,2007,2011
1183,1239,Bandits ,Gun the Man Down,Barry Levinson,Andrew V. McLaglen,2002,1956
2688,2607,Let It Snow ,Yi ngoi (Accident),Harvey Frost,Pou-Soi Cheang,2015,2009
1187,443,Messner    ,Mad Dog Morgan,Andreas Nickel,Philippe Mora,2002,1976
4597,4602,High Noon ,KumarÌ©,Fred Zinnemann,Vikram Gandhi,2012,2012
1628,709,Red Heat (Special Edition) ,Tom and Jerry: The Fast and the Furry,Walter Hill,Bill Kopp,2004,2005
1919,2387,Rush Hour [Blu-ray] ,The Eagle,Brett Ratner,Kevin Macdonald,2010,2011
1346,5182,DCU: Superman: Unbound    ,Savannah,James Tucker,Annette Haywood-Carter,2013,2013
2217,132,Rumble In The Bronx    ,Backgammon,Stanley Tong,Ziri Rideaux,1996,2001
2463,1710,Last Man Standing / The Last Boy Scout (Action Double Feature) [Blu-ray] ,The Scratch,Various,Jorge Suarez,2010,2008
2804,2405,The Aviator    ,House Of The Rising Sun,Martin Scorsese,Brian A. Miller,2004,2011
21,4370,47 Ronin    ,Chilly Christmas,Carl Rinsch,Gregory Poppen,2013,2012
4552,5336,Persona (Criterion Collection) (Blu-ray + DVD) ,The Broken Circle Breakdown,Ingmar Bergman,Felix Van Groeningen,2014,2013
1064,436,The Professional ,C.C. & Company,Luc Besson,Roger Smith,1998,1970
4999,4587,Watership Down [Blu-ray] ,The Twilight Saga: Breaking Dawn Part 2,Martin Rosen,Bill Condon,2015,2012
4215,5847,Something's Gotta Give ,An Evergreen Christmas,Nancy Meyers,Jeremy Culver,2004,2014
5155,608,God Bless the Child    ,The Crow: Wicked Prayer,Larry Elikann,Lance Mungia,2013,2005
1528,1826,Destination Moon ,The Devil's Tomb,Irving Pichel,Jason Connery,2000,2008
541,527,Star Trek: The Original Series - Season 1 [Blu-ray] ,The Frogmen,Don McDougall,Lloyd Bacon,2009,1951
4483,3922,Nexus    ,Trinity Goodheart,Neil Coombs,Joanne Hock,2011,2011
4510,4255,Big Muddy    ,The Dark Side of Love,Jefferson Moneo,Jorge Ameer,2015,2012
414,1706,Spider-Man    ,Terminal Invasion,Sam Raimi,Sean S. Cunningham,2002,2002
3392,1002,Inside Llewyn Davis [Blu-ray] ,Poseidon,Ethan Coen,Wolfgang Petersen,1916,2006
4994,1298,The Skeleton Key    ,Hot Fuzz,Iain Softley,"Pegg and Edgar Wright (""Shaun of the Dead"")",2005,2007
1344,6180,Mortal Kombat    ,[REC] 4: Apocalypse,Paul W.S. Anderson,Jaume BalaguerÌ_,1995,2015
935,3019,The City of Lost Children ,The Mortal Instruments: City of Bones,Marc Caro,Harald Zwart,1999,2013
4085,85,Harold and Maude ,Qurbani,Hal Ashby,Feroz Khan,2000,1980
1010,5984,Homefront ,Zarra's Law,Gary Fleder,Juha Wuolijoki,2014,2014
1054,3772,Set It Off    ,Bombay Beach,F. Gary Gray,Alma Har'el,1996,2011
4663,1753,Something Borrowed ,Scaramouche,Luke Greenfield,Rex Ingram,2011,1923
1520,6218,Relic ,All Relative,Various,J.C. Khoury,1999,2014
3587,2277,It's A Wonderful Life (Two-Disc Collector's Set) ,I Crossed the Color Line,Frank Capra,Ted V. Mikels,2007,1966
5136,5327,Car Wash ,Pig,Michael Schultz,Henry Barrial,2003,2014
3984,501,Man On Fire    ,Blood Alley,Tony Scott,William Wellman,2004,1955
1939,763,Cheech & Chong's The Corsican Brothers ,The Hitman,Tommy Chong,Aaron Norris,2002,1991
833,4243,Sherlock Holmes ,Falling Overnight,Guy Ritchie,Conrad Jackson,2010,2012
1395,1726,Firefox    ,Retrograde,Clint Eastwood,Christopher Kulikowski,1982,2004
1362,1781,Sherlock Holmes & The Secret Weapon    ,Far Cry,Roy William Neill,Uwe Boll,1943,2008
3353,1586,Paranormal Activity 2    ,Virginia City,Tod Williams,Michael Curtiz,2010,1940
4660,862,Philomena    ,Murder Most Foul,Stephen Frears,George Pollock,2013,1964
313,3333,Rush (Blu-ray + DVD + Digital HD UltraViolet) ,The Incredible Journey,Ron Howard,Fletcher Markle,2014,1963
1128,704,Monte Carlo ,The Interpreter,Thomas Bezucha,Sydney Pollack,2011,2005
1321,5799,Heroes   ,Fort Bliss,David Straiton,Claudia Myers,2009,2014
3878,2768,Silent No More    ,Stolen,Demetrius Navarro,Simon West,2015,2012
3499,4917,Battle For Haditha    ,Savages Crossing,Nick Broomfield,Kevin James Dobson,2013,2009
4164,3342,Law Abiding Citizen    ,Alien Rising (Gemini Rising),F. Gary Gray,Dana Schroeder,2009,2015
3542,650,Amira & Sam    ,Sapoot,Sean Mullin,Jagdish Sharma,2014,1996
530,884,Martin Scorsese Triple Feature (Goodfellas / The Aviator / The Departed) [Blu-ray] ,Il Grande racket (The Big Racket),Martin Scorsese,Enzo G. Castellari,2012,1977
206,4431,The Dark Knight    ,Battle for Brooklyn,Christopher Nolan,Michael Galinsky,2008,2011
4890,5228,A Clockwork Orange    ,Do You Like My Basement?,Stanley Kubrick,Roger Sewhcomar,1972,2012
5238,2697,The Illusionist [Blu-ray] ,Barricade,Neil Burger,Andrew Currie,2010,2012
2319,5305,Bad Country [Blu-ray] ,Silence,Chris Brinker,Pat Collins,2014,2013
1721,5291,"Roger Corman's Cult Classics Sword And Sorcery Collection (Deathstalker, Deathstalker II, The Warrior And The Sorceress & Barbarian Queen) ",22 Bullets,James Sbardellati,Richard Berry,2011,2013
2058,4771,High Voltage    ,Perfect Understanding,Howard Higgin,Cyril Gardner,1929,1933
1515,5568,Mission: Impossible 3 [Blu-ray] ,Return to Zero,J.J. Abrams,Sean Hanish,2010,2014
1498,4296,Rocky II    ,Pagwidwin Sanai (Man of Vendetta),Sylvester Stallone,Min-ho Woo,1979,2010
1646,5719,Man of Tai Chi,From The Rough,Keanu Reeves,Pierre Bagley,2013,2014
4448,2873,The Grace Card ,A Common Man,Dr. David Evans,Chandran Rutnam,2011,2013
2426,3053,Shaft Collection (Shaft / Shaft's Big Score / Shaft in Africa) ,Machete Kills,Various,Robert Rodriguez,2006,2013
2807,6343,Mulholland Dr. [Blu-ray] ,The Age of Adaline,David Lynch,Lee Toland Krieger,2015,2015
4663,222,Something Borrowed ,Fireball 500,Luke Greenfield,William Asher,2011,1966
632,5503,Stargate    ,Weekend Of A Champion,Roland Emmerich,Roman Polanski,1994,2013
727,4636,Judgment Night ,House Arrest,Stephen Hopkins,William Washington,2004,2011
1880,1081,Outland (1981)    ,Ice Age 2: The Meltdown,Peter Hyams,Carlos Saldanha,1981,2006
1432,3904,The 36th Chamber of Shaolin ,Carnage,Lau Kar Leung,Roman Polanski,2007,2011
1503,2429,My Fellow Americans ,Tracker,Peter Segal,Ian Sharp,2004,2011
4505,1646,Last Holiday (2006) ,24: Redemption,Various,Jon Cassar,2006,2008
2841,3002,Slow West    ,"Little Brother, Big Trouble: A Christmas Adventure",John Maclean,Kari Juusonen,2015,2012
947,221,Rat Race (Special Collector's Edition) ,Star Wars: Episode V - The Empire Strikes Back,Jerry Zucker,Casey Pugh,2002,1980
4947,1496,Coach Carter ,Om Shanti Om,Various,Farah Khan,2005,2007
4415,3028,Myn Bala: Warriors of the Steppe (English Subtitled)    ,The Flying Machine,Akan Satayev,Martin Clapp,2013,2010
1042,3422,The D.I. ,Mortdecai,Jack Webb,David Koepp,2009,2015
4863,5685,Gigi (1958) ,Only Lovers Left Alive,Vincente Minnelli,Jim Jarmusch,2010,2014
4759,6375,The Sorcerer's Apprentice    ,Manglehorn,Jon Turteltaub,David Gordon Green,2010,2015
71,4210,"O' Brother, Where Art Thou?    ",Freelancers,Joel Coen,Jessy Terrero,2000,2012
3441,3318,Taken    ,The Maze Runner,Pierre Morel,Wes Ball,2009,2014
3539,3773,The Royal Tenenbaums    ,Courageous,Wes Anderson,Alex Kendrick,2001,2011
2371,997,Darkman Trilogy (Darkman / Darkman II: The Return Of Durant / Darkman III: Die Darkman Die) ,The Spirit of St. Louis,Sam Raimi,Billy Wilder,2007,1957
438,2487,The Matrix Reloaded    ,Cowboys & Aliens,Andy Wachowski,Jon Favreau,2003,2011
5171,2643,King Kong [Blu-ray] ,The Last Challenge,Peter Jackson,Richard Thorpe,2009,1967
2069,4553,Austin Powers Collection (International Man of Mystery / The Spy Who Shagged Me / Goldmember) [Blu-ray] ,Special Forces,Various,StÌ©phane Rybojad,2008,2012
4706,3074,Saltwater    ,The Adventurer: The Curse of the Midas Box,Charlie Vaughn,Jonathan Newman,2012,2014
818,5941,New Jack City ,Mulberry Stains,Mario Van Peebles,J.T. Villalobos,2010,2014
4786,216,Cinderella Man    ,Orca - The Killer Whale,Ron Howard,Michael Anderson,2005,1977
1693,2482,The Green Hornet    ,30 Minutes or Less,Michel Gondry,Ruben Fleischer,2011,2011
5030,1973,Joyful Noise ,Samurai purinsesu: GedÌ«-hime (Samurai Princess),Todd Graff,Kengo Kaji,2012,2009
3250,1696,Little Shop of Horrors ,"Roll Along, Cowboy",Frank Oz,Gus Meins,2009,1937
5239,2491,Chocolat ,Catch .44,Lasse Hallström,Aaron Harvey,2011,2011
3326,1238,The Dark Knight Trilogy (Batman Begins / The Dark Knight / The Dark Knight Rises) [Blu-ray] ,"Ride Him, Cowboy",Christopher Nolan,Fred Allen,2012,1932
4170,1078,Stand and Deliver    ,The MacKintosh Man,Ramón Menéndez,John Huston,1988,1973
3859,2068,The Blair Witch Project ,Where the Wild Things Are,Daniel Myrick,Spike Jonze,1999,2009
1216,6108,Tristan And Isolde    ,WWJD What Would Jesus Do? The Journey Continues,Kevin Reynolds,Gabriel Sabloff,2006,2015
787,3341,Resident Evil: Afterlife ,The Scorpion King 4: Quest for Power,Paul W.S. Anderson,Mike Elliott,2010,2015
875,4575,Rooster Cogburn (..and the Lady) ,Holy Motors,Stuart Millar,Leos Carax,1998,2012
2769,1711,American Sniper (Special Edition) ,Against the Dark,Clint Eastwood,Richard Crudo,2015,2009
4485,4213,A Man for All Seasons (Special Edition) ,A Separation,Fred Zinnemann,Asghar Farhadi,2007,2011
2134,1013,Grind    ,The Brotherhood,Casey La Scala,David DeCoteau,2003,2001
2106,4334,Necessary Evil: The Super-Villains of DC Comics    ,Last Summer of La Boyita (El ultimo verano de la Boyita),Scott Devine,Julia Solomonoff,2013,2010
3548,2990,The Giver DVD ,Five Pounds,Phillip Noyce,Michael Peer,2014,2010
708,2643,Wind ,The Last Challenge,Carroll Ballard,Richard Thorpe,2003,1967
3394,1550,Drums In The Deep South    ,Towards Darkness,William Cameron Menzies,JosÌ© Antonio Negret,1951,2007
2872,1428,Edward Scissorhands: 25th Anniversary [Blu-ray] ,Primal,Tim Burton,Steffen Schlachtenhaufen,2015,2007
1153,1150,"Hunter, The ",Beowulf,Buzz Kulik,Robert Zemeckis,2001,2007
2484,1606,Xena: Warrior Princess   ,Cyborg Soldier,Doug Lefler,Sam Firstenberg,1995,2008
5122,656,Two For the Seesaw (1962) [Blu-ray] ,Fire and Ice,Robert Wise,Ralph Bakshi,1916,1983
2216,2816,World Trade Center (2006) (BD) [Blu-ray] ,The Twilight Saga: Breaking Dawn Part 2,Various,Bill Condon,2008,2012
1400,5765,Harold & Kumar Go to White Castle (Unrated)    ,Cold in July,Danny Leiner,Jim Mickle,2004,2014
1348,3499,Face/Off [Blu-ray] ,Jane Eyre,Various,Cary Joji Fukunaga,2008,2011
5120,4800,Hello Ghost (English Subtitled)   ,Stoker,Young-Tak Kim,Park Chan-wook,2012,2013
2282,5378,Pink Panther 2 ,The Truth About Emanuel,Harald Zwart,Francesca Gregorini,2009,2014
4705,4155,Shall We Dance? (1996) (English Subtitled)   ,Wan Chai Baby,Masayuki Suo,Craig Addison,2005,2010
5192,2569,Independence Day [Blu-ray] ,Mission: Impossible Ghost Protocol,Roland Emmerich,Brad Bird,2008,2011
4067,3439,Fiddler on the Roof    ,Survivor,Norman Jewison,James McTeigue,1971,2015
2819,4789,The Crucible    ,Truth Unspoken,Nicholas Hytner,Ebony J. Lewis,1996,2013
1494,15,MacGruber (Unrated Edition) ,A Man Called Sledge,Jorma Taccone,Vic Morrow,2010,1971
3242,3504,Bullhead (English Subtitled)   ,The Bang Bang Club,Michaël R. Roskam,Steven Silver,2012,2011
3244,5836,Grease ,Moebius,Randal Kleiser,Kim Ki-Duk,2006,2014
3932,6097,Kinjite: Forbidden Subjects [Blu-ray] ,Song One,J. Lee Thompson,Kate Barker-Froyland,2015,2015
566,6180,What Dreams May Come    ,[REC] 4: Apocalypse,Vincent Ward,Jaume BalaguerÌ_,1998,2015
1735,405,Hudson Hawk ,Backtrack,Michael Lehmann,Alan Smithee,1999,1990
1159,2660,V: The Original TV Miniseries ,The Kane Files: Life Of Trial,Various,Benjamin Gourley,2005,2010
3383,2458,Secretary    ,Treasure Island (Devil's Treasure),Steven Shainberg,Fraser Clarke Heston,2000,1990
3813,4303,Flight of the Cardinal    ,Five,Robert Gaston,Jennifer Aniston,2011,2011
2193,1132,Cloak & Dagger    ,Captain Scarlett,Richard Franklin,Thomas Carr,1984,1953
31,2537,Batman Begins    ,Puss in Boots,Christopher Nolan,Chris Miller,2005,2011
1106,4081,The Ice Pirates ,Stand By for Action,Stewart Raffill,Robert Z. Leonard,2005,1942
3981,3985,The Mission (Two-Disc Special Edition) ,The Wicker Tree,Roland Joffé,Robin Hardy,2003,2012
2807,4473,Mulholland Dr. [Blu-ray] ,Compliance,David Lynch,Craig Zobel,2015,2012
2280,5053,Mobsters ,Animals,Michael Karbelnikoff,MarÌ¤al ForÌ©s,2003,2013
1803,1344,Eurotrip (BD) [Blu-ray] ,Surf's Up,Jeff Schaffer,Ash Brannon,2013,2007
3610,603,Amadeus (Director's Cut)    ,The Garbage Pail Kids Movie,Milos Forman,Rod Amateau,2002,1987
1653,3241,Return of 5 Deadly Venoms ,The Legend of Simon Conjurer,Chang Cheh,Stuart Paul,2010,2006
4165,2498,The Adjustment Bureau    ,Game Time,George Nolfi,Diego Hallivis,2011,2011
1144,129,Sex Drive ,Devil Winds,Sean Anders,Gilbert M. Shilton,2010,2003
2432,6197,The Last Wagon ,Wuthering High School,Delmer Daves,Anthony DiBlasi,2006,2015
3055,739,Electra Love 2000    ,Winx Club,Jay Raskin,Iginio Straffi,1991,2011
2012,5449,Skin Trade    ,Shuffleton's Barbershop,Ekachai Uekrongtham,Mark Jean,2015,2013
1268,4761,Pirates of the Caribbean: Four-Movie Collection (Blu-ray + Digital Copy) ,Becoming Redwood,Rob Marshall,Jesse James Miller,2011,2012
5008,621,Two Lovers    ,Trail of the Pink Panther,James Gray,Blake Edwards,2009,1982
5140,2656,"Big House, U.S.A. [Blu-ray] ",Fire with Fire,Howard W. Koch,Duncan Gibbins,2015,1986
5043,3361,Tremors 2: Aftershocks    ,Poker Night,S.S. Wilson,Greg Francis,1996,2014
4264,506,The Bucket List ,National Treasure,Rob Reiner,Jon Turteltaub,2008,2004
4555,1576,Total Recall (Mastered in 4K) (Single-Disc Blu-ray + UltraViolet Digital Copy) ,Street Kings,Len Wiseman,David Ayer,2013,2008
4904,5706,Tea With Mussolini ,A Promise,Franco Zeffirelli,Patrice Leconte,1999,2014
4755,739,Moulin Rouge! (Widescreen Edition) ,Winx Club,Baz Luhrmann,Iginio Straffi,2003,2011
