ID_A,ID_B,Flag,Title_A,Title_B,ISBN13_A,ISBN13_B
314,4,,Autobiography of a Yogi,Autobiography of a Yogi,,9.78088E+12
521,7,,The Reaper: Autobiography of One of the Deadliest Special Ops Snipers,The Reaper: Autobiography of One of the Deadliest Special Ops Snipers,9.78125E+12,9.78125E+12
429,8,,Knots in My Yo-Yo String: The Autobiography of a Kid,Knots in My Yo-yo String: The Autobiography of a Kid,9.78068E+12,9.78068E+12
220,11,,Long Walk to Freedom: The Autobiography of Nelson Mandela,Long Walk to Freedom: The Autobiography of Nelson Mandela,9.78032E+12,9.78032E+12
1440,14,,The Autobiography of Benjamin Franklin,The Autobiography of Benjamin Franklin,,9.78049E+12
264,15,,One Direction: Who We Are: Our Official Autobiography,One Direction: Who We Are: Our Official Autobiography,9.78001E+12,9.78001E+12
195,18,,Clapton: The Autobiography,Clapton: The Autobiography,,9.78077E+12
1648,23,,El Sicario: The Autobiography of a Mexican Assassin,El Sicario: The Autobiography of a Mexican Assassin,9.78157E+12,9.78157E+12
1109,27,,"Play On: Now, Then, and Fleetwood Mac: The Autobiography","Play On: Now, Then, and Fleetwood Mac: The Autobiography",9.78032E+12,9.78032E+12
176,31,,An Autobiography: The Story of My Experiments with Truth,An Autobiography: The Story of My Experiments with Truth,,9.78081E+12
198,43,,Open: An Autobiography,Open: An Autobiography,9.78031E+12,9.78031E+12
889,51,,E.A.R.L.: The Autobiography of DMX,E.A.R.L.: The Autobiography of DMX,9.78006E+12,9.78006E+12
113,63,,Autobiography of St. Teresa of Avila,Autobiography of St. Teresa of Avila,9.78049E+12,9.78049E+12
1428,81,,A Man of Honor: The Autobiography of Joseph Bonanno,Man of Honor,9.78031E+12,9.78031E+12
908,84,,The Lineage (Autobiography of a Werewolf Hunter Book 3),The Lineage (Autobiography of a Werewolf Hunter Book 3),,2.94015E+12
213,93,,The Unauthorized Autobiography of Ethan Jacobs,The Unauthorized Autobiography of Ethan Jacobs,,2.94003E+12
915,101,,My Way: An Autobiography,My Way: An Autobiography,,9.78125E+12
746,102,,Margaret Thatcher: The Autobiography,Margaret Thatcher: The Autobiography,,9.78006E+12
753,109,,Dr. J: The Autobiography,Dr. J: The Autobiography,,9.78006E+12
110,116,,The Autobiography of Andrew Carnegie,The Autobiography of Andrew Carnegie,,2.94001E+12
1039,124,,Open Secret: The Autobiography of the Former Director-General of MI5,Open Secret: The Autobiography of the Former Director-General of MI5,9.78145E+12,9.78145E+12
668,131,,Pele: The Autobiography,Pele: The Autobiography,,9.78185E+12
1373,136,,Where White Men Fear to Tread: The Autobiography of Russell Means,Where White Men Fear to Tread: The Autobiography of Russell Means,9.78031E+12,9.78031E+12
988,140,,It Doesn't Take a Hero: The Autobiography of General H. Norman Schwarzkopf,It Doesn't Take a Hero: The Autobiography,9.78055E+12,9.78055E+12
1285,141,,Musui's Story: The Autobiography of a Tokugawa Samurai,Musui's Story: The Autobiography of a Tokugawa Samurai / Edition 1,9.78082E+12,9.78082E+12
853,147,,Die Nigger Die!: A Political Autobiography of Jamil Abdullah al-Amin,Die Nigger Die!: A Political Autobiography of Jamil Abdullah al-Amin,,9.78156E+12
1436,149,,50 Classic Autobiographies,50 Classic Autobiographies,,2.94001E+12
1214,153,,Autobiography Of A Duffer,Autobiography Of A Duffer,,2.94005E+12
938,161,,A Change of Habit: The Autobiography Of A Former Catholic Nun,Change of Habit: The Autobiography of a Former Catholic Nun,9.78089E+12,9.78089E+12
506,167,,King of the Mild Frontier: An Ill-Advised Autobiography,King of the Mild Frontier: An Ill-Advised Autobiography,9.78006E+12,9.78006E+12
622,168,,The Autobiography of George Müller a Narrative of Some of the Lord's Dealings with George Müller Written by Himself Vol I,The Autobiography of George Muller a Narrative of Some of the Lord's Dealings with George Muller Written,9.78185E+12,9.78185E+12
419,170,,Renegade at Heart: An Autobiography,Renegade at Heart: An Autobiography,,9.78194E+12
658,176,,Time To Be In Earnest: A Fragment Of Autobiography,Time to Be in Earnest: A Fragment of Autobiography,9.78035E+12,9.78035E+12
668,182,,Pele: The Autobiography,Pele: The Autobiography,,9.78142E+12
233,207,,Long Time Gone: The Autobiography of David Crosby,Long Time Gone : The Autobiography of David Cros,9.78098E+12,9.78098E+12
308,213,,Commando: The Autobiography of Johnny Ramone,Commando: The Autobiography of Johnny Ramone,9.78081E+12,9.78081E+12
499,216,,The Name Above the Title: An Autobiography,The Name Above the Title: An Autobiography,,9.78031E+12
1619,239,,Kaffe Fassett: Dreaming in Color: An Autobiography,Kaffe Fassett: Dreaming in Color: An Autobiography,,9.78158E+12
823,240,,The Long Haul: An Autobiography,The Long Haul: An Autobiography / Edition 1,9.78081E+12,9.78081E+12
703,242,,Did They Mention the Music?: The Autobiography of Henry Mancini,Did They Mention the Music?: The Autobiography of Henry Mancini,9.78082E+12,9.78082E+12
1021,254,,Never Die Easy: The Autobiography of Walter Payton,Never Die Easy: The Autobiography of Walter Payton,9.78038E+12,9.78038E+12
1818,257,,Maradona: The Autobiography of Soccer's Greatest and Most Controversial Star,Maradona: The Autobiography of Soccer's Greatest and Most Controversial Star,,9.78162E+12
1828,257,,Maradona: The Autobiography of Soccer's Greatest and Most Controversial Star,Maradona: The Autobiography of Soccer's Greatest and Most Controversial Star,,9.78162E+12
575,258,,Bobby Whitlock: A Rock 'n' Roll Autobiography,Bob,9.78079E+12,9.78079E+12
1317,269,,Jesus: My Autobiography,Jesus: My Autobiography,,2.94015E+12
1814,299,,"Remembering Your Story, Revised Edition: Creating Your Own Spiritual Autobiography",Remembering Your Story: Creating Your Own Spiritual Autobiography,9.78084E+12,9.78084E+12
347,300,,The Autobiography of St. Ignatius,The Autobiography of St. Ignatius,,9.78151E+12
1870,303,,A Bazaar Life: The Autobiography of David Alliance,A Bazaar Life: The Autobiography of David Alliance,9.78185E+12,9.78185E+12
1538,305,,Otto: the Autobiography of a Teddy Bear,Otto: The Autobiography of a Teddy Bear,9.78071E+12,9.78071E+12
38,315,,Luna the Autobiography of a Super Cat,Luna the Autobiography of a Super Cat,,2.94001E+12
1136,317,,Out of My Life and Thought: An Autobiography,Out of My Life and Thought: An Autobiography,,9.78147E+12
1615,325,,My Silent War: The Autobiography of a Spy,My Silent War: The Autobiography of a Spy,9.78038E+12,9.78038E+12
481,340,,Driving Ambition - My Autobiography,Driving Ambition - My Autobiography,9.78144E+12,9.78144E+12
347,349,,The Autobiography of St. Ignatius,The Autobiography of St. Ignatius,,9.78163E+12
1331,350,,"My Art, My Life: An Autobiography (Dover Fine Art, History of Art)","My Art, My Life: An Autobiography",9.78049E+12,9.78049E+12
1235,352,,Porn King: The Autobiography of John C. Holmes,Porn King: The Autobiography of John C. Holmes,,2.94015E+12
230,354,,Of People and Plants: The Autobiography of Europe's Most Celebrated Healer,Of People and Plants: The Autobiography of Europe's Most Celebrated Healer,9.78089E+12,9.78089E+12
263,357,,Assisted: An Autobiography,Assisted: An Autobiography,,9.78163E+12
781,364,,The Children of Sanchez: Autobiography of a Mexican Family,The Children of Sanchez: Autobiography of a Mexican Family,9.78031E+12,9.78031E+12
121,376,,In Me Own Words: The Autobiography of Bigfoot (Bigfoot #1),In Me Own Words: The Autobiography of Bigfoot,9.78092E+12,9.78092E+12
1329,378,,The Worlds of a Maasai Warrior: An Autobiography,The Worlds of a Maasai Warrior: An Autobiography / Edition 1,9.78052E+12,9.78052E+12
614,379,,The Autobiography of G. K. Chesterton,The Autobiography of G. K. Chesterton,9.78159E+12,9.78159E+12
382,381,,The Autobiography of Theodore Roosevelt,The Autobiography of Theodore Roosevelt,,2.94001E+12
1934,384,,The Autobiography Of Joseph Stalin: A Novel,The Autobiography of Joseph Stalin: A Novel,9.78031E+12,9.78031E+12
1991,390,0,The Autobiography,The Autobiography,,9.78024E+12
648,395,,Running My Life: The Autobiography,Running My Life: The Autobiography,,9.78144E+12
1049,397,,As If: An Autobiography,As If: An Autobiography,,9.78047E+12
905,399,,An Autobiography of Buffalo Bill (Colonel W. F. Cody),An Autobiography of Buffalo Bill (Colonel W. F. Cody),,9.7815E+12
1219,401,,Clough: The Autobiography,Clough: The Autobiography,9.78055E+12,9.78055E+12
0,409,,Managing My Life: My Autobiography,Managing My Life: My Autobiography,9.78034E+12,9.78034E+12
698,414,,Smithsonian National Air and Space Museum: An Autobiography,Smithsonian National Air and Space Museum: An Autobiography,9.78143E+12,9.78143E+12
900,417,,Reading the Rocks: The Autobiography of the Earth,Reading the Rocks: The Autobiography of the Earth,9.78047E+12,9.78047E+12
1496,420,,Autobiography of a Georgia Cat,Autobiography Of A Georgia Cat,9.78142E+12,9.78142E+12
1175,425,,Frank Lloyd Wright: An Autobiography,Frank Lloyd Wright: An Autobiography,9.78076E+12,9.78076E+12
1525,426,,Marshal of Victory: The Autobiography of General Georgy Zhukov,Marshal of Victory: The Autobiography of General Georgy Zhukov,9.78178E+12,9.78178E+12
254,427,,"Collected Essays 5: Philosophy, Autobiography and Miscellany","Collected Essays, Volume 5: Philosophy, Autobiography and Miscellany",9.78098E+12,9.78098E+12
1581,434,,Rome: The Autobiography,Rome: The Autobiography,,9.78178E+12
1524,438,,George Cole - The World Was My Lobster: The Autobiography,George Cole-My Autobiography: The World Was My Lobster,9.78178E+12,9.78178E+12
288,448,,"Slave Testimony: Two Centuries of Letters, Speeches, Interviews, and Autobiographies","Slave Testimony: Two Centuries of Letters, Speeches, Interviews, and Autobiographies",9.78081E+12,9.78081E+12
735,455,,Ansel Adams: An Autobiography,Ansel Adams: An Autobiography,9.78082E+12,9.78082E+12
36,456,,My Last Sigh: The Autobiography of Luis Buñuel,My Last Sigh: The Autobiography of Luis Bunuel,9.78035E+12,9.78035E+12
941,461,,"Did You Grow Up with Me, Too?: The Autobiography of June Foray","Did You Grow Up with Me, Too? - The Autobiography of June Foray",9.78159E+12,9.78159E+12
86,464,,The Norton Book of American Autobiography,The Norton Book of American Autobiography,9.78039E+12,9.78039E+12
1054,465,,Autobiography of Mother Jones,Autobiography Of Mother Jones,9.78049E+12,9.78049E+12
326,472,,Autobiography of an Orgasm,Autobiography of an Orgasm,,9.78148E+12
774,474,,INXS: Story to Story: The Official Autobiography,INXS: Story to Story: The Official Autobiography,,9.78074E+12
1731,476,,Lost in a Desert World: An Autobiography,Lost in a Desert World: An Autobiography,,9.78148E+12
1244,477,,Shocking Life: The Autobiography of Elsa Schiaparelli,Shocking Life: The Autobiography of Elsa Schiaparelli,9.78185E+12,9.78185E+12
1461,495,,The Curious Autobiography of Elaine Jakes,The Curious Autobiography of Elaine Jakes,,9.78148E+12
93,499,,Twin Tracks: The Autobiography,Twin Tracks: The Autobiography,9.78185E+12,9.78185E+12
857,501,,Dance of Reality: The Psychomagical Autobiography of the Creator of El Topo and The Holy Mountain,The Dance of Reality: A Psychomagical Autobiography,9.78162E+12,9.78162E+12
1660,502,,Winning Is Not Enough: The Autobiography,Winning Is Not Enough: The Autobiography,9.78076E+12,9.78076E+12
399,505,,"His Promised Land: The Autobiography of John P. Parker, Former Slave and Conductor on the Underground Railroad","His Promised Land: The Autobiography of John P. Parker, Former Slave and Conductor on the Underground Railroad",9.78039E+12,9.78039E+12
844,507,,Journal of a Soul: The Autobiography of Pope John XXIII,Journal of a Soul: The Autobiography of Pope John XXIII,9.78039E+12,9.78039E+12
752,509,,"My Autobiography/The Political & Social Doctrine of Fascism (Books on History, Political & Social Science)",My Autobiography: With The Political and Social Doctrine of Fascism,9.78049E+12,9.78049E+12
451,512,,Play of Consciousness: A Spiritual Autobiography,Play of Consciousness: A Spiritual Autobiography,9.78091E+12,9.78091E+12
199,514,,Here and Now!: The Autobiography of Pat Martino,Here and Now!: The Autobiography of Pat Martino,9.78162E+12,9.78162E+12
200,514,,Here and Now!: The Autobiography of Pat Martino,Here and Now!: The Autobiography of Pat Martino,9.78162E+12,9.78162E+12
1703,536,,What You See Is What You Get: My Autobiography,What You See Is What You Get: My Autobiography,,9.78023E+12
526,541,0,Interesting: My Autobiography,Interesting: My Autobiography,,9.78147E+12
536,541,0,Interesting: My Autobiography,Interesting: My Autobiography,,9.78147E+12
1946,545,,Autobiography,Autobiography,9.78163E+12,9.78163E+12
56,557,,Learning to Listen: The Jazz Journey of Gary Burton: An Autobiography,Learning to Listen: The Jazz Journey of Gary Burton,9.78088E+12,9.78088E+12
347,559,,The Autobiography of St. Ignatius,The Autobiography of St. Ignatius,,2.94001E+12
1991,573,0,The Autobiography,The Autobiography,,9.78178E+12
669,584,,Autobiography of a Schizophrenic Girl,Autobiography of a Schizophrenic Girl: The True Story of Renee,9.78045E+12,9.78045E+12
33,586,,Autobiography of a Spiritually Incorrect Mystic,Autobiography of a Spiritually Incorrect Mystic,9.78031E+12,9.78031E+12
411,588,,When You Get There: An Autobiography,When You Get There: An Autobiography,9.7816E+12,9.7816E+12
1824,590,,Mandela: An Illustrated Autobiography,Mandela: An Illustrated Autobiography,9.78032E+12,9.78032E+12
1836,592,,King of the Wild Frontier: An Autobiography by Davy Crockett,King of the Wild Frontier: An Autobiography,9.78049E+12,9.78049E+12
396,600,,Autobiography,Andrew Wyeth: Autobiography,9.78082E+12,9.78082E+12
435,601,,"Mountain Wolf Woman, Sister of Crashing Thunder: The Autobiography of a Winnebago Indian","Mountain Wolf Woman, Sister of Crashing Thunder: The Autobiography of a Winnebago Indian / Edition 1",9.78047E+12,9.78047E+12
225,602,,The River of No Return: The Autobiography of a Black Militant and the Life and Death of SNCC,The River of No Return: The Autobiography of a Black Militant and the Life and Death of SNCC / Edition 1,9.78088E+12,9.78088E+12
806,610,,Monodies and On the Relics of Saints: The Autobiography and a Manifesto of a French Monk from theTime of the Crusades,Monodies and On the Relics of Saints: The Autobiography and a Manifesto of a French Monk from the Time of the Crusades,9.78014E+12,9.78014E+12
701,618,,Bruno Sammartino: An Autobiography of Wrestling's Living Legend,Bruno Sammartino: an Autobiography of Wrestling's Living Legend,9.78144E+12,9.78144E+12
229,619,,Spiritual Autobiography: Discovering and Sharing Your Spiritual Story,Spiritual Autobiography: Discovering and Sharing Your Spiritual Story,9.78158E+12,9.78158E+12
441,620,,Autobiography,Autobiography,9.78085E+12,9.78085E+12
1537,629,,Telling the Stories of Life through Guided Autobiography Groups,Telling the Stories of Life through Guided Autobiography Groups / Edition 1,9.7808E+12,9.7808E+12
821,674,,Autobiography of a Poodle,Autobiography of a Poodle,,9.78079E+12
838,705,,"Interfaces: Women, Autobiography, Image, Performance","Interfaces: Women, Autobiography, Image, Performance",9.78047E+12,9.78047E+12
827,708,,The Autobiography of Abbie Hoffman,The Autobiography Of Abbie Hoffman,9.78157E+12,9.78157E+12
1440,710,,The Autobiography of Benjamin Franklin,The Autobiography of Benjamin Franklin,,9.7815E+12
905,718,,An Autobiography of Buffalo Bill (Colonel W. F. Cody),An Autobiography of Buffalo Bill (Colonel W. F. Cody),,9.78366E+12
1555,719,,The Autobiography of Mulan (Book One of the Princess Series),The Autobiography of Mulan (Book One of the Princess Series),,2.94001E+12
161,727,,The Autobiography of W.E.B. Du Bois: A Soliloquy on Viewing My Life from the Last Decade of Its First Century,The Autobiography of W. E. B. Du Bois: A Soliloquy on Viewing My Life from the Last Decade of Its First Century,9.78072E+12,9.78072E+12
1161,728,,Autobiography of a People: Three Centuries of African American History Told by Those Who Lived It,Autobiography of a People: Three Centuries of African American History Told,9.78039E+12,9.78039E+12
1225,738,,Come Up and Get Me: An Autobiography of Colonel Joe Kittinger,Come up and Get Me: An Autobiography of Colonel Joe Kittinger,9.78083E+12,9.78083E+12
1901,740,,The Autobiography of William Carlos Williams,The Autobiography of William Carlos Williams,9.78081E+12,9.78081E+12
114,743,,The Life of Teresa of Jesus: The Autobiography of Teresa of Avila,Life Of Teresa Of Jesus: The Autobiography Of Teresa Of Avila,9.78039E+12,9.78039E+12
385,750,,Black Hawk: AN AUTOBIOGRAPHY,Black Hawk: An Autobiography,9.78025E+12,9.78025E+12
1758,751,,He Touched Me: An Autobiography,He Touched Me: An Autobiography,9.78079E+12,9.78079E+12
1365,766,,Ralph Rucci: Autobiography of a Fashion Designer,Ralph Rucci: Autobiography of a Fashion Designer,9.78098E+12,9.78098E+12
10,769,,A Man Called White: The Autobiography of Walter White,A Man Called White: The Autobiography of Walter White / Edition 1,9.78082E+12,9.78082E+12
488,774,,General George Crook: His Autobiography,General George Crook: His Autobiography,9.78081E+12,9.78081E+12
664,776,,I Walked With Giants: The Autobiography of Jimmy Heath,I Walked With Giants: The Autobiography of Jimmy Heath,9.78144E+12,9.78144E+12
1917,783,,Autobiography of a Restless Mind: Reflections on the Human Condition,Autobiography of a Restless Mind: Reflections on the Human Condition,,9.78148E+12
1572,787,,Autobiography of a Freedom Rider: My Life as a Foot Soldier for Civil Rights,Autobiography of a Freedom Rider: My Life as a Foot Soldier for Civil Rights,9.78076E+12,9.78076E+12
347,790,,The Autobiography of St. Ignatius,The Autobiography of St. Ignatius,,9.78146E+12
1776,791,,"""Therefore, Choose Life..."": An Autobiography","Therefore, Choose Life...: An Autobiography",9.78087E+12,9.78087E+12
1796,791,,"""Therefore, Choose Life..."": An Autobiography","Therefore, Choose Life...: An Autobiography",9.78087E+12,9.78087E+12
285,795,,Standing Fast: The Autobiography Of Roy Wilkins,Standing Fast: The Autobiography of Roy Wilkins,9.78031E+12,9.78031E+12
162,803,,Grace Abounding: With Other Spiritual Autobiographies (Oxford English Texts),Grace Abounding: With Other Spiritual Autobiographies,9.7802E+12,9.7802E+12
1388,805,,Beggars of Life: A Hobo Autobiography,Beggars of Life: A Hobo Autobiography,,9.7819E+12
1884,812,,Factory Lives: Four Nineteenth-Century Working-Class Autobiographies,Factory Lives: Four Nineteenth-Century Working-Class Autobiographies (1828-1850) / Edition 1,9.78155E+12,9.78155E+12
1667,828,,"Daredevil, Vol. 4: The Autobiography of Matt Murdock",Daredevil Vol. 4: The Autobiography of Matt Murdock,9.78079E+12,9.78079E+12
1825,847,,"Sounds of Silence Breaking: Women, Autobiography, Curriculum","Sounds of Silence Breaking: Women, Autobiography, Curriculum (Complicated Conversation Series, Volume 1)",9.78082E+12,9.78082E+12
1826,847,,"Sounds of Silence Breaking: Women, Autobiography, Curriculum","Sounds of Silence Breaking: Women, Autobiography, Curriculum (Complicated Conversation Series, Volume 1)",9.78082E+12,9.78082E+12
409,860,,Buying the Night Flight: The Autobiography of a Woman Foreign Correspondent,Buying the Night Flight: The Autobiography of a Woman Foreign Correspondent,9.78023E+12,9.78023E+12
1993,867,,The Abandoned Baobab: The Autobiography of a Senegalese Woman,The Abandoned Baobab: The Autobiography of a Senegalese Woman / Edition 1,9.78081E+12,9.78081E+12
1872,872,,Red Autobiographies: Initiating the Bolshevik Self,Red Autobiographies: Initiating the Bolshevik Self,9.7803E+12,9.7803E+12
30,887,,"Deliverance from Error: Five Key Texts Including His Spiritual Autobiography, al-Munqidh min al-Dalal","Deliverance from Error: Five Key Texts Including His Spiritual Autobiography, Al-Munqidh Min Al-Dalal",9.78189E+12,9.78189E+12
845,889,,The Kindness of Strangers: The Autobiography,The Kindness of Strangers: The Autobiography,9.78076E+12,9.78076E+12
320,897,,The Autobiography of Vivian,The Autobiography of Vivian,,9.78035E+12
1358,901,,This Is Me: The Autobiography,This Is Me: The Autobiography,,9.78073E+12
1221,906,,Autobiography of an Electron,Autobiography of an Electron,,9.78605E+12
2001,937,,"The Gift of Stories: Practical and Spiritual Applications of Autobiography, Life Stories, and Personal Mythmaking","The Gift of Stories: Practical and Spiritual Applications of Autobiography, Life Stories, and Personal Mythmaking / Edition 1",9.7809E+12,9.7809E+12
63,949,,In My Own Words: The Autobiography,In My Own Words: The Autobiography,,9.78147E+12
1375,968,,Bully! Three Autobiographies by Theodore Roosevelt,Bully! Three Autobiographies By Theodore Roosevelt,9.7816E+12,9.7816E+12
849,975,,The Autobiography of Jamgon Kongtrul: A Gem of Many Colors,Autobiography of Jamgon Kongtrul: A Gem of Many Colors,9.78156E+12,9.78156E+12
557,979,,White Tiger: An Autobiography of Yang Xianyi,White Tiger: An Autobiography of Yang Xianyi,9.78963E+12,9.78963E+12
2019,989,,An Autobiography: and Other Writings,An Autobiography: and Other Writings,,9.78019E+12
1237,1015,,Seven and Nine years Among the Camanches and Apaches An Autobiography,Seven and Nine years Among the Camanches and Apaches An Autobiography,,9.78366E+12
1804,1017,,Fernando Bujones: An Autobiography,Fernando Bujones: An Autobiography,9.78062E+12,9.78062E+12
949,1022,,Autobiography of a Goat,Autobiography of a Goat,9.78099E+12,9.78099E+12
221,1026,,Life of David Crockett: An Autobiography,Life of David Crockett: An Autobiography,9.78159E+12,9.78159E+12
1108,1077,,Buffalo Bill Cody: An Autobiography,Buffalo Bill Cody: An Autobiography,9.7815E+12,9.7815E+12
207,1080,,Tears For My City: An Autobiography of a Detroit White Boy,Tears for My City: An Autobiography of a Detroit White Boy,9.78162E+12,9.78162E+12
1107,1084,,Autobiography of the Lower East Side,Autobiography of the Lower East Side,9.78194E+12,9.78194E+12
1240,1088,,The Only One Living to Tell: The Autobiography of a Yavapai Indian,The Only One Living to Tell: The Autobiography of a Yavapai Indian,9.78082E+12,9.78082E+12
524,1090,,Autobiography of a Yaqui Poet,Autobiography of a Yaqui Poet,9.78082E+12,9.78082E+12
534,1090,,Autobiography of a Yaqui Poet,Autobiography of a Yaqui Poet,9.78082E+12,9.78082E+12
1531,1101,,The Autobiography of Pops Foster: New Orleans Jazz Man,Autobiography of Pops Foster: New Orleans Jazz Man,9.78088E+12,9.78088E+12
131,1104,,The Autobiography of St. Teresa of Avila Including the Relations: The Life of St. Teresa of Jesus,The Autobiography of St. Teresa of Avila - Including the Relations,9.7809E+12,9.7809E+12
123,1107,,The Best that I Can Be: An Autobiography,The Best That I Can Be: An Autobiography,9.78039E+12,9.78039E+12
778,1114,,Saunders Mac Lane: A Mathematical Autobiography,Saunders Mac Lane: A Mathematical Autobiography,9.78157E+12,9.78157E+12
1407,1116,,Zig: The Autobiography of Zig Ziglar,Zig: The Autobiography of Zig Ziglar,9.78039E+12,9.78039E+12
1242,1119,,Like a Waking Dream: The Autobiography of Geshe Lhundub Sopa,Like a Waking Dream: The Autobiography of Geshe Lhundub Sopa,9.78086E+12,9.78086E+12
724,1127,,Daughter of the River: An Autobiography,Daughter of the River: An Autobiography,9.7808E+12,9.7808E+12
1162,1131,,Tower Stories: The Autobiography of September 11th,"Tower Stories: The Autobiography of September 11, 2001",9.78097E+12,9.78097E+12
1357,1148,,"Autobiography and Selected Letters, Volume I: Autobiography. Letters 1-50 (Loeb Classical Library No. 478)","Autobiography and Selected Letters, Volume I: Autobiography. Letters 1-50 (Loeb Classical Library)",9.78067E+12,9.78067E+12
2004,1153,,"Autobiography and Selected Letters, Volume II: Letters 51-193","Autobiography and Selected Letters, Volume II: Letters 51-193 (Loeb Classical Library)",9.78067E+12,9.78067E+12
1657,1168,,"Yellowtail, Crow Medicine Man and Sun Dance Chief: An Autobiography","Yellowtail, Crow Medicine Man and Sun Dance Chief: An Autobiography",9.78081E+12,9.78081E+12
439,1170,,Standing on the Promises: The Autobiography of W. A. Criswell,Standing on the Promises: The Autobiography of W. A. Criswell,9.78085E+12,9.78085E+12
418,1173,,The Autobiography of a Tibetan Monk,Autobiography of a Tibetan Monk,9.7808E+12,9.7808E+12
116,1174,,They Shall Not Pass: The Autobiography of La Pasionaria,They Shall Not Pass: The Autobiography of La Pasionaria,9.78072E+12,9.78072E+12
602,1187,,The Autobiography Of Mark Rutherford: Dissenting Minister,"Autobiography of Mark Rutherford, Dissenting Minister, 1881",9.78019E+12,9.78019E+12
1279,1197,,Autobiography And Other Poems,Autobiography and Other Poems,9.78092E+12,9.78092E+12
929,1204,,"Autobiography of Andrew George Salzer, an American Life","Autobiography Of Andrew George Salzer, An American Life",9.78098E+12,9.78098E+12
1656,1207,,"The Arvon Book of Life Writing: Writing Biography, Autobiography and Memoir","The Arvon Book of Life Writing: Writing Biography, Autobiography and Memoir",9.78141E+12,9.78141E+12
1393,1218,,"To Tell a Free Story: The First Century of Afro-American Autobiography, 1760-1865","To Tell a Free Story: The First Century of Afro-American Autobiography, 1760-1865 / Edition 1",9.78025E+12,9.78025E+12
1923,1225,,Unreasonable Behaviour: An Autobiography,Unreasonable Behaviour:: An Autobiography,9.7801E+12,9.7801E+12
1057,1246,0,An autobiography,An autobiography,,2.94002E+12
1064,1246,0,An autobiography,An autobiography,,2.94002E+12
1970,1246,0,An autobiography,An autobiography,,2.94002E+12
1788,1249,,I'm alive!: An autobiography,I'm Alive: An Autobiography,9.78006E+12,9.78006E+12
26,1280,,William Barclay: A Spiritual Autobiography,William Barclay: A Spiritual Autobiography,9.7808E+12,9.7808E+12
337,1313,,David Ginola - The Autobiography-H,David Ginola Le Magnifique: The Autobiography,9.78001E+12,9.78001E+12
387,1325,,Bog-Trotter: An Autobiography with Lyrics,Bog-Trotter: An Autobiography with Lyrics,9.78039E+12,9.78039E+12
1066,1336,,As If: An Autobiography,As If: An Autobiography,9.78047E+12,9.78047E+12
1049,1336,0,As If: An Autobiography,As If: An Autobiography,,9.78047E+12
1675,1355,,"Tibet Is My Country: Autobiography of Thubten Jigme Norbu, Brother of the Dalai Lama as Told to Heinrich Harrer","Tibet is My Country: The Autobiography of Thubten Jigme Norbu, Brother of the Dalai Lama",9.78086E+12,9.78086E+12
314,1363,,Autobiography of a Yogi,Autobiography of a Yogi,,9.7835E+12
1057,1426,0,An autobiography,An autobiography,,2.94002E+12
1064,1426,0,An autobiography,An autobiography,,2.94002E+12
1970,1426,0,An autobiography,An autobiography,,2.94002E+12
786,1450,,Deep Probings: The Autobiography of a Genius,Deep Probings: The Autobiography of a Genius,9.7819E+12,9.7819E+12
617,1457,,A Woman of Genius: The Intellectual Autobiography of Sor Juana Inés de la Cruz,Woman of Genius: The Intellectual Autobiography of Sor Juana Ines de la Cruz,9.78092E+12,9.78092E+12
1733,1458,,Caroline Herschel's Autobiographies,Caroline Herschel's Autobiographies,9.78091E+12,9.78091E+12
518,1460,,Amen's Boy: A Fictionalized Autobiography,Amen's Boy: A Fictionalized Autobiography,9.78143E+12,9.78143E+12
533,1460,,Amen's Boy: A Fictionalized Autobiography,Amen's Boy: A Fictionalized Autobiography,9.78143E+12,9.78143E+12
880,1481,,Against the Wind: An Autobiography,Against the Wind: An Autobiography,,9.7815E+12
2018,1504,,One More Step: An Autobiography,One More Step: An Autobiography,9.78067E+12,9.78067E+12
790,1513,,An Autobiography,An Autobiography,9.78047E+12,9.78047E+12
1119,1535,,My Autobiography A Fragment,My Autobiography A Fragment,,9.78151E+12
1033,1538,,The Red Parts: Autobiography of a Trial,The Red Parts: Autobiography of a Trial,9.78156E+12,9.78156E+12
1118,1545,,Theme and Variations: An Autobiography,Theme and Variations: An Autobiography,9.78031E+12,9.78031E+12
640,1551,,By a Stroke of Luck!: An Autobiography,By a Stroke of Luck!: An Autobiography,9.78085E+12,9.78085E+12
1991,1553,0,The Autobiography,The Autobiography,,9.78075E+12
584,1568,,Autobiography of a Chinese Girl,Autobiography of a Chinese Girl,9.78086E+12,9.78086E+12
1997,1654,,Push Comes to Shove: An Autobiography,Push Comes to Shove: An Autobiography,9.78055E+12,9.78055E+12
811,1676,,The Autobiography of a Clown,The Autobiography of a Clown,,2.94015E+12
284,1678,,Hashish;: The autobiography of a Red Sea smuggler,Hashish: The Autobiography of a Red Sea Smuggler,9.78088E+12,9.78088E+12
1787,1683,,Not For Your Hands: An Autobiography,Not for Your Hands; An Autobiography,9.78187E+12,9.78187E+12
700,1698,,One Life: An Autobiography of an African American Actress,One Life: An Autobiography of an African American Actress,9.78157E+12,9.78157E+12
275,1699,,Stand and Deliver: The Autobiography,Stand and Deliver: The Autobiography,9.78028E+12,9.78028E+12
1195,1710,,The Lion's Mouth: Concluding Chapters Of Autobiography,Lion's Mouth: Concluding Chapters of Autobiography,9.78081E+12,9.78081E+12
1686,1715,,Autobiography [Of] Augustus John,Augustus John: An Autobiography,9.78022E+12,9.78022E+12
663,1748,,Five Rounds Rapid!: The Autobiography of Nicholas Courtney,Five Rounds Rapid: The Autobiography of Nicholas Courtney,9.78185E+12,9.78185E+12
1220,1750,,Obsessed: The Autobiography,Obsessed: The Autobiography,9.78075E+12,9.78075E+12
1739,1776,,Parley Poet And Chanter: An Autobiography,Parley-Poet and Chanter: An Autobiography,9.7819E+12,9.7819E+12
185,1778,,"Who Am I?: An Autobiography of Emotion, Mind, and Spirit","Who Am I?: An Autobiography of Emotion, Mind and Spirit",9.7803E+12,9.7803E+12
1154,1829,,"Intellectual Autobiography: Ideas on Literature, Philosophy and Religion","Intellectual Autobiography: Ideas on Literature, Philosophy and Religion",9.78141E+12,9.78141E+12
1262,1836,,"Billy Baldwin, an Autobiography",Billy Baldwin: An Autobiography,9.78032E+12,9.78032E+12
1440,1843,,The Autobiography of Benjamin Franklin,The Autobiography of Benjamin Franklin,,9.7805E+12
888,1866,,"A land of our own: An oral autobiography,",A Land of Our Own: An Oral Autobiography,9.7804E+12,9.7804E+12
1792,1912,,Supergirls; the autobiography of an outrageous business,Supergirls; the Autobiography of an Outrageous Business,9.78006E+12,9.78006E+12
1645,1915,,Law Courts in a Glass House: An Autobiography,Law Courts in a Glass House: An Autobiography,9.7802E+12,9.7802E+12
1440,1960,,The Autobiography of Benjamin Franklin,The Autobiography of Benjamin Franklin,,9.78131E+12
39,1967,,Autobiography of Countess Tolstoy,Autobiography of Countess Tolstoy,,9.78141E+12
1760,1987,,"A Still Untitled, (Not Quite) Autobiography","Still Untitled, (Not Quite) Autobiography",9.78191E+12,9.78191E+12
394,1991,,Through the Eyes of the Enemy: The Autobiography of Stanislav Lunev,Through the Eyes of the Enemy: The Autobiography of Stanislav Lunev,9.7809E+12,9.7809E+12
353,1994,,Autobiography and Selected Essays,Autobiography and Selected Essays,,9.78144E+12
256,2021,,"Hard Times: Force of Circumstance, Volume II: 1952-1962 (The Autobiography of Simone de Beauvoir)","Hard Times: Force of Circumstance II, 1952-1962: The Autobiography of Simone de Beauvoir",9.78157E+12,9.78157E+12
206,2033,,The Autobiography of William Sanders Scarborough: An American Journey from Slavery to Scholarship (African American Life),The Autobiography of William Sanders Scarborough: An American Journey from Slavery to Scholarship (African American Life Series),9.78081E+12,9.78081E+12
182,2035,,The Crafty Cockney: Eric Bristow: The Autobiography,The Crafty Cockney: Eric Bristow: The Autobiography,9.78185E+12,9.78185E+12
1933,2075,,Contemplation and Action: The Spiritual Autobiography of a Muslim Scholar: Nasir al-Din Tusi,Contemplation and Action: The Spiritual Autobiography of a Shi'i Philosopher,9.78186E+12,9.78186E+12
1345,2079,,Whitey and Mickey - An Autobiography of the Yankee Years (A Signet book),Whitey and Mickey: A Joint Autobiography of the Yankee Years,9.78045E+12,9.78045E+12
120,2092,,Metaphors of Self: The Meaning of Autobiography,Metaphors of Self: The Meaning of Autobiography,9.78069E+12,9.78069E+12
750,2098,,"Midlife Queer: Autobiography of a Decade, 1971-1981","Midlife Queer: Autobiography of a Decade, 1971-1981",9.7803E+12,9.7803E+12
1177,2128,,The Value of Solitude: The Ethics and Spirituality of Aloneness in Autobiography,Value of Solitude: The Ethics and Spirituality of Aloneness in Autobiography / Edition 1,9.78081E+12,9.78081E+12
449,2160,,The Autobiography of a Narcissist,The Autobiography Of A Narcissist,9.78159E+12,9.78159E+12
621,2222,,"Sergei Prokofiev: Autobiography, Articles, Reminiscences","Sergei Prokofiev: Autobiography, Articles, Reminiscences",9.7809E+12,9.7809E+12
1813,2228,,Ghana: Autobiography of Kwame Nkrumah,Ghana: Autobiography of Kwame Nkrumah,9.78072E+12,9.78072E+12
667,2229,,Pataki: An Autobiography,Pataki: An Autobiography,9.78067E+12,9.78067E+12
394,2236,,Through the Eyes of the Enemy: The Autobiography of Stanislav Lunev,Through the Eyes of the Enemy: The Autobiography of Stanislav Lunev,9.7809E+12,9.7809E+12
262,2254,,The Real McRae: The Autobiography of the People's Champion,The Real McRae: The Autobiography of the People's Champion,9.78009E+12,9.78009E+12
1057,2270,0,An autobiography,An autobiography,,2.94002E+12
1064,2270,0,An autobiography,An autobiography,,2.94002E+12
1970,2270,0,An autobiography,An autobiography,,2.94002E+12
596,2279,,White Lightning: The Autobiography,White Lightning: The Autobiography,9.78E+12,9.78E+12
1353,2292,,The Autobiography Box: A Step-by-Step Kit for Examining the Life Worth Living,The Autobiography Box: A Step-,9.78081E+12,9.78081E+12
994,2296,,"Picasso, Art as Autobiography",Picasso: Art as Autobiography,9.78023E+12,9.78023E+12
1457,2325,,Awakenings: A Translation of Marcel's Autobiography,Awakenings: A Translation of Gabriel Marcel's Autobiography,9.78087E+12,9.78087E+12
1478,2325,,Awakenings: A Translation of Marcel's Autobiography,Awakenings: A Translation of Gabriel Marcel's Autobiography,9.78087E+12,9.78087E+12
1036,2326,,Notes from a Wayfarer: The Autobiography of Helmut Thielicke,Notes from a Wayfarer: The Autobiography of Helmut Thielicke,9.78156E+12,9.78156E+12
1102,2338,,Bitch!: The Autobiography of Lady Lawford,Bitch!: The Autobiography of Lady Lawford,9.78083E+12,9.78083E+12
100,2340,,Fire in the Rain...Singer in the Storm: An Autobiography,Fire in the Rain...Singer in the Storm: An Autobiography,9.78069E+12,9.78069E+12
1044,2341,,A Poetics Of Women's Autobiography: Marginality And The Fictions Of Self Representation,Poetics of Women's Autobiography: Marginality and the Fictions of Self-Representation,9.78025E+12,9.78025E+12
228,2345,,From GED to PhD: The Autobiography of Dr. Bon Blossman,From GED to PhD: The Autobiography of Dr. Bon Blossman,,9.78099E+12
1850,2352,,"Haunch, paunch and jowl; an anonymous autobiography","Haunch, paunch and jowl; an anonymous autobiography",,2.94002E+12
1841,2357,,Hollywood Red: The Autobiography of Lester Cole,Hollywood Red: The Autobiography of Lester Cole,9.78088E+12,9.78088E+12
784,2375,,I'm an endangered species: The autobiography of a free enterpriser,I'm an Endangered Species: The Autobiography of a Free Enterpriser,9.78088E+12,9.78088E+12
47,2379,,Service of Ladies: An Autobiography,Service of Ladies: An autobiography,9.78184E+12,9.78184E+12
1096,2384,,Autobiography of an Indian indentured labourer,Autobiography of an Indian Indentured Labourer,9.78818E+12,9.78818E+12
898,2402,,The Modern World of Neith Boyce: Autobiography and Diaries,The Modern World of Neith Boyce: Autobiography and Diaries,9.78083E+12,9.78083E+12
226,2411,,"Truth, Love & a Little Malice: An Autobiography","Truth, Love and a Little Malice: An Autobiography",9.78067E+12,9.78067E+12
1689,2424,,The Doctor's House: An Autobiography,The Doctor's House: An Autobiography,9.7819E+12,9.7819E+12
1783,2424,,The Doctor's House: An Autobiography,The Doctor's House: An Autobiography,9.7819E+12,9.7819E+12
1488,2463,,The Green Snake: An Autobiography,The Green Snake: An Autobiography,9.78086E+12,9.78086E+12
1293,2481,,A Life in the Movies: An Autobiography,My Life in the Movies: An Autobiography,9.78068E+12,9.78068E+12
1172,2482,,To an ancient people: The autobiography of Dr. Leopold Cohn,To an Ancient People: The Autobiography of Rabbi Leopold Cohn,9.78188E+12,9.78188E+12
1920,2491,,McCoy: The Autobiography. A.P. McCoy with Steve Taylor,Mccoy The Autobiography,9.78014E+12,9.78014E+12
776,2500,,By Jack Rosenthal: An Autobiography in Six Acts,By Jack Rosenthal: An Autobiography in Six Acts,9.78186E+12,9.78186E+12
519,2528,,Keeping Quiet The Autobiography,Keeping Quiet: Paul Nixon: The Autobiography,9.78075E+12,9.78075E+12
528,2528,,Keeping Quiet The Autobiography,Keeping Quiet: Paul Nixon: The Autobiography,9.78075E+12,9.78075E+12
83,2534,,Rebel Daughter : An Autobiography,Rebel Daughter: An Autobiography,9.78155E+12,9.78155E+12
158,2541,,The Autobiography,Betty Boothroyd Autobiography,9.7801E+12,9.7801E+12
1544,2546,,Far Away and Long Ago - Autobiography of His Youth,Far Away And Long Ago - Autobiography Of His Youth,9.78144E+12,9.78144E+12
907,2549,,A Right Royal Bastard: The Autobiography of Sarah Miles,Right Royal Bastard: The Autobiography of Sarah Miles,9.78033E+12,9.78033E+12
888,2553,,"A land of our own: An oral autobiography,",A Land of Our Own: An Oral Autobiography,9.7804E+12,9.7804E+12
600,2610,,The Beat Of My Drum: An Autobiography,The Beat of My Drum: An Autobiography,9.78159E+12,9.78159E+12
618,2617,,"The Court Years, 1939-1975: The Autobiography of William O. Douglas","Court Years, Nineteen Thirty-Nine to Nineteen Seventy-Five: The Autobiography of William O. Douglas",9.78039E+12,9.78039E+12
1554,2628,,Worlds Apart: The Autobiography of a Dancer from Brooklyn,Worlds Apart: The Autobiography of a Dancer from Brooklyn,9.78098E+12,9.78098E+12
549,2635,,Boundless Horizons: The Autobiography of Chris Bonington,Boundless Horizons: The Autobiography of Chris Bonington,9.7809E+12,9.7809E+12
1057,2663,0,An autobiography,An autobiography,,2.94002E+12
1064,2663,0,An autobiography,An autobiography,,2.94002E+12
1970,2663,0,An autobiography,An autobiography,,2.94002E+12
1763,2664,,Concession To The Improbable: An Unconventional Autobiography,Concession to the Improbable: An Unconventional Autobiography,9.7803E+12,9.7803E+12
722,2670,,The Blue Hen's Chick: An Autobiography,The Blue Hen's Chick: An Autobiography,9.7808E+12,9.7808E+12
1553,2680,,Untamed: The Autobiography of the Circus's Greatest Animal Trainer,Untamed: The Autobiography of the Circus' Greatest Animal Trainer,9.78069E+12,9.78069E+12
1106,2709,,Hand in the Darkness: The Autobiography of a Refusenik,A Hand in the Darkness: The Autobiography of a Refusenik,9.78045E+12,9.78045E+12
1152,2714,,The Autobiography of Alexander Luria: A Dialogue with the Making of Mind,The Autobiography of Alexander Luria A Dialogue With the Making of Mind,9.78081E+12,9.78081E+12
1991,2715,0,The Autobiography,The Autobiography,,2.94003E+12
980,2721,,The Autobiography of Fukuzawa Yukichi,The Autobiography Of Fukuzawa Yukichi,9.78145E+12,9.78145E+12
920,2740,,Woman of No Character: An Autobiography of Mrs. Manley,A Woman of No Character: An Autobiography of Mrs. Manley,9.78057E+12,9.78057E+12
1730,2757,,Guide to Mormon Diaries & Autobiographies,Guide to Mormon Diaries and Autobiographies,9.78084E+12,9.78084E+12
1787,2773,,Not For Your Hands: An Autobiography,Not for Your Hands; An Autobiography,9.78187E+12,9.78187E+12
443,2809,,Autobiography,Autobiography,9.78033E+12,9.78033E+12
327,2836,,Anthropology and Autobiography,Anthropology and Autobiography,9.78042E+12,9.78042E+12
417,2869,,The Autobiography of Meatball Finkelstein,The Autobiography Of Meatball Finkelstein,9.78044E+12,9.78044E+12
973,2871,,Cathy: My Autobiography,Cathy: My Autobiography,9.7819E+12,9.7819E+12
1057,2909,0,An autobiography,An autobiography,,2.94002E+12
1064,2909,0,An autobiography,An autobiography,,2.94002E+12
1970,2909,0,An autobiography,An autobiography,,2.94002E+12
1199,2915,,Words to Win: The Making of a Modern Autobiography,Words to Win: The Making of a Modern Autobiography,9.78938E+12,9.78938E+12
1991,2925,0,The Autobiography,The Autobiography,,9.78141E+12
1271,2934,,Fading into the Limelight: The Autobiography,Fading into the Limelight: The Autobiography,9.78075E+12,9.78075E+12
1318,2958,,Bluebeard: The Autobiography of Rabo Karabekian (1916-1988),Bluebeard: The Autobiography of Rabo Karabekian (1916-1988),,9.78151E+12
153,2965,,Dick Johnson Autobiography,Dick Johnson Autobiography,9.78174E+12,9.78174E+12
912,2971,,Elizabeth of Toro: The Odyssey of an African Princess: An Autobiography,Elizabeth of Toro: The Autobiography of an African Princess,9.78067E+12,9.78067E+12
1246,2973,,Lydia Mendoza: A Family Autobiography,Lydia Mendoza: A Family Autobiography,9.78156E+12,9.78156E+12
1255,2973,,Lydia Mendoza: A Family Autobiography,Lydia Mendoza: A Family Autobiography,9.78156E+12,9.78156E+12
1760,2978,,"A Still Untitled, (Not Quite) Autobiography","Still Untitled, (Not Quite) Autobiography",9.78191E+12,9.78191E+12
363,3039,,Julian Assange - The Unauthorised Autobiography,Julian Assange - The Unauthorised Autobiography,9.78086E+12,9.78086E+12
1057,3059,0,An autobiography,An autobiography,,2.94002E+12
1064,3059,0,An autobiography,An autobiography,,2.94002E+12
1970,3059,0,An autobiography,An autobiography,,2.94002E+12
514,3081,,P.S.: The Autobiography of Paul Simon,P.S.: The Autobiography of Paul Simon,9.78157E+12,9.78157E+12
529,3081,,P.S.: The Autobiography of Paul Simon,P.S.: The Autobiography of Paul Simon,9.78157E+12,9.78157E+12
251,3087,,The Autobiography of a Fisherman,The Autobiography of a Fisherman,9.7808E+12,9.7808E+12
1913,3109,,Voices Made Flesh: Performing Women'S Autobiography,Voices Made Flesh : Performing Women's Autobiography / Edition 1,9.7803E+12,9.7803E+12
1915,3109,,Voices Made Flesh: Performing Women'S Autobiography,Voices Made Flesh : Performing Women's Autobiography / Edition 1,9.7803E+12,9.7803E+12
1272,3127,,Writing My Life: An Autobiography,Writing My Life: An Autobiography,9.78088E+12,9.78088E+12
1097,3133,,Autobiography of Jefferson Davis [1890],Autobiography of Jefferson Davis [1890],,2.94001E+12
1393,3134,,"To Tell a Free Story: The First Century of Afro-American Autobiography, 1760-1865","To Tell a Free Story: The First Century of Afro-American Autobiography, 1760-1865 / Edition 1",9.78025E+12,9.78025E+12
1342,3140,,The Green Paradise: Autobiography Volume 1 (1900-1916),Green Paradise: An Autobiography,9.78071E+12,9.78071E+12
775,3145,,"Contesting Childhood: Autobiography, Trauma, and Memory","Contesting Childhood: Autobiography, Trauma, and Memory",9.78081E+12,9.78081E+12
20,3179,,Mostly on the Edge: An Autobiography,"Mostly on the Edge: Karl Hess, an Autobiography",9.78157E+12,9.78157E+12
1239,3199,,Writing the South through the Self: Explorations in Southern Autobiography,Writing the South through the Self: Explorations in Southern Autobiography,9.78082E+12,9.78082E+12
546,3270,,The Course of My Life: The Autobiography of Edward Heath,Course of My Life: The Autobiography of Edward Heath,9.78034E+12,9.78034E+12
548,3270,,The Course of My Life: The Autobiography of Edward Heath,Course of My Life: The Autobiography of Edward Heath,9.78034E+12,9.78034E+12
1296,3291,,The Autobiography of William Butler Yeats,"The Autobiography of William Butler Yeats: Consisting of Reveries over Chilhood and Youth, the Trembling of the Veil, and Dramatis Personae",9.78002E+12,9.78002E+12
1002,3296,,Barbara Hepworth Pictorial Autobiography,Barbara Hepworth: A Pictorial Autobiography,9.78095E+12,9.78095E+12
1059,3298,,Autobiography,Autobiography,9.78071E+12,9.78071E+12
473,3323,,Miracles of Life: Shanghai to Shepperton: An Autobiography,Miracles of Life: Shanghai to Shepperton: An Autobiography,9.78001E+12,9.78001E+12
353,3331,,Autobiography and Selected Essays,Autobiography and Selected Essays,,2.94001E+12
478,3333,,The Autobiography of Christopher Kirkland,The Autobiography Of Christopher Kirkland,9.78191E+12,9.78191E+12
1018,3336,,I Sell Death - Autobiography of a Terrorist,I Sell Death: Autobiography of a Terrorist,9.78151E+12,9.78151E+12
1502,3337,,Invented Symbols: An Art Autobiography,Invented Symbols: An Art Autobiography,9.78888E+12,9.78888E+12
1788,3359,,I'm alive!: An autobiography,I'm Alive: An Autobiography,9.78006E+12,9.78006E+12
840,3377,,Too Rich and Too Thin: Not an Autobiography,Too Rich and Too Thin: Not an Autobiography,9.78159E+12,9.78159E+12
756,3379,,"Milton Berle: An Autobiography, with a New Introduction by Sid Caesar",Milton Berle: An Autobiography,9.78156E+12,9.78156E+12
716,3379,0,Milton Berle: An Autobiography,Milton Berle: An Autobiography,,9.78156E+12
1683,3379,0,Milton Berle: An Autobiography,Milton Berle: An Autobiography,,9.78156E+12
1040,3384,,A Weight Off My Mind: My Autobiography,A Weight Off My Mind: My Autobiography,9.78191E+12,9.78191E+12
134,3390,,My Autobiography,Will Carling: My Autobiography,9.78034E+12,9.78034E+12
1939,3414,,True: The Autobiography of Martin Kemp,True: Autobiography of Martin Kemp,9.78075E+12,9.78075E+12
1308,3450,,The Time of My Life: An Autobiography,The Time of My Life: An Autobiography,9.78072E+12,9.78072E+12
834,3458,,Satan: An Autobiography,Satan: An Autobiography,9.78157E+12,9.78157E+12
1154,3460,,"Intellectual Autobiography: Ideas on Literature, Philosophy and Religion","Intellectual Autobiography: Ideas on Literature, Philosophy and Religion",9.78141E+12,9.78141E+12
577,3470,,Slovo: The Unfinished Autobiography of ANC leader Joe Slovo,Slovo: The Unfinished Autobiography of ANC leader Joe Slovo,9.78188E+12,9.78188E+12
255,3481,,Dear Sir or Madam: The Autobiography of a Female-To-Male Transsexual,Dear Sir or Madam?: The Autobiography of a Female-to-Male Transsexual,9.7803E+12,9.7803E+12
1125,3489,,The Story of Rose O'Neill: An Autobiography,The Story of Rose O'Neill: An Autobiography,9.78083E+12,9.78083E+12
1492,3507,,Behind the Scrum: The Autobiography,Behind the Scrum: The Autobiography,9.78075E+12,9.78075E+12
53,3516,,King of Fashion: The Autobiography of Paul Poiret,King of Fashion: The Autobiography of Paul Poiret,9.78185E+12,9.78185E+12
863,3537,,Bob Wilson: My Autobiography,Bob Wilson: My Autobiography,9.78184E+12,9.78184E+12
656,3619,,Free Association: An Autobiography,Free Association: An Autobiography,9.78057E+12,9.78057E+12
1006,3625,,Picturing Ourselves: Photography and Autobiography,Picturing Ourselves: Photography and Autobiography / Edition 2,9.78023E+12,9.78023E+12
924,3627,,Ulrike Ottinger: The Autobiography of Art Cinema,Ulrike Ottinger: The Autobiography of Art Cinema,9.78082E+12,9.78082E+12
700,3630,,One Life: An Autobiography of an African American Actress,One Life: An Autobiography of an African American Actress,9.78157E+12,9.78157E+12
1118,3646,,Theme and Variations: An Autobiography,Theme and Variations: An Autobiography,9.78031E+12,9.78031E+12
990,3649,,Lester: The Autobiography of Lester Piggott,Lester: The Autobiography of Lester Piggott,9.78055E+12,9.78055E+12
1387,3650,,"Autobiography of George Dewey, Admiral of the Navy",Autobiography of Admiral George Dewey: Admiral of the Navy,9.78087E+12,9.78087E+12
111,3662,,Unfinished Agenda: An Updated Autobiography,Unfinished Agenda: An Updated Autobiography,9.78161E+12,9.78161E+12
1810,3688,,Autobiography of Hector Berlioz - 2 Volume Set,"Autobiography of Hector Berlioz (2 Volume Set): Member of the Institute of France, from 1803 to 1806; Comprising his Travels in Italy, Germany, Russia, and England",9.78111E+12,9.78111E+12
356,3700,,The Autobiography of a Winnebago Indian,"Autobiography of a Winnebago Indian: Life, Ways, Acculturation, and the Peyote Cult",9.78049E+12,9.78049E+12
2077,510,,Me and Rumi: The Autobiography of Shams-i Tabrizi,Me and Rumi the Autobiography of Shams-I Tabrizi,9.78189E+12,9.78189E+12
2110,159,,Crusade for Justice: The Autobiography of Ida B. Wells,Crusade for Justice: The Autobiography of IDA B. Wells,9.78023E+12,9.78023E+12
2121,26,,"Autobiography of Mark Twain, Volume 2: The Complete and Authoritative Edition","Autobiography of Mark Twain, Volume 2: The Complete and Authoritative Edition",9.78052E+12,9.78052E+12
2126,1504,,One More Step: An Autobiography,One More Step: An Autobiography,9.78067E+12,9.78067E+12
2127,989,,An Autobiography: and Other Writings,An Autobiography: and Other Writings,,9.78019E+12
2132,239,,Dreaming in Color: An Autobiography,Kaffe Fassett: Dreaming in Color: An Autobiography,9.78158E+12,9.78158E+12
2143,894,,The Autobiography of an Idea,The Autobiography of an Idea,9.78049E+12,9.78049E+12
2162,1286,,To the Fairway Born: The Autobiography,To the Fairway Born: The Autobiography,9.78076E+12,9.78076E+12
2188,556,,Eric Bristow: The Autobiography: The Crafty Cockney,Eric Bristow: The Autobiography: The Crafty Cockney,,9.78141E+12
2204,482,,Who's Crazee Now?: My Autobiography,Who's Crazee Now?: My Autobiography,,9.78145E+12
2208,1578,,"Actor/Doctor: An Autobiography, Part 1","Actor/Doctor: An Autobiography, Part 1",9.7815E+12,9.7815E+12
2226,1093,,Fighting Tuscarora: The Autobiography of Chief Clinton Rickard,Fighting Tuscarora: The Autobiography of Chief Clinton Rickard,9.78082E+12,9.78082E+12
2231,605,,The Autobiography of Calvin Coolidge,"Autobiography Of Calvin Coolidge, The",9.78141E+12,9.78141E+12
2246,1633,,Caribbean Autobiography: Cultural Identity and Self-representation (Wisconsin Studies in Autobiography),Caribbean Autobiography: Cultural Identity and Self-Representation,9.7803E+12,9.7803E+12
2264,1594,,The Uses of Autobiography,The Uses Of Autobiography,9.78075E+12,9.78075E+12
2269,1944,,The Autobiography Of An Attitude,The Autobiography of an Attitude,9.7804E+12,9.7804E+12
2278,1628,,Autobiography of an African,Autobiography of an African,9.78084E+12,9.78084E+12
2308,1332,,Sketches For Autobiography,Sketches for Autobiography,9.78005E+12,9.78005E+12
2311,842,,Unauthorised Autobiography,Unauthorised Autobiography,,2.94001E+12
2313,1598,,The Autobiography of Satan,The Autobiography of Satan,9.78145E+12,9.78145E+12
2319,833,,Fragments of an Autobiography,Fragments Of An Autobiography,9.78141E+12,9.78141E+12
2321,175,,My Bloody Roots: From Sepultura to Soulfly and beyond - The Autobiography,My Bloody Roots: From Sepultura to Soulfly and beyond - The Autobiography,9.78191E+12,9.78191E+12
2323,782,,"And Speaking of Scorpions...: Autobiography of Former Scorpions Drummer Herman ""Ze German"" Rarebell",And Speaking of Scorpions...: Autobiography of Former Scorpions Drummer Herman Ze German Rarebell,9.78146E+12,9.78146E+12
2328,238,,A Pilgrim's Journey: The Autobiography of St. Ignatius of Loyola,A Pilgrim's Journey: The Autobiography of Ignatius of Loyola,9.7809E+12,9.7809E+12
2332,947,,My Life of Love and Truth: A Spiritual Autobiography,My Life of Love and Truth: A Spiritual Autobiography,9.7819E+12,9.7819E+12
2350,1442,,Autobiography of Childhood,Autobiography of Childhood,9.78155E+12,9.78155E+12
2360,450,,And the Walls Came Tumbling Down: An Autobiography,And the Walls Came Tumbling Down: An Autobiography,9.78157E+12,9.78157E+12
2364,609,,Without Stopping: An Autobiography,Without Stopping: An Autobiography,9.78006E+12,9.78006E+12
2371,252,,The Totally Secret Origin of Foxman: Excerpts from an EPIC Autobiography: A Tor.Com Original,The Totally Secret Origin of Foxman: Excerpts from an EPIC Autobiography: A Tor.Com Original,9.78147E+12,9.78147E+12
2372,6,,The Autobiography of James T. Kirk,The Autobiography of James T. Kirk,,9.78178E+12
2373,1665,,Autobiography of an Artist: Charles R. Knight (Introductions by Ray Bradbury & Ray Harryhausen),Autobiography of an Artist: Charles R. Knight (Introductions,9.78097E+12,9.78097E+12
2383,729,,The Autobiography of LeRoi Jones,The Autobiography of LeRoi Jones,9.78156E+12,9.78156E+12
2395,474,,INXS: Story to Story: The Official Autobiography,INXS: Story to Story: The Official Autobiography,,9.78074E+12
2419,689,,My Quests for Hope and Meaning: An Autobiography,My Quests for Hope and Meaning: An Autobiography,,9.78162E+12
2448,752,,Beyond the Light Barrier: The Autobiography of Elizabeth Klarer,Beyond the Light Barrier: The Autobiography of Elizabeth Klarer,,9.78189E+12
2456,892,,"My History, Not Yours: The Formation of Mexican American Autobiography","My History, Not Yours: The Formation of Mexican American Autobiography / Edition 1",9.7803E+12,9.7803E+12
2475,923,,The Autobiography of Frau Adolf Hitler: Translated and Edited by Frank Sanello,The Autobiography of Frau Adolf Hitler,9.78148E+12,9.78148E+12
2477,736,,"A Lakota War Book from the Little Bighorn: The Pictographic ""Autobiography of Half Moon""",A Lakota War Book from the Little Bighorn: The Pictographic ''Autobiography of Half Moon'',9.78098E+12,9.78098E+12
2478,923,,The Autobiography of Frau Adolf Hitler: Translated and Edited by Frank Sanello,The Autobiography of Frau Adolf Hitler,9.78148E+12,9.78148E+12
2479,736,,"A Lakota War Book from the Little Bighorn: The Pictographic ""Autobiography of Half Moon""",A Lakota War Book from the Little Bighorn: The Pictographic ''Autobiography of Half Moon'',9.78098E+12,9.78098E+12
2483,1087,,"Billy ""the Hill"" and the Jump Hook: The Autobiography of a Forgotten Basketball Legend",Billy the Hill and the Jump Hook: The Autobiography of a Forgotten Basketball Legend,9.7808E+12,9.7808E+12
2485,731,,Flight into Freedom and Beyond: The Autobiography of the Co-Founder of the Findhorn Community,Flight into Freedom and Beyond: The Autobiography of the Co-Founder of the Findhorn Community,9.7819E+12,9.7819E+12
2486,1087,,"Billy ""the Hill"" and the Jump Hook: The Autobiography of a Forgotten Basketball Legend",Billy the Hill and the Jump Hook: The Autobiography of a Forgotten Basketball Legend,9.7808E+12,9.7808E+12
2491,1298,,Force of Circumstance: The Autobiography of Simone de Beauvoir,Force of Circumstance: The Autobiography of Simone de Beauvoir,9.78156E+12,9.78156E+12
2492,615,,Hound Dog: The Leiber & Stoller Autobiography,Hound Dog: The Leiber and Stoller Autobiography,9.78142E+12,9.78142E+12
2498,1690,,The Autobiography of a Chinese Girl: A Genuine Autobiography,Autobiography of a Chinese Girl,9.78071E+12,9.78071E+12
2500,1690,,The Autobiography of a Chinese Girl: A Genuine Autobiography,Autobiography of a Chinese Girl,9.78071E+12,9.78071E+12
2501,264,,My Side of Life: The Autobiography,My Side of Life: The Autobiography,,9.78075E+12
2505,832,,Abba Eban: An Autobiography,Abba Eban: An Autobiography,,2.94015E+12
2509,1783,,Come What May: The Autobiography,Come What May: The Autobiography,,9.78014E+12
2520,132,,Alibi: an unauthorized autobiography,Alibi: an unauthorized autobiography,9.78161E+12,9.78161E+12
2543,2001,,A Tejano Son of Texas: An Autobiography,A Tejano Son of Texas: An Autobiography,9.78097E+12,9.78097E+12
2560,1453,,The Proper Charlie: My Autobiography,The Proper Charlie: My Autobiography,,9.78185E+12
2574,2001,,A Tejano Son of Texas: An Autobiography,A Tejano Son of Texas: An Autobiography,9.78097E+12,9.78097E+12
2595,711,,The Compleated Autobiography of Benjamin Franklin,Compleated Autobiography of Benjamin Franklin,9.7809E+12,9.7809E+12
2626,504,,D-Day Survivor: An Autobiography,D-Day Survivor: An Autobiography,,9.78159E+12
2636,1428,0,Jane Eyre: An Autobiography,Jane Eyre: An Autobiography,,9.78146E+12
2636,1707,0,Jane Eyre: An Autobiography,Jane Eyre: An Autobiography,,2.94003E+12
2640,829,,Autobiography (Dodo Press),Autobiography (Dodo Press),9.78141E+12,9.78141E+12
2657,504,,D-Day Survivor: An Autobiography,D-Day Survivor: An Autobiography,,9.78159E+12
2659,451,,An Autobiography of Theodore Roosevelt,An Autobiography of Theodore Roosevelt,,9.78162E+12
2661,517,,"Under My Skin: Volume One of My Autobiography, to 1949","Under My Skin: Volume One of My Autobiography, to 1949",9.78006E+12,9.78006E+12
2695,1783,,Come What May: The Autobiography,Come What May: The Autobiography,,9.78014E+12
2706,132,,Alibi: an unauthorized autobiography,Alibi: an unauthorized autobiography,9.78161E+12,9.78161E+12
2717,1428,0,Jane Eyre: An Autobiography,Jane Eyre: An Autobiography,,9.78146E+12
2717,1707,0,Jane Eyre: An Autobiography,Jane Eyre: An Autobiography,,2.94003E+12
2720,829,,Autobiography (Dodo Press),Autobiography (Dodo Press),9.78141E+12,9.78141E+12
2726,931,,"His Majesty, the Queen: An Autobiography","His Majesty, the Queen: An Autobiography",9.78069E+12,9.78069E+12
2735,1546,,Life on a Plate: The Autobiography,Life on a Plate: The Autobiography,9.78141E+12,9.78141E+12
2748,1366,,Autobiography of a Redneck Hindu,Autobiography of a Redneck Hindu,9.78142E+12,9.78142E+12
2756,1042,,The Autobiography of Charles Darwin,The Autobiography of Charles Darwin,,9.78141E+12
2764,1936,,Write Your Own Autobiography,Write Your Own Autobiography,9.78076E+12,9.78076E+12
2778,1158,,An Autobiography: The Story of the Lord's Dealings with Mrs. Amanda Smith the Colored Evangelist,An Autobiography: The Story of the Lord's Dealings with Mrs. Amanda Smith the Colored Evangelist,9.7802E+12,9.7802E+12
2783,762,,"The Colored Cadet at West Point: Autobiography of Lieutenant Henry Ossian Flipper, U. S. A., First Graduate of Color from the U. S. Military Academy","The Colored Cadet at West Point: Autobiography of Lieutenant Henry Ossian Flipper, U. S. A., First Graduate of Color from the U. S. Military Academy",9.7808E+12,9.7808E+12
2797,257,,Maradona: The Autobiography of Soccer's Greatest and Most Controversial Star,Maradona: The Autobiography of Soccer's Greatest and Most Controversial Star,,9.78162E+12
2806,1615,,Once a Blue Always a Blue: The Autobiography of Richard Edghill,Once a Blue Always a Blue: The Autobiography of Richard Edghill,,9.78191E+12
2842,1033,,A Little History of My Forest Life: An Indian-White Autobiography,A Little History of My Forest Life: An Indian-White Autobiography,9.78097E+12,9.78097E+12
2846,1030,,"A Personal Memoir: Fragments of an Autobiography: Complete Writings, Volume I","A Personal Memoir, Complete Writings, Volume 1: Fragments for an Autobiography",9.78025E+12,9.78025E+12
2854,916,,"The Biography and Autobiography of Sherlock Holmes: Being a one volume, two book edition of My Brother, Sherlock and Montague Notations","The Biography and Autobiography of Sherlock Holmes: Being a one volume, two book edition of My Brother, Sherlock and Montague Notations",9.78149E+12,9.78149E+12
2856,493,,The Good Life: The Autobiography Of Tony Bennett,The Good Life: The Autobiography Of Tony Bennett,9.78145E+12,9.78145E+12
2866,908,,FROM A TO BIBA: The Autobiography of Barbara Hulanicki,FROM A TO BIBA: The Autobiography of Barbara Hulanicki,,9.78185E+12
2877,1113,,Bread Not Stones: The Autobiography of an Eventful Life,Bread Not Stones: The Autobiography of an Eventful Life,9.78178E+12,9.78178E+12
2886,1113,,Bread Not Stones: The Autobiography of an Eventful Life,Bread Not Stones: The Autobiography of an Eventful Life,9.78178E+12,9.78178E+12
2899,935,,The Autobiography of an ExtraTerrestrial Saga: Waking Thyron,The Autobiography of an ExtraTerrestrial Saga: Waking Thyron,,9.7815E+12
2909,1724,,Just A Step - The Autobiography of Leanne Grose,Just A Step - The Autobiography of Leanne Grose,9.78191E+12,9.78191E+12
2929,1251,,True to Type: An Autobiography of Ruari McLean,True to Type: An Autobiography of Ruari McLean,9.78188E+12,9.78188E+12
2933,303,,A Bazaar Life: The Autobiography of David Alliance,A Bazaar Life: The Autobiography of David Alliance,,9.78185E+12
2940,276,0,Israel Rank: The Autobiography of a Criminal,Israel Rank: The Autobiography of a Criminal,,9.7815E+12
2940,691,0,Israel Rank: The Autobiography of a Criminal,Israel Rank: The Autobiography of a Criminal,,9.78057E+12
2941,1553,,Keep Smiling: The Autobiography,The Autobiography,9.78075E+12,9.78075E+12
2943,749,,In a Fisherman's Language: An Autobiography by Captain James Arruda Henry,In a Fisherman's Language: An Autobiography,9.78099E+12,9.78099E+12
2952,2002,,Act Like You Know: African-American Autobiography and White Identity,Act Like You Know: African-American Autobiography and White Identity / Edition 2,9.78023E+12,9.78023E+12
2958,1310,,Man Without A Face: The Autobiography Of Communism's Greatest Spymaster,Man Without A Face / Edition 1,9.78189E+12,9.78189E+12
2967,808,,The Autobiography I Wrote Begins at a Zaghawa Village in Darfur,The Autobiography I Wrote Begins at a Zaghawa Village in Darfur,9.78145E+12,9.78145E+12
2991,1421,,Napoleon on Napoleon: An Autobiography of the Emperor,Napoleon on Napoleon: An Autobiography of the Emperor,9.7803E+12,9.7803E+12
3004,1059,,Dior by Dior Deluxe Edition: The Autobiography of Christian Dior,Dior,9.78185E+12,9.78185E+12
3024,488,,"Autobiography, Poor Richard, and Later Writings (Library of America: Benjamin Franklin #2)","Benjamin Franklin: Autobiography, Poor Richard, and Later Writings",9.78188E+12,9.78188E+12
3030,1732,,Gaby Brimmer: An Autobiography in Three Voices (HBI Series on Jewish Women),Ga,9.78158E+12,9.78158E+12
3043,695,,Reading Arab Women's Autobiographies: Shahrazad Tells Her Story,Reading Arab Women's Autobiographies,9.78029E+12,9.78029E+12
3046,198,,The Autobiography of Saint Therese: The Story of a Soul,The Autobiography of Saint Therese: The Story of a Soul,9.78031E+12,9.78031E+12
3059,952,,My Fight For Irish Freedom: Dan Breen's Autobiography,My Fight For Irish Freedom: Dan Breen's Autobiography,,9.78178E+12
3075,853,,My Future Is in America: Autobiographies of Eastern European Jewish Immigrants,My Future Is in America: Autobiographies of Eastern European Jewish Immigrants,9.78081E+12,9.78081E+12
3078,1064,,An Indian Pilgrim: An Unfinished Autobiography. This Is the First Part of the Two-Volume Original Autobiography of Subhas Chandra Bose Fi,An Indian Pilgrim: An Unfinished Autobiography. This Is the First Part of the Two-Volume Original Autobiography of Subhas Chandra Bose Fi,9.7815E+12,9.7815E+12
3085,834,,Mayor: An Autobiography,Mayor: An Autobiography,9.78145E+12,9.78145E+12
3090,954,,The Autobiography of Jenny X,The Autobiography of Jenny X,,2.94001E+12
3104,347,,An Autobiography of Davy Crockett,An Autobiography of Davy Crockett,9.78163E+12,9.78163E+12
3105,1524,,An Autobiography - Trans by Krishnamurthy,Autobiography,9.7802E+12,9.7802E+12
3123,1503,,Dalglish: My Autobiography,Dalglish: My Autobiography,9.78034E+12,9.78034E+12
3133,734,0,Kids on the Loose: An Autobiography,Kids on the Loose: An Autobiography,,9.78151E+12
3134,123,,Proud: My Autobiography,Proud: My Autobiography,,9.78147E+12
3189,902,,With Head and Heart: The Autobiography of Howard Thurman,With Head And Heart,9.78016E+12,9.78016E+12
3203,734,0,Kids on the Loose: An Autobiography,Kids on the Loose: An Autobiography,,9.78151E+12
3261,1842,,A Game of Two Halves: The Autobiography,A Game of Two Halves: The Autobiography,,9.78185E+12
3262,1613,0,Jona: Autobiography of an Exorcist,Jona: Autobiography of an Exorcist,,9.78148E+12
3299,1002,,A Daughter of Han: The Autobiography of a Chinese Working Woman (Light on China ),A Daughter of Han: The Autobiography of a Chinese Working Woman,9.7808E+12,9.7808E+12
3320,1437,,The Adventure of Living : a Subjective Autobiography,The Adventure of Living : a Subjective Autobiography,,2.94015E+12
3327,2000,,The Autobiography of Donovan: The Hurdy Gurdy Man,The Autobiography Of Donovan,9.78031E+12,9.78031E+12
3332,1118,,The Autobiography of Lincoln Steffens,The Autobiography of Lincoln Steffens,9.7816E+12,9.7816E+12
3334,253,,The Test: My Autobiography,The Test: My Autobiography,,9.78024E+12
3335,726,,Written by Herself: Autobiographies of American Women: An Anthology (Written by Herself #1),Written,9.78068E+12,9.78068E+12
3343,390,0,The Autobiography,The Autobiography,,9.78024E+12
3343,573,0,The Autobiography,The Autobiography,,9.78178E+12
3343,1553,0,The Autobiography,The Autobiography,,9.78075E+12
3344,158,,I Shock Myself: The Autobiography of Beatrice Wood,I Shock Myself: The Autobiography of Beatrice Wood,9.78081E+12,9.78081E+12
3345,1807,,Christine Jorgensen: A Personal Autobiography,Christine Jorgensen: A Personal Autobiography,,9.78157E+12
3350,1414,,Countdown: An Autobiography,Countdown: An Autobiography,9.78069E+12,9.78069E+12
3351,621,,Illumination and Night Glare: The Unfinished Autobiography of Carson McCullers,Illumination and Night Glare: The Unfinished Autobiography of Carson McCullers (Wisconsin Studies in Autobiography Series),9.7803E+12,9.7803E+12
3356,37,,Good-Bye to All That: An Autobiography,Good-Bye to All That: An Autobiography,9.78039E+12,9.78039E+12
3366,371,,The Autobiography of an African Princess,The Autobiography of an African Princess,9.78023E+12,9.78023E+12
3372,587,,Cesar Chavez: Autobiography of La Causa,Cesar Chavez: Autobiography of La Causa,9.78082E+12,9.78082E+12
3375,251,0,Faithfull: An Autobiography,Faithfull: An Autobiography,,9.78146E+12
3381,765,,The Bread of Time: Toward an Autobiography,The Bread of Time: Toward an Autobiography,9.78047E+12,9.78047E+12
3382,1106,,Reggie White in the Trenches: The Autobiography,In the Trenches: The Autobiography,9.78079E+12,9.78079E+12
3389,12,,Freeway Rick Ross: The Untold Autobiography,Freeway Rick Ross: The Untold Autobiography,9.7815E+12,9.7815E+12
3391,194,,The Autobiography of Benjamin Franklin: with Related Documents,Autobiography of Benjamin Franklin: with Related Documents / Edition 2,9.78031E+12,9.78031E+12
3392,1790,,Stop Forgetting to Remember: The Autobiography of Walter Kurtz,Stop Forgetting to Remember: The Autobiography of Walter Kurtz,9.78031E+12,9.78031E+12
3399,373,,Diana: A Strange Autobiography,Diana: A Strange Autobiography / Edition 1,9.78081E+12,9.78081E+12
3400,599,,Autobiography of a Sadhu: A Journey into Mystic India,Autobiography of a Sadhu: A Journey into Mystic India,9.78159E+12,9.78159E+12
3403,130,,"""Yellow Kid"" Weil: The Autobiography of America's Master Swindler",Yellow Kid Weil: The Autobiography of America's Master Swindler,9.78185E+12,9.78185E+12
3410,843,,Sun Chief: The Autobiography of a Hopi Indian,Sun Chief: The Autobiography of a Hopi Indian,9.7803E+12,9.7803E+12
3415,1322,,The Living of Charlotte Perkins Gilman: An Autobiography,Living of Charlotte Perkins Gilman: An Autobiography,9.7803E+12,9.7803E+12
3418,1083,,Safe Conduct: An Autobiography and Other Writings,Safe Conduct: An Autobiography and Other Writings / Edition 1,9.78081E+12,9.78081E+12
3419,9,,"Autobiography of Mark Twain, Volume 3: The Complete and Authoritative Edition","Autobiography of Mark Twain, Volume 3: The Complete and Authoritative Edition",9.78052E+12,9.78052E+12
3424,764,,Walking in the Shade: Volume Two of My Autobiography--1949-1962,"Walking in the Shade: Volume Two of My Autobiography, 1949 -1962",9.78006E+12,9.78006E+12
3429,1094,,The Autobiography of Harry S. Truman,Autobiography of Harry S. Truman,9.78083E+12,9.78083E+12
3430,1037,,Sir Bobby Charlton: The Autobiography: My Manchester United Years,Sir Bob,9.78076E+12,9.78076E+12
3431,508,,As I See It: The Autobiography of J. Paul Getty,As I See It: The Autobiography of J. Paul Getty,9.78089E+12,9.78089E+12
3432,416,,Benson: The Autobiography,Benson: The Autobiography,9.78031E+12,9.78031E+12
3440,395,,Running My Life: The Autobiography,Running My Life: The Autobiography,,9.78144E+12
3447,233,,Only When I Laugh: My Autobiography,Only When I Laugh: My Autobiography,,9.78145E+12
3449,127,,Peig: The Autobiography of Peig Sayers of the Great Blasket Island,Peig: The Autobiography of Peig Sayers of the Great Blasket Island,9.78082E+12,9.78082E+12
3451,205,,My House of Memories: An Autobiography,My House of Memories: An Autobiography,9.78006E+12,9.78006E+12
3457,1149,,Darren Lockyer - Autobiography,Darren Lockyer - An Autobiography,9.78186E+12,9.78186E+12
3459,449,,Undiluted Hocus-Pocus: The Autobiography of Martin Gardner,Undiluted Hocus-Pocus: The Autobiography of Martin Gardner,9.78069E+12,9.78069E+12
3463,1160,,Happy Days: Mencken's Autobiography: 1880-1892 (H. L. Mencken's Autobiography #1),Happy Days: Mencken's Autobiography: 1880-1892,9.7808E+12,9.7808E+12
3467,585,,Joey the Hitman: The Autobiography of a Mafia Killer,Joey the Hitman: The Autobiography of a Mafia Killer,9.78156E+12,9.78156E+12
3478,1122,,Tony Allen: An Autobiography of the Master Drummer of Afrobeat,Tony Allen: An Autobiography of the Master Drummer of Afrobeat,9.78082E+12,9.78082E+12
3481,997,,The Autobiography of Maud Gonne: A Servant of the Queen,The Autobiography of Maud Gonne: A Servant of the Queen / Edition 1,9.78023E+12,9.78023E+12
3495,501,,The Dance of Reality: A Psychomagical Autobiography,The Dance of Reality: A Psychomagical Autobiography,,9.78162E+12
3497,125,,No Limits: My Autobiography,No Limits: My Autobiography,,9.78178E+12
3498,112,,My Inventions: The Autobiography of Nikola Tesla,My Inventions: The Autobiography of Nikola Tesla,,9.78163E+12
3502,1775,,Mary King: The Autobiography,Mary King: The Autobiography,9.78141E+12,9.78141E+12
3521,1212,,The Autobiography,The Autobiography of Colin Jackson,9.78056E+12,9.78056E+12
3534,225,,Fading Into The Limelight: The Autobiography,Fading Into The Limelight: The Autobiography,,9.78141E+12
3539,825,,Private Domain: An Autobiography,Private Domain: An Autobiography / Edition 1,9.78082E+12,9.78082E+12
3540,616,,Edith Piaf: The Wheel of Fortune: The Official Autobiography,The Wheel of Fortune: The Official Autobiography,9.78072E+12,9.78072E+12
3549,236,,Autobiography of a Corpse,Autobiography of a Corpse,9.78159E+12,9.78159E+12
3554,806,,Heathen Days: Mencken's Autobiography: 1890-1936 (H. L. Mencken's Autobiography #3),Heathen Days: Mencken's Autobiography: 1890-1936,9.7808E+12,9.7808E+12
3556,788,,"Bradford Washburn, An Extraordinary Life: The Autobiography of a Mountaineering Icon","Bradford Washburn, An Extraordinary Life: The Autobiography of a Mountaineering Icon",9.78088E+12,9.78088E+12
3559,1501,,And It's Goodnight From Him: The Autobiography Of The Two Ronnies,And It's Goodnight from Him -: The Autobiography of the Two Ronnies,9.78014E+12,9.78014E+12
3567,298,,Musical Stages: An Autobiography,Musical Stages: An Autobiography,9.78031E+12,9.78031E+12
3571,742,,The Autobiography of Bertrand Russell,The Autobiography of Bertrand Russell,9.78042E+12,9.78042E+12
3584,1124,,The Autobiography of Giambattista Vico,The Autobiography of Giambattista Vico,9.7808E+12,9.7808E+12
3586,622,,J. Hudson Taylor: An Autobiography,J. Hudson Taylor: An Autobiography,9.78161E+12,9.78161E+12
3600,513,,The Romantic Egoists: A Pictorial Autobiography from the Scrapbooks and Albums of F. Scott and Zelda Fitzgerald,The Romantic Egoists: A Pictorial Autobiography from the Scrapbooks and Albums of F. Scott and Zelda Fitzgerald,9.78157E+12,9.78157E+12
3605,46,,"Mud, Sweat, and Tears: The Autobiography","Mud, Sweat, and Tears: The Autobiography",,9.78006E+12
3609,653,,The Life of Shabkar: Autobiography of a Tibetan Yogin,The Life Of Shabkar: Autobiography Of A Tibetan Yogin / Edition 1,9.78156E+12,9.78156E+12
3612,1930,,The Way It Was: My Autobiography,The Way It Was: My Autobiography,9.78075E+12,9.78075E+12
3625,1126,,Pilgrim Souls: A Collection of Spiritual Autobiography,Pilgrim Souls: A Collection of Spiritual Autobiography,9.78068E+12,9.78068E+12
3627,796,,The Wheel of Life: The Autobiography of a Western Buddhist,The Wheel of Life: The Autobiography of a Western Buddhist,9.78088E+12,9.78088E+12
3640,301,,Dear Reader: The Unauthorized Autobiography of Kim Jong Il,Dear Reader: The Unauthorized Autobiography of Kim Jong Il,9.7815E+12,9.7815E+12
3646,624,,A Nation of Lords: The Autobiography of the Vice Lords,Nation of Lords: The Autobiography of the Vice Lords / Edition 2,9.78088E+12,9.78088E+12
3647,535,,The Autobiography of St. Margaret Mary,Autobiography of St. Margaret Mary,9.7809E+12,9.7809E+12
3650,891,,Journey to Mindfulness: The Autobiography of Bhante G.,Journey to Mindfulness: The Autobiography of Bhante G.,9.78086E+12,9.78086E+12
3651,746,,Theodore Roosevelt: The Rough Riders and an Autobiography,The Rough Riders and An Autobiography,9.78193E+12,9.78193E+12
3654,452,,Every Man A King: The Autobiography Of Huey P. Long,Every Man a King: The Autobiography of Huey P. Long,9.78031E+12,9.78031E+12
3659,52,,The Collected Autobiographies of Maya Angelou,The Collected Autobiographies of Maya Angelou,9.78068E+12,9.78068E+12
3663,538,,"The Literature of Ancient Egypt: An Anthology of Stories, Instructions, Stelae, Autobiographies, and Poetry","The Literature of Ancient Egypt: An Anthology of Stories, Instructions, Stelae, Autobiographies, and Poetry / Edition 3",9.7803E+12,9.7803E+12
3664,275,,Children of the Storm: The Autobiography of Natasha Vins,Children of the Storm: The Autobiography of Natasha Vins,9.78158E+12,9.78158E+12
3665,346,,Father Of The Blues: An Autobiography,Father of the Blues: An Autobiography,9.78031E+12,9.78031E+12
3672,704,,Vanity Will Get You Somewhere: An Autobiography,Vanity Will Get You Somewhere: An Autobiography,9.7806E+12,9.7806E+12
3676,1045,,Mark Twain's Burlesque Autobiography,Mark Twain's Burlesque Autobiography,,9.78161E+12
3678,933,,Autobiography: The Big Sea (The Collected Works of Langston Hughes #13),Autobiography: The Big Sea (The Collected Works of Langston Hughes),9.78083E+12,9.78083E+12
3686,1169,,All Out! An Autobiography,All Out!: An Autobiography,9.78159E+12,9.78159E+12
3690,580,,Steve Jobs Bio: The Unauthorized Autobiography,Steve Jobs Bio: The Unauthorized Autobiography,,2.94005E+12
3693,963,,A Song of Ascents: A Spiritual Autobiography,A Song of Ascents: A Spiritual Autobiography,9.78069E+12,9.78069E+12
3700,460,,"Autobiography of Malcolm X as told to Alex Haley, The (MAXNotes Literature Guides)",The Autobiography of Malcolm X (MaxNotes),9.78088E+12,9.78088E+12
3702,1753,,Stranger to the Game: 2the Autobiography of Bob Gibson,Stranger to the Game: The Autobiography of Bob Gibson,9.78067E+12,9.78067E+12
3714,184,,Gerrard: My Autobiography,Gerrard: My Autobiography,9.78055E+12,9.78055E+12
3723,253,0,The Test: My Autobiography,The Test: My Autobiography,,9.78024E+12
3729,214,,Ely: An Autobiography,Ely: An Autobiography,9.78082E+12,9.78082E+12
3730,1940,,Black Bolshevik: Autobiography of an Afro-American Communist,Black Bolshevik: Autobiography of an Afro-American Communist,9.78093E+12,9.78093E+12
3743,34,,The Autobiography of General Ulysses S Grant: Memoirs of the Civil War,The Autobiography Of General Ulysses S Grant,9.78193E+12,9.78193E+12
3746,186,,James Arness: An Autobiography,James Arness: An Autobiography,9.78079E+12,9.78079E+12
3751,1394,,"I Came, I Saw: An Autobiography",I Came I Saw an Autobiography,9.78033E+12,9.78033E+12
3753,1647,,George Fox - An Autobiography,George Fox - An Autobiography,9.7816E+12,9.7816E+12
3757,1937,,Jackie Cochran: An Autobiography,Jackie Cochran: An Autobiography,9.78055E+12,9.78055E+12
3758,463,,"The Autobiography of Charles Darwin, 1809–82",The Autobiography of Charles Darwin 1809-1882: With Original Omissions Restored,9.78039E+12,9.78039E+12
3765,1140,,The Struggle for Modern Tibet: The Autobiography of Tashi Tsering,The Struggle for Modern Tibet: The Autobiography of Tashi Tsering / Edition 1,9.78077E+12,9.78077E+12
3783,789,,Hoyt Street: An Autobiography,Hoyt Street: An Autobiography,9.78083E+12,9.78083E+12
3803,1048,,Garry Sobers: My Autobiography,Garry Sobers: My Autobiography,9.78076E+12,9.78076E+12
3818,664,,Living High: An Unconventional Autobiography,Living High: An Unconventional Autobiography,9.78097E+12,9.78097E+12
3821,639,,A Kind of Grace: The Autobiography of the World's Greatest Female Athlete,A Kind Of Grace,9.78045E+12,9.78045E+12
3822,261,,Autobiography of Red Cloud: War Leader of the Oglalas,Autobiography of Red Cloud: War Leader of the Oglalas,9.78092E+12,9.78092E+12
3838,57,,"God, Country, Notre Dame: The Autobiography of Theodore M. Hesburgh","God, Country, Notre Dame: The Autobiography of Theodore M. Hesburgh",9.78027E+12,9.78027E+12
3842,994,,King: My Autobiography,King: My Autobiography,,9.78178E+12
3843,96,,Moving Pictures: An Autobiography,Moving Pictures: An Autobiography,,2.94015E+12
3845,984,,Outside the Magic Circle: The Autobiography of Virginia Foster Durr,Outside the Magic Circle: The Autobiography of Virginia Foster Durr,9.78082E+12,9.78082E+12
3855,785,,The Fall: An Autobiography of an Alter Ego,The Fall: An Autobiography of an Alter Ego,,9.78099E+12
3856,1138,,Billy the Kid: An Autobiography,Billy the Kid: An Autobiography,,9.78069E+12
3857,157,,Bill Peet: An Autobiography,Bill Peet: An Autobiography,9.7804E+12,9.7804E+12
3866,454,,No Beethoven: An Autobiography & Chronicle of Weather Report,No Beethoven: An Autobiography & Chronicle of Weather Report,9.78099E+12,9.78099E+12
3868,191,,Veeck--As In Wreck: The Autobiography of Bill Veeck,Veeck--As in Wreck: The Autobiography of Bill Veeck,9.78023E+12,9.78023E+12
3877,504,,D-Day Survivor: An Autobiography,D-Day Survivor: An Autobiography,9.78159E+12,9.78159E+12
3878,852,,Autobiography of an Aspiring Saint (The Other Voice in Early Modern Europe: The Chicago Series),Autobiography of an Aspiring Saint (The Other Voice in Early Modern Europe Series),9.78023E+12,9.78023E+12
3879,1102,,The Autobiography of an Unknown Indian,The Autobiography of an Unknown Indian,9.78094E+12,9.78094E+12
3885,212,,I Dreamed I Was a Very Clean Tramp: An Autobiography,I Dreamed I Was a Very Clean Tramp: An Autobiography,9.78006E+12,9.78006E+12
3887,1400,,One Flew into the Cuckoo's Egg: My Autobiography,Autobiography,9.78034E+12,9.78034E+12
3900,758,,All in the Day's Work: AN AUTOBIOGRAPHY,All in the Day's Work: An Autobiography,9.78025E+12,9.78025E+12
3914,756,,"Alone atop the Hill: The Autobiography of Alice Dunnigan, Pioneer of the National Black Press","Alone atop the Hill: The Autobiography of Alice Dunnigan, Pioneer of the National Black Press",9.78082E+12,9.78082E+12
3917,56,,"My Wicked, Wicked Ways: The Autobiography of Errol Flynn","My Wicked, Wicked Ways: The Autobiography of Errol Flynn",9.78082E+12,9.78082E+12
3944,1634,,Totally Unofficial: The Autobiography of Raphael Lemkin,Totally Unofficial: The Autobiography of Raphael Lemkin,9.7803E+12,9.7803E+12
3949,657,,"My Life, as I See It: An Autobiography","My Life, as I See It: An Autobiography",9.78144E+12,9.78144E+12
3950,1376,,The Autobiography of William Zeckendorf,Autobiography of William Zeckendorf,9.78096E+12,9.78096E+12
3953,735,,An Autobiography of Black Chicago,An Autobiography of Black Chicago,,9.78193E+12
3955,1268,,The Autobiography of Osugi Sakae,The Autobiography of Osugi Sakae / Edition 1,9.78052E+12,9.78052E+12
3959,1261,,Echoes of an Autobiography,Echoes of an Autobiography,9.78039E+12,9.78039E+12
3966,594,,Glenn Hughes: The Autobiography - From Deep Purple to Black Country Communion,Glenn Hughes The Autobiography: From Deep Purple to Black Country Communion,9.78191E+12,9.78191E+12
2498,2100,,The Autobiography of a Chinese Girl: A Genuine Autobiography,Autobiography of a Chinese Girl,9.78071E+12,9.78071E+12
2500,2100,,The Autobiography of a Chinese Girl: A Genuine Autobiography,Autobiography of a Chinese Girl,9.78071E+12,9.78071E+12
2060,2109,,American Autobiography: The Prophetic Mode,Amer Autobiography,9.78087E+12,9.78087E+12
2082,2109,,American Autobiography: The Prophetic Mode,Amer Autobiography,9.78087E+12,9.78087E+12
3040,2122,,"Autobiography, Politics and Sexuality: Essays in Curriculum Theory, 1972-1992","Autobiography, Politics and Sexuality: Essays in Curriculum Theory, 1972-1992 / Edition 1",9.78082E+12,9.78082E+12
3881,2135,,Failure: An Autobiography,Failure: An Autobiography,9.78191E+12,9.78191E+12
2452,2156,,A Lifetime of Labor: The Autobiography of Alice H. Cook,A Lifetime of Labor: The Autobiography of Alice H. Cook,9.78156E+12,9.78156E+12
2806,2174,,Once a Blue Always a Blue: The Autobiography of Richard Edghill,Once a Blue Always a Blue: The Autobiography of Richard Edghill,,9.78191E+12
3809,2187,,With No Regrets - An Autobiography,With No Regrets An Autobiography,9.78141E+12,9.78141E+12
2276,2190,,The Autobiography of Geronimo,The Autobiography of Geronimo,9.78161E+12,9.78161E+12
2620,2193,,An Autobiography of Lessons Learned,An Autobiography of Lessons Learned,9.78148E+12,9.78148E+12
2651,2193,,An Autobiography of Lessons Learned,An Autobiography of Lessons Learned,9.78148E+12,9.78148E+12
2744,2200,,The Autobiography of SATAN (Authorized Edition),The Autobiography of SATAN (Authorized Edition),,9.78152E+12
3058,2224,,Lives in the Wilderness: Three Classic Indian Autobiographies. Jim Corbett: My India; Verrier Elwin: The Tribal World of Verrier Elwin; Salim Ali: The Fall of a Sparrow,Lives in the Wilderness: Three Classic Indian Autobiographies. Jim Corbett: My India; Verrier Elwin: The Tribal World of Verrier Elwin; Si'Alim Ali: The Fall of a Sparrow,9.7802E+12,9.7802E+12
3753,2233,,George Fox - An Autobiography,George Fox - An Autobiography,9.7816E+12,9.7816E+12
2999,2244,,Science as Autobiography: The Troubled Life of Niels Jern,Science as Autobiography: The Troubled Life of Niels Jerne,9.7803E+12,9.7803E+12
2281,2255,,"Epstein, An Autobiography",Epstein: An Autobiography,9.78041E+12,9.78041E+12
3456,2281,,Memoir Of A Thinking Radish: An Autobiography,Memoir of a Thinking Radish: An Autobiography,9.78019E+12,9.78019E+12
2416,2304,,Autobiography of Malcom X,CliffsNotes on Malcolm X's The Autobiography of Malcolm X,9.78082E+12,9.78082E+12
3370,2312,,Rudolf Steiner Autobiography,Rudolf Steiner: An Autobiography,9.78083E+12,9.78083E+12
3029,2344,,Your Mirror to My Times: The Selected Autobiographies and Impressions of Ford Madox Ford,Your Mirror to My Times: The Selected Autobiographies and Impressions of Ford Madox Ford,9.78003E+12,9.78003E+12
2289,2387,,Women's Autobiography,Women's Autobiography: Essays in Criticism,9.78025E+12,9.78025E+12
3021,2403,,The Times of Our Lives: A Guide to Writing Autobiography and Memoir,The Times of Our Lives: A Guide to Writing Autobiography and Memoir,9.78094E+12,9.78094E+12
2194,2417,,Billie Whitelaw: Who He?: An Autobiography,Billie Whitelaw...Who He?: An Autobiography,9.78031E+12,9.78031E+12
3919,2452,,A Woman Soldier's Own Story: The Autobiography of Xie Bingying,A Woman Soldier's Own Story: The Autobiography of Xie Bingying,9.78043E+12,9.78043E+12
2433,2476,,Speaking Out: The Autobiography of Lester Garfield Maddox,Speaking Out: The Autobiography of Lester Garfield Maddox,9.78039E+12,9.78039E+12
2765,2483,,Barefoot in the sky;: An autobiography,Barefoot in the Sky: An Autobiography,9.78003E+12,9.78003E+12
3796,2522,,Icebreaker the Autobiography of Rudy Galindo,Icebreaker: The Autobiography of Rudy Galindo,9.78067E+12,9.78067E+12
3912,2537,,Frank Skinner Autobiography,Frank Skinner Autobiography,9.7801E+12,9.7801E+12
3548,2545,,A Labor of Love: An Autobiography,A Labor of Love: An Autobiography,9.78074E+12,9.78074E+12
2550,2556,0,Is it That Time Already?: The Autobiography,Is it That Time Already?: The Autobiography,,9.78185E+12
2581,2556,0,Is it That Time Already?: The Autobiography,Is it That Time Already?: The Autobiography,,9.78185E+12
2136,2604,,Ezio Pinza: An Autobiography,Ezio Pinza: An Autobiography,,9.78041E+12
3634,2619,,The Wind Spirit: An Autobiography,Wind Spirit: An Autobiography,9.78081E+12,9.78081E+12
2958,2625,,Man Without A Face: The Autobiography Of Communism's Greatest Spymaster,Man Without A Face / Edition 1,9.78189E+12,9.78189E+12
3067,2679,,Tony Brooks: Poetry in Motion: Autobiography of a supreme Grand Prix driver,Tony Brooks: Poetry in Motion: Autobiography of a supreme Grand Prix driver,9.7819E+12,9.7819E+12
3277,2698,,Street-Fighting Years: An Autobiography of the Sixties,Street Fighting Years: An Autobiography of the Sixties,9.78184E+12,9.78184E+12
2156,2700,,My Journey to Betterment: An Autobiography,My Journey to Betterment: An Autobiography,9.78053E+12,9.78053E+12
3343,2715,0,The Autobiography,The Autobiography,,2.94003E+12
3347,2742,,An Accidental Autobiography,An Accidental Autobiography,9.7804E+12,9.7804E+12
2772,2745,,Autobiography and National Identity in the Americas Autobiography and National Identity in the Americas,Autobiography and National Identity in the Americas,9.78081E+12,9.78081E+12
2354,2760,,In the Eye of the Storm: The Autobiography of Sir John Houghton,In the Eye of the Storm: The Autobiography of Sir John Houghton,9.78075E+12,9.78075E+12
2752,2771,,On Superconductivity and Superfluidity: A Scientific Autobiography,On Superconductivity and Superfluidity: A Scientific Autobiography / Edition 1,9.78354E+12,9.78354E+12
2466,2783,,Seychelles Global Citizen: The Autobiography of the Founding President,Seychelles Global Citizen: The Autobiography of the Founding President,9.78156E+12,9.78156E+12
2353,2786,,Interpreting the Self: Two Hundred Years of American Autobiography,Interpreting the Self: Two Hundred Years of American Autobiography,9.78023E+12,9.78023E+12
3479,2791,,The Autobiography of Michel de Montaigne,The Autobiography of Michel de Montaigne,9.78157E+12,9.78157E+12
3639,2829,,Philosopher at Large: An Intellectual Autobiography,Philosopher at Large: An Intellectual Autobiography,9.78003E+12,9.78003E+12
3863,2843,,Will: The Autobiography of Will Greenwood,Will: The Autobiography of Will Greenwood,9.7801E+12,9.7801E+12
3820,2852,,To Race the Wind: An Autobiography,To Race the Wind; An Autobiography,9.7804E+12,9.7804E+12
3261,2874,,A Game of Two Halves: The Autobiography,A Game of Two Halves: The Autobiography,,9.78185E+12
2934,2892,,"Sex, Lies, and Autobiography: The Ethics of Confession","Sex, Lies, and Autobiography: The Ethics of Confession",9.78081E+12,9.78081E+12
2307,2894,,The Artist's Autobiography,The Artist's Autobiography,9.78096E+12,9.78096E+12
3395,2901,,The Autobiography,The Autobiography of Arthur Ransome,9.78022E+12,9.78022E+12
2670,2913,,From Right to Left: An Autobiography,From Right to Left: An Autobiography,9.78088E+12,9.78088E+12
3343,2925,0,The Autobiography,The Autobiography,,9.78141E+12
2519,2981,,Antonin Raymond: An Autobiography,Antonin Raymond: An Autobiography,9.7808E+12,9.7808E+12
2704,2981,,Antonin Raymond: An Autobiography,Antonin Raymond: An Autobiography,9.7808E+12,9.7808E+12
3828,2996,,Altered States: The Autobiography of Ken Russell,Altered States: The Autobiography of Ken Russell,9.78055E+12,9.78055E+12
3876,3020,,"Metternich: The Autobiography, 1773-1815","Metternich: The Autobiography, 1773-1815",9.78191E+12,9.78191E+12
3591,3060,,Sammy Sosa: An Autobiography,Sammy Sosa,9.78045E+12,9.78045E+12
3897,3078,,Jean Shrimpton : An Autobiography,Jean Shrimpton: An Autobiography,9.78085E+12,9.78085E+12
2097,3111,,Holding The Line: An Autobiography,Holding the Line: An Autobiography,9.78072E+12,9.78072E+12
3108,3137,,A Lesser Child: An Autobiography,A Lesser Child: An Autobiography,9.78072E+12,9.78072E+12
3757,3148,,Jackie Cochran: An Autobiography,Jackie Cochran: An Autobiography,9.78055E+12,9.78055E+12
3871,3166,,A Way of Hope: An Autobiography,A Way of Hope: An Autobiography,9.78081E+12,9.78081E+12
3946,3202,,Confessions of a Dangerous Mind: An Unauthorized Autobiography (Confessions of a Dangerous Mind #1),Confessions of a Dangerous Mind: An Unauthorized Autobiography,9.78079E+12,9.78079E+12
2059,3205,0,Up From Slavery: An Autobiography,Up From Slavery: An Autobiography,,9.78151E+12
2081,3205,0,Up From Slavery: An Autobiography,Up From Slavery: An Autobiography,,9.78151E+12
3051,3206,,The Uncharted Path: The Autobiography of Lee Myung-Bak,Uncharted Path: The Autobiography of Lee Myung-Bak,9.7814E+12,9.7814E+12
2254,3286,,The autobiography of a tomboy,The autobiography of a tomboy,,2.94002E+12
2379,3287,,Fragment of a Great Confession - A Psychoanalytic Autobiography,Fragment Of A Great Confession - A Psychoanalytic Autobiography,9.78145E+12,9.78145E+12
2329,3300,,A Matter of Black and White: The Autobiography of Ada Lois Sipuel Fisher,A Matter of Black and White: The Autobiography of Ada Lois Sipuel Fisher,9.78081E+12,9.78081E+12
2375,3336,,I Sell Death: Autobiography of a Terrorist,I Sell Death: Autobiography of a Terrorist,,9.78151E+12
2243,3348,,"Telling Lives in India: Biography, Autobiography, and Life History","Telling Lives in India: Biography, Autobiography, and Life History",9.78025E+12,9.78025E+12
2950,3370,,"Holding the Lotus to the Rock: The Autobiography of Sokei-an, America's First Zen Master","Holding the Lotus to the Rock: The Autobiography of Sokei-an, America's First Zen Master",9.78157E+12,9.78157E+12
3674,3417,,The Autobiography of the British Soldier,"The Autobiography of the British Soldier : From Agincourt to Basra, in His Own Words",9.78076E+12,9.78076E+12
2775,3428,,Leading from the Front: The Autobiography. General Sir Richard Dannatt,Leading from the Front: The Autobiography,9.78055E+12,9.78055E+12
3789,3438,,Autobiography of a Stutterer,Autobiography of a Stutterer,9.78193E+12,9.78193E+12
3759,3444,,Alone with me: A new autobiography,Alone with Me: A New Autobiography,9.78081E+12,9.78081E+12
3852,3468,,Baby Doll: An Autobiography,Ba,9.78088E+12,9.78088E+12
2051,3469,,All My Yesterdays: An Autobiography,All My Yesterdays: An Autobiography,9.78185E+12,9.78185E+12
2073,3469,,All My Yesterdays: An Autobiography,All My Yesterdays: An Autobiography,9.78185E+12,9.78185E+12
3578,3475,,The Autobiography of a Sexually Emancipated Communist Woman,The Autobiography of a Sexually Emancipated Communist Woman,9.78081E+12,9.78081E+12
3566,3501,,Grace like a River: An Autobiography,Grace Like a River: An Autobiography,9.78141E+12,9.78141E+12
3039,3526,,Remembering Your Story: Creating Your Own Spiritual Autobiography : Leader's Guide,Remembering Your Story Leader's Guide: Creating Your Own Spiritual Autobiography,9.78084E+12,9.78084E+12
2819,3563,,A Sounding of Women: Autobiographies from Unexpected Places,A Sounding of Women : Autobiographies from Unexpected Places / Edition 1,9.78021E+12,9.78021E+12
2832,3576,,Standing My Ground: The Autobiography of Matthew Hayden,Standing My Ground: The Autobiography of Matthew Hayden,9.78185E+12,9.78185E+12
2674,3580,,"Temporalities, Autobiography and Everyday Life","Temporalities, Autobiography and Everyday Life",9.78072E+12,9.78072E+12
3913,3584,,From the Alleghenies to the Hebrides: An Autobiography,From Alleghenies To the Hebrides: An Autobiography,9.78184E+12,9.78184E+12
2164,3588,,"James Nasmyth, Engineer: An Autobiography","James Nasmyth, Engineer: An Autobiography",9.78396E+12,9.78396E+12
2347,3609,,An Autobiography of George Washington As Told to His Scribe,An Autobiography of George Washington,9.78098E+12,9.78098E+12
3326,3639,,BAD: The Autobiography of James Carr,BAD: The Autobiography of James Carr / Edition 1,9.7819E+12,9.7819E+12
2560,3653,,The Proper Charlie: My Autobiography,The Proper Charlie: My Autobiography,,9.78185E+12