ID_A,ID_B,Flag,Title_A,Title_B,ISBN_A,ISBN_B
bn_804,B6,,MySQL Crash Course,MySQL Crash Course,9.78067E+12,9.78067E+12
bn_1038,B10,,Oracle8 Developer's Guide,Oracle8 Developer's Guide (Developer's Guides (Wiley)),9.78076E+12,9.78076E+12
bn_617,B15,,High Availability Mysql Cookbook,High Availability MySQL Cookbook,9.78185E+12,9.78185E+12
bn_1609,B22,,Automating Microsoft Access with Macros: For Windows 95 and Windows 3.1,Automating Microsoft Access With Macros: For Windows 95 & Windows 3.1,9.78078E+12,9.78078E+12
bn_276,B45,0,Oracle PL/SQL Programming,Oracle PL/SQL Programming: Guide to Oracle8i Features,9.7806E+12,
bn_611,B45,0,Oracle PL/SQL Programming,Oracle PL/SQL Programming: Guide to Oracle8i Features,9.78008E+12,
bn_749,B45,0,Oracle PL/SQL,Oracle PL/SQL Programming: Guide to Oracle8i Features,9.78007E+12,
bn_381,B51,,Microsoft SQL Server 2012 A Beginners Guide 5E / Edition 5,Microsoft SQL Server 2012 A Beginners Guide 5/E,9.78007E+12,9.78007E+12
bn_279,B53,,DB2 Fundamentals Certification for Dummies with CD-ROM,DB2 Fundamentals Certification For Dummies (For Dummies (Computers)),9.78076E+12,9.78076E+12
bn_1358,B58,,Rapid Application Development with Oracle Designer/2000 / Edition 1,Rapid Application Development with Oracle Designer/2000 (2nd Edition),9.7802E+12,9.7802E+12
bn_718,B59,,Oracle Scripts: Powerful Tools for DBAs and Developers,Oracle Scripts: Powerful Tools for DBAs and Developers,9.78157E+12,9.78157E+12
bn_743,B60,,Oracle RMAN for Absolute Beginners,Oracle RMAN for Absolute Beginners,9.78148E+12,9.78148E+12
bn_26,B66,,Oracle Database 11g DBA Handbook / Edition 1,Oracle Database 11g DBA Handbook (Oracle Press),9.78007E+12,9.78007E+12
bn_1230,B70,,Oracle9i Application Server Portal Handbook,Oracle9i Application Server Portal Handbook (Osborne ORACLE Press Series),9.78007E+12,9.78007E+12
bn_213,B77,,Oracle Database 11g SQL / Edition 1,Oracle Database 11g SQL (Oracle Press),9.78007E+12,9.78007E+12
bn_545,B78,,Data and Reality,Data and Reality,9.78159E+12,9.78159E+12
bn_1994,B101,,Create Dynamic Web Pages Using PHP and MySQL with Cdrom,Create Dynamic Webpages Using PHP & MySQL (Practical solutions series),9.7802E+12,9.7802E+12
bn_39,B103,,MySQL: The Complete Reference / Edition 1,MySQL(TM): The Complete Reference,9.78007E+12,9.78007E+12
bn_110,B107,,Beginning PHP and Oracle: From Novice to Professional / Edition 1,Beginning PHP and Oracle: From Novice to Professional (Expert's Voice),9.78159E+12,9.78159E+12
bn_238,B110,,Oracle9i SQLJ Programming,Oracle9i SQLJ Programming,9.78007E+12,9.78007E+12
bn_740,B112,,Data Management: Databases &amp; Organizations / Edition 5,Data Management: Databases & Organizations,9.78047E+12,9.78047E+12
bn_727,B120,,Oracle 11g New Features: Get Started Fast with Oracle 11g Enhancements,Oracle 11g New Features: Get Started Fast with Oracle 11g Enhancements (Oracle In-Focus series),9.78098E+12,9.78098E+12
bn_1008,B124,,Mysql Admin Cookbook,MySQL Admin Cookbook,9.78185E+12,9.78185E+12
bn_1006,B139,0,Database Design,Database Design and Relational Theory: Normals Forms and All That Jazz (Theory in practice) (Paperback) - Common,9.78067E+12,
bn_1739,B139,,Database Design and Relational Theory: Normals Forms and All That Jazz,Database Design and Relational Theory: Normals Forms and All That Jazz (Theory in practice) (Paperback) - Common,9.78145E+12,
bn_6,B142,,CMDB Systems: Making Change Work in the Age of Cloud and Agile,CMDB Systems: Making Change Work in the Age of Cloud and Agile,9.78013E+12,9.78013E+12
bn_1813,B143,,Access 2007 VBA Programmer's Reference,Access 2007 VBA Programmer's Reference,9.78047E+12,9.78047E+12
bn_1268,B168,,Oracle SOA Suite 11g Administrator's Handbook,Oracle SOA Suite 11g Administrator's Handbook,9.78185E+12,9.78185E+12
bn_1222,B170,,Learning: Microsoft Access 2003 / Edition 1,Learning: Microsoft Access 2003,9.78013E+12,9.78013E+12
bn_444,B173,,Building a Scalable Data Warehouse with Data Vault 2.0,Building a Scalable Data Warehouse with Data Vault 2.0,9.78013E+12,9.78013E+12
bn_1700,B178,,Microsoft SQL Server 2000 DTS [Data Transformation Services],Microsoft SQL Server 2000 DTS [Data Transformation Services],9.78067E+12,9.78067E+12
bn_963,B181,,Oracle CRM On Demand Embedded Analytics,Oracle CRM On Demand Embedded Analytics (Oracle Press),9.78007E+12,9.78007E+12
bn_320,B188,,Access 97 for Windows 95,Short Course: Microsoft Access 97 (Short Course Learning Series),9.78156E+12,9.78156E+12
bn_920,B194,,Advanced Transact-SQL for SQL Server 2000 / Edition 1,Advanced Transact-SQL for SQL Server 2000,9.78189E+12,9.78189E+12
bn_611,B200,,Oracle PL/SQL Programming,Oracle Pl/SQL Programming (Oracle Series),9.78008E+12,9.78008E+12
bn_1065,B202,,FileMaker Pro 4 for Windows & Macintosh: Visual QuickStart Guide,Filemaker Pro 4 for Windows & Macintosh (Visual QuickStart Guide),9.7802E+12,9.7802E+12
bn_1744,B205,,ORACLE 12c/11g/10g. Administraci n Avanzada de Bases de datos con ORACLE ENTERPRISE MANAGER,ORACLE 12c/11g/10g. Administración Avanzada de Bases de datos con ORACLE ENTERPRISE MANAGER (Spanish Edition),9.78149E+12,9.78149E+12
bn_1828,B209,,"Microsoft SQL Server 2005: A Beginner""s Guide",Microsoft SQL Server 2005: A Beginner's Guide,9.78007E+12,9.78007E+12
bn_553,B215,,"Microsoft Access Small Business Solutions: State-of-the-Art Database Models for Sales, Marketing, Customer Management, and More Key Business Activities","Microsoft Access Small Business Solutions: State-of-the-Art Database Models for Sales, Marketing, Customer Management, and More Key Business Activities",9.78047E+12,9.78047E+12
bn_1215,B216,,PeopleSoft PeopleTools Data Management and Upgrade Handbook,PeopleSoft PeopleTools Data Management and Upgrade Handbook (Oracle Press),9.78007E+12,9.78007E+12
bn_1919,B228,,Joe Celko's Complete Guide to NoSQL: What Every SQL Professional Needs to Know about Non-Relational Databases,Joe Celko's Complete Guide to NoSQL: What Every SQL Professional Needs to Know about Non-Relational Databases,9.78012E+12,9.78012E+12
bn_1121,B234,,Oracle9i Performance Tuning: Optimizing Database Productivity / Edition 1,Oracle9i Performance Tuning: Optimizing Database Productivity,9.78062E+12,9.78062E+12
bn_1739,B255,,Database Design and Relational Theory: Normals Forms and All That Jazz,Database Design and Relational Theory: Normal Forms and All That Jazz (Theory in Practice),9.78145E+12,9.78145E+12
bn_594,B267,0,Database Management,Worldwide Relational Database Management Systems 2008-2012 Forecast: Effects of the Economic Crisis,9.78007E+12,
bn_724,B267,0,Database Management,Worldwide Relational Database Management Systems 2008-2012 Forecast: Effects of the Economic Crisis,9.78088E+12,
bn_1266,B273,,Expert MySQL / Edition 1,Expert MySQL (Expert's Voice in Open Source),9.78159E+12,9.78159E+12
bn_938,B274,,Sams Teach Yourself PL/SQL in 21 Days with Cdrom,Teach Yourself PL/SQL in 21 Days with CDROM (Teach Yourself (McGraw-Hill)),9.78067E+12,9.78067E+12
bn_835,B283,,The dBase III User's Handbook,dBase III User's Handbook,9.78035E+12,9.78035E+12
bn_606,B284,,Programming Microsoft SQL Server 2000 with Microsoft Visual Basic .NET,Programming Microsoft SQL Server 2000 with Microsoft Visual Basic .Net (Microsoft Programming),9.78074E+12,9.78074E+12
bn_987,B291,,Access 2000 for Windows: Visual QuickStart Guide,Access 2000 for Windows (Visual QuickStart Guide),9.7802E+12,9.7802E+12
bn_1459,B292,,Troubleshooting Sql,Troubleshooting SQL,9.78007E+12,9.78007E+12
bn_1109,B293,,MariaDB High Performance,MariaDB High Performance,9.78178E+12,9.78178E+12
bn_1476,B305,,DB2 Universal Database in Application Development Environments,DB2 Universal Database in Application Development Environments,9.78013E+12,9.78013E+12
bn_571,B306,,SQL for eServer i5 and iSeries,SQL for eServer i5 and iSeries,9.78158E+12,9.78158E+12
bn_38,B310,,Agile Data Science: Building Data Analytics Applications with Hadoop,Agile Data Science: Building Data Analytics Applications with Hadoop,9.78145E+12,9.78145E+12
bn_197,B335,,Oracle Enterprise Manager 10g Grid Control Implementation Guide / Edition 1,Oracle Enterprise Manager 10g Grid Control Implementation Guide (Oracle Press),9.78007E+12,9.78007E+12
bn_2004,B339,,Hands-On Microsoft SQL Server 2005 Integration Services / Edition 1,Hands-On Microsoft SQL Server(TM) 2005 Integration Services,9.78007E+12,9.78007E+12
bn_1101,B343,,Agile Analytics: A Value-Driven Approach to Business Intelligence and Data Warehousing / Edition 1,Agile Analytics: A Value-Driven Approach to Business Intelligence and Data Warehousing (Agile Software Development Series),9.78032E+12,9.78032E+12
bn_1820,B354,,Predictive Data Mining: A Practical Guide / Edition 1,Predictive Data Mining: A Practical Guide (The Morgan Kaufmann Series in Data Management Systems),9.78156E+12,9.78156E+12
bn_178,B358,,FileMaker Pro and the World Wide Web,FileMaker Pro 4 and the World Wide Web (Claris Press),9.78013E+12,9.78013E+12
bn_1155,B360,,MySQL and JSP Web Applications: Data-Driven Programming Using Tomcat and MySQL,MySQL and JSP Web Applications: Data-Driven Programming Using Tomcat and MySQL,9.78067E+12,9.78067E+12
bn_407,B361,,Database Design for Smarties: Using UML for Data Modeling / Edition 1,Database Design for Smarties: Using UML for Data Modeling (The Morgan Kaufmann Series in Data Management Systems),9.78156E+12,9.78156E+12
bn_833,B362,,Expert Oracle Enterprise Manager 12c,Expert Oracle Enterprise Manager 12c,9.78143E+12,9.78143E+12
bn_1244,B367,,Oracle Essentials; Oracle8 and Oracle8i,Oracle Essentials: Oracle8 & Oracle8i: Oracle8 and Oracle8i,9.78157E+12,9.78157E+12
bn_272,B397,,Oracle8i Web Development,Oracle8i Web Development,9.78007E+12,9.78007E+12
bn_2016,B399,,Microsoft Access Version 2002 Inside Out,Microsoft® Access Version 2002 Inside Out,9.78074E+12,9.78074E+12
bn_1160,B422,,Programming Microsoft LINQ in Microsoft .NET Framework 4,Programming Microsoft LINQ in .NET Framework 4 (Developer Reference),9.78074E+12,9.78074E+12
bn_1618,B423,0,Microsoft Access,Microsoft Access 2013: Level 2 (Benchmark Series),9.78156E+12,
bn_842,B428,,Hands on Access 97,Hands On Access 97,9.78076E+12,9.78076E+12
bn_1884,B442,,SQL Server 7: A Beginner's Guide,SQL Server 7: A Beginner's Guide,9.78007E+12,9.78007E+12
bn_229,B447,,Microsoft Access 95: Developer's Handbook,Microsoft Access 95 Developer's Handbook,9.78078E+12,9.78078E+12
bn_1060,B472,,Microsoft Access 97 Exam Cram: Microsoft Office User Specialist,MOUS Access 97 Exam Cram,9.78158E+12,9.78158E+12
bn_548,B475,,Microsoft Access for Windows 95 / Edition 1,Microsoft Access for Windows 95 (Quicktorial),9.78054E+12,9.78054E+12
bn_669,B492,,Understanding Relational Databases: With Examples in SQL-92,Understanding Relational Databases with Examples in SQL-92,9.78047E+12,9.78047E+12
bn_1034,B493,,Sams Teach Yourself Microsoft SQL Server 2000 in 21 Days,Sams Teach Yourself Microsoft SQL Server 2000 in 21 Days (2nd Edition),9.78067E+12,9.78067E+12
bn_1879,B497,,DB2 SQL Tuning Tips for z/OS Developers,DB2 SQL Tuning Tips for z/OS Developers (IBM Press),9.78013E+12,9.78013E+12
bn_451,B501,,Microsoft SQL Server 2012 T-SQL Fundamentals,Microsoft SQL Server 2012 T-SQL Fundamentals (Developer Reference),9.78074E+12,9.78074E+12
bn_1220,B514,,Microsoft ADO.NET 4 Step by Step,Microsoft ADO.NET 4 Step by Step (Step by Step Developer),9.78074E+12,9.78074E+12
bn_1374,B520,,Practical Oracle Security: Your Unauthorized Guide to Relational Database Security,Practical Oracle Security: Your Unauthorized Guide to Relational Database Security,9.7816E+12,9.7816E+12
bn_1618,B536,,Microsoft Access,Microsoft Access 1.1 for Windows (Quick Reference Guide),9.78156E+12,9.78156E+12
bn_1868,B553,,Discover Access 1997,Discover Access 97 (6-Point Discover Advantage),9.78076E+12,9.78076E+12
bn_1503,B559,,Oracle DBA Automation Quick Reference,Oracle DBA Automation Quick Reference,9.78013E+12,9.78013E+12
bn_164,B568,,MDM for Customer Data: Optimizing Customer Centric Management of Your Business,MDM for Customer Data: Optimizing Customer Centric Management of Your Business,9.78158E+12,9.78158E+12
bn_1654,B572,,Creating the Semantic Web with RDF: Professional Developer's Guide,Creating the Semantic Web with RDF: Professional Developer's Guide (With CD-ROM),9.78047E+12,9.78047E+12
bn_1108,B580,,SQL Server 2008 Administration Instant Reference,SQL Server 2008 Administration Instant Reference,9.78047E+12,9.78047E+12
bn_1840,B582,,Oracle8i Database Administration,Oracle8i Database Administration,9.78188E+12,9.78188E+12
bn_577,B588,,FileMaker Pro 6 Advanced for Windows and Macintosh: Visual QuickPro Guide,FileMaker Pro 6 Advanced for Windows and Macintosh: Visual QuickPro Guide,9.78032E+12,9.78032E+12
bn_1565,B598,,Sams Teach Yourself Transact-SQL in 21 Days,Sams Teach Yourself Transact-SQL in 21 Days (2nd Edition),9.78067E+12,9.78067E+12
bn_1385,B599,,SQL Server 2000: A Beginner's Guide (Book/CD-ROM),SQL Server 2000:  A Beginner's Guide (Book/CD-ROM),9.78007E+12,9.78007E+12
bn_1903,B605,,Microsoft SQL Server 2005 Compact Edition,Microsoft SQL Server 2005 Compact Edition,9.78067E+12,9.78067E+12
bn_788,B621,,Microsoft Access for Windows 95 Instant Reference,Microsoft Access for Windows 95: Instant Reference (Sybex Instant Reference Series),9.78078E+12,9.78078E+12
bn_573,B631,,Microsoft Office Access 2003,Microsoft Office Access 2003: Introductory,9.78007E+12,
bn_1882,B631,,Microsoft Office Access 2003,Microsoft Office Access 2003: Introductory,9.78047E+12,
bn_956,B632,,Microsoft Access 2000-Illustrated Complete / Edition 1,Microsoft Access 2000-Illustrated Complete (Illustrated Series),9.78076E+12,9.78076E+12
bn_508,B653,,SQL Tips and Techniques,SQL Tips & Techniques (Miscellaneous),9.78193E+12,9.78193E+12
bn_1132,B658,,Sams Teach Yourself Access 97 in 24 Hours,Sams Teach Yourself Access 97 in 24 Hours,9.78067E+12,9.78067E+12
bn_1455,B662,,Interactive Computing Series: Microsoft Access 97 / Edition 1,Interactive Computing Series: Microsoft Access 97,9.78007E+12,9.78007E+12
bn_1348,B667,,Oracle Performance Tuning [With *],Oracle Performance Tuning (Nutshell Handbooks),9.78157E+12,9.78157E+12
bn_1467,B687,,Microsoft Access Instant Reference,Microsoft Access Instant Reference (Sybex Instant Reference Series),9.78078E+12,9.78078E+12
bn_1826,B688,,MYSQL/PHP Database Applications / Edition 2,MySQL / PHP Database Applications,9.78076E+12,9.78076E+12
bn_1273,B695,,Sybase DBA Companion,Sybase DBA Companion with CDROM,9.78014E+12,9.78014E+12
bn_537,B704,,Applied Microsoft Business Intelligence,Applied Microsoft Business Intelligence,9.78112E+12,9.78112E+12
bn_666,B709,,Microsoft Access 97 Developer's Handbook: Create Robust Databases Develop Custom Interfaces,Microsoft Access 97 Developers Handbook: With CDROM (Solution Developer Series),9.78157E+12,9.78157E+12
bn_281,B721,,Data Warehousing: Architecture and Implementation / Edition 1,Data Warehousing: Architecture and Implementation,9.78013E+12,9.78013E+12
bn_911,B728,,Java Programming with Oracle SQLJ,Java Programming with Oracle SQLJ,9.7806E+12,9.7806E+12
bn_1521,B737,,Creating SQL Server 2005 Applications with Visual Studio 2005 / Edition 1,Creating SQL Server 2005 Applications with Visual Studio,9.78013E+12,9.78013E+12
bn_1663,B755,,Informix Guide to SQL: Reference and Syntax,Informix Guide to SQL: Reference and Syntax (2nd Edition),9.78013E+12,9.78013E+12
bn_1029,B759,,Microsoft SQL Server 2005: Applied Techniques Step by Step,Microsoft® SQL Server 2005: Applied Techniques Step by Step (Step by Step Developer),9.78074E+12,9.78074E+12
bn_1301,B761,,DBASE IV Quick Reference,dBase IV Quick Reference (Que quick reference series),9.78088E+12,9.78088E+12
bn_1265,B783,,Analysis and Comparison of Relational Database Systems,Analysis and Comparison of Relational Database Systems,9.7802E+12,9.7802E+12
bn_40,B785,0,The Art and Science of Oracle Performance Tuning,Oracle Performance Tuning,9.78159E+12,
bn_1348,B785,,Oracle Performance Tuning [With *],Oracle Performance Tuning,9.78157E+12,
bn_327,B804,,Instant SQL Computer,Instant SQL,9.78187E+12,9.78187E+12
bn_573,B810,,Microsoft Office Access 2003,Microsoft Office Access 2003: The Complete Reference (Osborne Complete Reference Series),9.78007E+12,
bn_1882,B810,,Microsoft Office Access 2003,Microsoft Office Access 2003: The Complete Reference (Osborne Complete Reference Series),9.78047E+12,
bn_1987,B819,,Oracle Database 10g PL/SQL Programming / Edition 1,Oracle Database 10g PL/SQL Programming,9.78007E+12,9.78007E+12
bn_1819,B823,,SQL Fundamentals,SQL Fundamentals with CDROM,9.78013E+12,9.78013E+12
bn_319,B832,,Predictive Analytics and Data Mining: Concepts and Practice with RapidMiner,Predictive Analytics and Data Mining: Concepts and Practice with RapidMiner,9.78013E+12,9.78013E+12
bn_1723,B837,,Access 2000 Guidebook / Edition 3,Access 2000 Guidebook,9.78158E+12,9.78158E+12
bn_129,B838,,SQL Server 2000 Design and T-SQL Programming,SQL Server 2000 Design & T-SQL Programming,9.78007E+12,9.78007E+12
bn_872,B847,,Oracle Database Ajax &amp; PHP Web Application Development,Oracle Database Ajax & PHP Web Application Development (Oracle Press),9.78007E+12,9.78007E+12
bn_1677,B859,,"New Perspectives on Microsoft Office Access 2003, Brief, CourseCard Edition / Edition 1","New Perspectives on Microsoft Office Access 2003, Brief, CourseCard Edition (New Perspectives Series)",9.78142E+12,9.78142E+12
bn_305,B861,,Microsoft Access 7 for Windows 95: Introductory,Microsoft Access 7 for Windows 95: Introductory,9.78076E+12,9.78076E+12
bn_1006,B864,,Database Design,Database Design,9.78067E+12,9.78067E+12
bn_986,B865,,UML for Database Design / Edition 1,UML for Database Design,9.7802E+12,9.7802E+12
bn_816,B875,,Microsoft SQL Server 2012 Analysis Services: The BISM Tabular Model,Microsoft SQL Server 2012 Analysis Services: The BISM Tabular Model (Developer Reference),9.78074E+12,9.78074E+12
bn_1043,B881,,"SQL The Complete Reference, 3rd Edition / Edition 3","SQL: The Complete Reference, 3rd Edition",9.78007E+12,9.78007E+12
bn_2009,B884,,Beginning Access 2000 VBA with CD-ROM,Beginning Access 2000 VBA,9.78076E+12,9.78076E+12
bn_615,B904,,Microsoft SQL Server 2000 Programming by Example,Microsoft SQL Server 2000 Programming by Example,9.78079E+12,9.78079E+12
bn_1013,B907,,Data Warehousing in the Real World: A Practical Guide for Building Decision Support Systems,Data Warehousing in the Real World: A practical guide for building Decision Support Systems,9.7802E+12,9.7802E+12
bn_262,B908,,End-User Computing: Concepts and Applications,"End-User Computing: Concepts and Applications : Wordperfect 5.1, Lotus 1-2-3, dBASE IV",9.78054E+12,9.78054E+12
bn_1328,B911,,Oracle Development Unleashed,Oracle Development Unleashed (3rd Edition),9.78067E+12,9.78067E+12
bn_1561,B931,,Oracle Designer : A Template for Developing An Enterprise Standards Document,Oracle Designer: A Template for Developing An Enterprise Standards Document,9.78013E+12,9.78013E+12
bn_915,B941,,Essentials: Microsoft Access 2003 Level 2 / Edition 4,Essentials: Microsoft Access 2003 Level 2 (Essentials Series for Office 2003),9.78013E+12,9.78013E+12
bn_1391,B970,,Modeling And Data Mining In Blogosphere,Modeling and Data Mining in Blogosphere (Synthesis Lectures on Data Mining and Knowledge Discovery),9.7816E+12,9.7816E+12
bn_1405,B971,,Oracle Designers Handbook,Oracle Design: The Definitive Guide (Nutshell Handbooks),9.78157E+12,9.78157E+12
bn_1635,B975,,From Concept to Comprehension: Access 2.0 For Windows,Microsoft Access 2.0 for Windows (Acumen),9.78088E+12,9.78088E+12
bn_1336,B994,,"Apache, MySQL, and PHP Web Development All-in-One Desk Reference For Dummies","Apache, MySQL, and PHP Web Development All-in-One Desk Reference For Dummies",9.78076E+12,9.78076E+12
bn_340,B1005,,SQL for SQL Server / Edition 1,SQL for SQL Server,9.78013E+12,9.78013E+12
bn_1842,B1031,,Admin911 Sql Server 2000,Admin911: SQL Server 2000,9.78007E+12,9.78007E+12
bn_601,B1044,,Effective MySQL Backup and Recovery,Effective MySQL Backup and Recovery (Oracle Press),9.78007E+12,9.78007E+12
bn_66,B1055,,"Oracle Database 12c: Install, Configure &amp; Maintain Like a Professional","Oracle Database 12c Install, Configure & Maintain Like a Professional (Oracle Press)",9.78007E+12,9.78007E+12
bn_1218,B1062,,Pro SQL Server 2012 Reporting Services,Pro SQL Server 2012 Reporting Services (Expert's Voice in SQL Server),9.78143E+12,9.78143E+12
bn_1923,B1069,,The Holy Grail of Data Storage Management / Edition 1,The Holy Grail of Data Storage Management,9.78013E+12,9.78013E+12
bn_603,B1070,,Microsoft Access 2002 ? Illustrated Complete / Edition 1,Microsoft Access 2002  Illustrated Complete (Illustrated (Thompson Learning)),9.78062E+12,9.78062E+12
bn_1291,B1081,,Microsoft Office Access 2007 VBA [Business Solutions Series],Microsoft Office Access 2007 VBA,9.78079E+12,9.78079E+12
bn_1730,B1091,,Java Programming with Oracle JDBC,Java Programming with Oracle JDBC,9.7806E+12,9.7806E+12
bn_25,B1095,,"Professional ADO.NET 2: Programming with SQL Server 2005, Oracle, and MySQL","Professional ADO.NET 2: Programming with SQL Server 2005, Oracle, and MySQL",9.78076E+12,9.78076E+12
bn_341,B1105,,Oracle9i RAC: Oracle Real Application Clusters Configuration and Internals,Oracle9i RAC: Oracle Real Application Clusters Configuration and Internals (Oracle In-Focus series),9.78097E+12,9.78097E+12
bn_885,B1108,,"Keeping Up With Oracle Database 12c Multitenant - Book One: CDBs, PDBs and the Multitenant World","Keeping Up With Oracle Database 12c Multitenant  - Book One: CDBs, PDBs and the Multitenant World (Volume 1)",9.78151E+12,9.78151E+12
bn_880,B1111,,Machine Learning and Data Mining for Computer Security: Methods and Applications / Edition 1,Machine Learning and Data Mining for Computer Security: Methods and Applications (Advanced Information and Knowledge Processing),9.78185E+12,9.78185E+12
bn_2037,B1112,,Oracle 8 PL/SQL Black Book: The Oracle 8 Professional's Guide to PL/SQL Language Concepts,Oracle8 Pl/SQL Black Book,9.78158E+12,9.78158E+12
bn_1546,B1115,,Managing Data Mining: Advice from Experts,Managing Data Mining: Advice from Experts (IT Solutions series),9.78159E+12,9.78159E+12
bn_667,B1118,,Beginning Database Design: From Novice to Professional,Beginning Database Design: From Novice to Professional,9.78143E+12,9.78143E+12
bn_1874,B1129,,Alison Balter's Mastering Access 2002 Enterprise Development,Alison Balter's Mastering Access 2002 Enterprise Development,9.78067E+12,9.78067E+12
bn_252,B1145,,Developing with Couchbase Server,Developing with Couchbase Server,9.78145E+12,9.78145E+12
bn_817,B1154,,Access 97 Macro and VBA Handbook (Developer's Handbook Series),Access 97 Macro & VBA Handbook,9.78078E+12,9.78078E+12
bn_1870,B1162,,"Data Architecture: A Primer for the Data Scientist: Big Data, Data Warehouse and Data Vault","Data Architecture: A Primer for the Data Scientist: Big Data, Data Warehouse and Data Vault",9.78013E+12,9.78013E+12
bn_1854,B1171,,Mastering Business Analysis with Crystal Reports 9,Mastering Business Analysis with Crystal Reports 9 (Wordware Applications Library),9.78156E+12,9.78156E+12
bn_1303,B1174,,Oracle8 Backup and Recovery Handbook,Oracle8 Backup and Recovery Handbook,9.78008E+12,9.78008E+12
bn_711,B1187,,Beginning PHP and MySQL E-Commerce: From Novice to Professional / Edition 2,"Beginning PHP and MySQL E-Commerce: From Novice to Professional, Second Edition",9.78159E+12,9.78159E+12
bn_1297,B1193,,Programming in Clipper,Programming in Clipper: The Definitive Guide to the Clipper dBASE Compiler,9.7802E+12,9.7802E+12
bn_1396,B1196,,Microsoft Access 2000: Cheat Sheet,Microsoft Access 2000 MOUS Cheat Sheet (Cheat Sheet),9.78079E+12,9.78079E+12
bn_1954,B1212,,DB2 for OS/390 Development for Performance,DB2 for OS/390 Development for Performance,9.78097E+12,9.78097E+12
bn_907,B1222,,Inside Microsoft SQL Server 6.5,Inside Microsoft SQL Server 6.5 (Microsoft Programming Series),9.78157E+12,9.78157E+12
bn_41,B1235,,Apache Hadoop YARN: Moving beyond MapReduce and Batch Processing with Apache Hadoop 2,Apache Hadoop YARN: Moving beyond MapReduce and Batch Processing with Apache Hadoop 2 (Addison-Wesley Data & Analytics Series),9.78032E+12,9.78032E+12
bn_332,B1257,,Oracle Business Intelligence 11g Developers Guide / Edition 1,Oracle Business Intelligence 11g Developers Guide,9.78007E+12,9.78007E+12
bn_5,B1261,,Microsoft Access 97-Visual Basic Step by Step,Microsoft Access 97 Visual Basic Step by Step (Step by Step (Microsoft)),9.78157E+12,9.78157E+12
bn_1901,B1277,,"Problem-Solving Cases in Microsoft Access and Excel, Fourth Annual Edition / Edition 4","Problem-Solving Cases in Microsoft Access and Excel, Fourth Annual Edition",9.78142E+12,9.78142E+12
bn_1961,B1308,,Quick and Easy Guide to dBASE IV,Compute!'s Quick and Easy Guide to dBASE IV,9.78087E+12,9.78087E+12
bn_1907,B1316,,Microsoft Ado.Net Step by Step (Step By Step Series),Microsoft® ADO.NET Step by Step (Step by Step Developer),9.78074E+12,9.78074E+12
bn_1715,B1320,,Optimizing Oracle Performance,Optimizing Oracle Performance,9.7806E+12,9.7806E+12
bn_47,B1325,,Creating Access Applications,Creating Access Applications/Book and Disk,9.78157E+12,9.78157E+12
bn_1848,B1328,,Pro SQL Server 2005 Assemblies,Pro SQL Server 2005 Assemblies (Expert's Voice),9.78159E+12,9.78159E+12
bn_456,B1333,,Big Data Glossary,Big Data Glossary,9.78145E+12,9.78145E+12
bn_1659,B1335,,Oracle PL/SQL Best Practices,Oracle PL/SQL Best Practices,9.7806E+12,9.7806E+12
bn_21,B1347,,Discovering SQL: A Hands-On Guide for Beginners,Discovering SQL: A Hands-On Guide for Beginners,9.78112E+12,9.78112E+12
bn_134,B1348,,Managing & Using MySQL: Open Source SQL Databases for Managing Information & Web Sites,Managing and Using MySQL (2nd Edition),9.7806E+12,9.7806E+12
bn_853,B1353,,"The Organization of Reduction, Data Flow, and Control Flow Systems","The Organization of Reduction, Data Flow, and Control Flow Systems (Computer Systems)",9.78026E+12,9.78026E+12
bn_913,B1354,,Implementing Databases in Oracle 9i,Implementing Databases in Oracle 9i,9.78158E+12,9.78158E+12
bn_1027,B1355,,Oracle Applications Performance Tuning Handbook (Book/CD-ROM package),Oracle Applications Performance Tuning Handbook (Book/CD-ROM package),9.78007E+12,9.78007E+12
bn_1371,B1371,,Learn FileMaker Pro 5.5,Learn Filemaker Pro 5.5 (Wordware FileMaker Library),9.78156E+12,9.78156E+12
bn_2008,B1379,,Access Hacks,Access Hacks: Tips & Tools for Wrangling Your Data,9.7806E+12,9.7806E+12
bn_663,B1390,,Oracle Developer Forms Techniques,Oracle Developer Forms Techniques,9.78067E+12,9.78067E+12
bn_336,B1402,,Data Warehousing and Decision Support: The State of the Art,"Data Warehousing and Decision Support : The State of the Art, Volume 1",9.78157E+12,9.78157E+12
bn_119,B1407,,Oracle Desk Reference,Oracle Desk Reference,9.78013E+12,9.78013E+12
bn_773,B1413,,Principles of Data Mining / Edition 1,Principles of Data Mining (Undergraduate Topics in Computer Science),9.78185E+12,9.78185E+12
bn_1381,B1415,,Dba's Guide to Databases under Linux,DBA's Guide to Databases Under Linux,9.78193E+12,9.78193E+12
bn_877,B1429,,Sybase Systems Management,Sybase Systems Management,9.78013E+12,9.78013E+12
bn_2006,B1432,,DB2 For Dummies,DB2 for Windows For Dummies (For Dummies (Computers)),9.78076E+12,9.78076E+12
bn_1226,B1434,,Microsoft Access 2002,Microsoft Access 2002 - Illustrated Second Course (Illustrated Series. Second Course),9.78079E+12,
bn_1618,B1434,0,Microsoft Access,Microsoft Access 2002 - Illustrated Second Course (Illustrated Series. Second Course),9.78156E+12,
bn_376,B1440,,Teach Yourself VISUALLY Access 2002,"Teach Yourself VISUALLY Access 2002 (Visual Read Less, Learn More)",9.78076E+12,9.78076E+12
bn_1380,B1452,,Access Power Programming with VBA / Edition 1,AccessÂ 2003 Power Programming with VBA,9.78076E+12,9.78076E+12
bn_1556,B1476,,"DB2 Universal Database V6.1 for Unix, Windows and OS/2 Certification Guide / Edition 3","DB2 Universal Database V6.1 for Unix, Windows and OS/2  Certification Guide (3rd Edition)",9.78013E+12,9.78013E+12
bn_1984,B1482,,Mary Campbell's dBASE IV Handbook,MARY CAMPBELL'S DBASE IV HANDB (The Business productivity library),9.78055E+12,9.78055E+12
bn_1157,B1488,,Oracle Solid State Disk Tuning: High Performance Oracle Tuning with RAM Disk (Oracle in Focus Series),Oracle Solid State Disk Tuning: High Performance Oracle Tuning with RAM Disk,9.78097E+12,9.78097E+12
bn_1829,B1489,,"Oracle XSQL: Combining SQL, Oracle Text, XSLT, and Java to Publish Dynamic Web Content / Edition 1","Oracle XSQL: Combining SQL, Oracle Text, XSLT, and Java to Publish Dynamic Web Content",9.78047E+12,9.78047E+12
bn_497,B1493,,SQL in a Nutshell,SQL in a Nutshell (In a Nutshell (O'Reilly)),9.7806E+12,9.7806E+12
bn_1613,B1501,,Linux for the Oracle DBA: The Definitive Reference,Linux for the Oracle DBA: The Definitive Reference (Oracle In-Focus series) (Volume 40),9.78098E+12,9.78098E+12
bn_147,B1502,,Beginning Relational Data Modeling / Edition 2,"Beginning Relational Data Modeling, Second Edition",9.78159E+12,9.78159E+12
bn_264,B1505,,ASP .NET Programming with C# &amp; SQL Server / Edition 1,ASP .NET Programming with C# & SQL Server (Web Technologies),9.78142E+12,9.78142E+12
bn_1296,B1506,,"Using dBASE 4, 2.0 Special Edition",Using dBASE IV 2.0,9.78157E+12,9.78157E+12
bn_1781,B1512,,Mastering SQL,Mastering SQL,9.78078E+12,9.78078E+12
bn_448,B1515,,SQL desk Reference: For Microsoft SQL Server,Transact-SQL Desk Reference: For Microsoft SQL Server,9.78013E+12,9.78013E+12
bn_337,B1518,,Teach Yourself VISUALLY Access 2010,Teach Yourself Visually Access 2010,9.78047E+12,9.78047E+12
bn_1389,B1522,,Oracle Big Data Handbook,Oracle Big Data Handbook (Oracle Press),9.78007E+12,9.78007E+12
bn_394,B1524,,Applied Microsoft SQL Server 2008 Reporting Services,Applied Microsoft SQL Server 2008 Reporting Services,9.78098E+12,9.78098E+12
bn_183,B1528,,Data Fluency: Empowering Your Organization with Effective Data Communication,Data Fluency: Empowering Your Organization with Effective Data Communication,9.78112E+12,9.78112E+12
bn_1469,B1542,,Access 2000,"Access 2000 con CD-ROM: Dr. Max, en Espanol / Spanish (Dr. Max: Biblioteca Total de la Computacion) (Spanish Edition)",9.78969E+12,9.78969E+12
bn_276,B1559,0,Oracle PL/SQL Programming,"Oracle PL/SQL Programming: Covers Versions Through Oracle Database 11g Release 2 (Animal Guide) (Edition Fifth Edition) by Feuerstein, Steven, Pribyl, Bill [paperback(2009£©]",9.7806E+12,
bn_611,B1559,0,Oracle PL/SQL Programming,"Oracle PL/SQL Programming: Covers Versions Through Oracle Database 11g Release 2 (Animal Guide) (Edition Fifth Edition) by Feuerstein, Steven, Pribyl, Bill [paperback(2009£©]",9.78008E+12,
bn_749,B1559,0,Oracle PL/SQL,"Oracle PL/SQL Programming: Covers Versions Through Oracle Database 11g Release 2 (Animal Guide) (Edition Fifth Edition) by Feuerstein, Steven, Pribyl, Bill [paperback(2009£©]",9.78007E+12,
bn_322,B1578,,Multimedia Databases: An Object-Relational Approach / Edition 1,Multimedia Databases: An Object-Relational Approach,9.7802E+12,9.7802E+12
bn_1226,B1579,,Microsoft Access 2002,10 Minute Guide to Microsoft Access 2002,9.78079E+12,9.78079E+12
bn_550,B1582,,Sams Teach Yourself Microsoft Access 2000 in 10 Minutes,Sams Teach Yourself Microsoft Access 2000 in 10 Minutes,9.78067E+12,9.78067E+12
bn_1644,B1587,,Concepts of Database Management / Edition 6,Concepts of Database Management,9.78142E+12,9.78142E+12
bn_1886,B1588,,Inside Oracle Designer/2000,Inside Oracle Designer/2000 with CDROM (Oracle Press Series),9.78014E+12,9.78014E+12
bn_542,B1591,,Problem Solving Cases with Microsoft Access and Excel / Edition 6,Problem Solving Cases with Microsoft Access and Excel,9.78142E+12,9.78142E+12
bn_1226,B1610,0,Microsoft Access 2002,New Perspectives on Microsoft Access 2002 Brief,9.78079E+12,
bn_1618,B1610,0,Microsoft Access,New Perspectives on Microsoft Access 2002 Brief,9.78156E+12,
bn_765,B1616,,MS Access En Espanol/Spanish Para PyMEs,"MS Access Manual para PyMEs / SMEs: Compumagazine PyMEs, en Espanol / Spanish (Compumagazine; Coleccion de Libros & Manuales) (Spanish Edition)",9.78988E+12,9.78988E+12
bn_1996,B1630,,Microsoft Access 2 Quick and Easy,Microsoft Access 2 Quick & Easy,9.78078E+12,9.78078E+12
bn_594,B1634,0,Database Management,Modern Database Management,9.78007E+12,
bn_724,B1634,0,Database Management,Modern Database Management,9.78088E+12,
bn_1168,B1634,0,Modern Database Management &amp; Oracle 8i Software / Edition 5,Modern Database Management,9.78013E+12,
bn_863,B1638,,Oracle Web Application Programming for PL/SQL Developers,Oracle Web Application Programming for PL/SQL Developers,9.78013E+12,9.78013E+12
bn_2002,B1664,,Introduction to Oracle 9I: SQLV / Edition 1,Oracle9i: SQL (with an Introduction to PL/SQL),9.78062E+12,9.78062E+12
bn_1401,B1695,,Oracle WebDB Bible,Oracle WebDB Bible,9.78076E+12,9.78076E+12
bn_1468,B1705,,OCP Oracle Database 10g: New Features for Administrators Exam Guide / Edition 1,OCP Oracle Database 10g: New Features for Administrators Exam Guide (Oracle Press),9.78007E+12,9.78007E+12
bn_1682,B1706,,MySQL Workbench Data Modeling and Development,MySQL Workbench: Data Modeling & Development (Oracle Press),9.78007E+12,9.78007E+12
bn_2045,B1708,,dBASE IV 2.0 Programming,dBase IV 2.0 Programming,9.78083E+12,9.78083E+12
bn_1359,B1712,,Oracle Shell Scripting: Linux and UNIX Programming for Oracle,Oracle Shell Scripting: Linux and UNIX Programming for Oracle (Oracle In-Focus series) (Volume 26),9.78098E+12,9.78098E+12
bn_1679,B1720,,MacWorld Filemaker Pro 2.0-2.1 Bible,Filemaker Pro 2.0/2.1 Bible,9.78157E+12,9.78157E+12
bn_355,B1724,,SQL Functions: Programmer's Reference,SQL Functions Programmer's Reference (Programmer to Programmer),9.78076E+12,9.78076E+12
bn_8,B1734,,"New Perspectives on Microsoft Access 2010, Comprehensive","New Perspectives on Microsoft Access 2010, Comprehensive (New Perspectives Series: Individual Office Applications)",9.78054E+12,9.78054E+12
bn_1007,B1735,,PHP and MySQL (Video Training),PHP and MySQL LiveLessons (Video Training),9.78014E+12,9.78014E+12
bn_914,B1738,,The dBASE IV One-Point-One QuickStart,dBASE IV 1.1: Quickstart,9.78088E+12,9.78088E+12
bn_1041,B1741,,Access 2003: Your Visual Blue Print for Creating and Maintaining Real-World Databases,"Access 2003: Your visual blueprintfor creating and maintaining real-world databases (Visual Read Less, Learn More)",9.78076E+12,9.78076E+12
bn_1026,B1762,,Informix Universal Data Option,Informix Universal Data Option (Client/Server),9.78008E+12,9.78008E+12
bn_1811,B1770,,"Conceptual Modeling for E-Business and the Web: ER 2000 Workshops on Conceptual Modeling Approaches for E-Business and the World Wide Web and Conceptual Modeling, Salt Lake City, Utah, USA, October 9-12, 2000 Proceedings",Conceptual Modeling for E-Business and the Web: ER 2000 Workshops on Conceptual Modeling Approaches for E-Business and the World Wide Web and ... (Lecture Notes in Computer Science),9.78354E+12,9.78354E+12
bn_502,B1804,,Microsoft SQL Server 2012 Master Data Services 2E,Microsoft SQL Server 2012 Master Data Services 2/E,9.78007E+12,9.78007E+12
bn_77,B1805,,Microsoft Access 2013 Step By Step,Microsoft Access 2013 Step by Step,9.78074E+12,9.78074E+12
bn_839,B1811,,Oracle PL/SQL 101,Oracle PL/SQL 101,9.78007E+12,9.78007E+12
bn_85,B1821,,Learning SQL: A Step-By-Step Guide Using Oracle,Learning SQL: A Step-By-Step Guide Using Oracle,9.7802E+12,9.7802E+12
bn_1944,B1837,,Relational Database Design Clearly Explained / Edition 2,"Relational Database Design Clearly Explained, Second Edition (The Morgan Kaufmann Series in Data Management Systems)",9.78156E+12,9.78156E+12
bn_329,B1842,,Microsoft SQL Server 2005,Programming Microsoft  SQL Server 2005,9.78074E+12,9.78074E+12
bn_166,B1844,,"SAS/Warehouse Administrator Metadata API Reference,Release 1.3,First Edition","SAS/Warehouse Administrator(TM) Metadata API Reference, Release 1.3,",9.78158E+12,9.78158E+12
bn_98,B1845,,Easy Microsoft Access 2000,Easy Access 2000,9.78079E+12,9.78079E+12
bn_1136,B1848,,SQL: Practical Guide for Developers / Edition 1,SQL: Practical Guide for Developers (The Practical Guides),9.78012E+12,9.78012E+12
bn_1710,B1866,,Introduction to SQL: Mastering the Relational Database Language / Edition 4,Introduction to SQL: Mastering the Relational Database Language (4th Edition),9.78032E+12,9.78032E+12
bn_1400,B1867,,Index Structures for Data Warehouses / Edition 1,Index Structures for Data Warehouses,9.78354E+12,9.78354E+12
bn_1778,B1868,,Database Management Using Micrsoft Access,Database Management Using Microsoft Access,9.7807E+12,9.7807E+12
bn_1849,B1871,,Machine Learning in Python: Essential Techniques for Predictive Analysis,Machine Learning in Python: Essential Techniques for Predictive Analysis,9.78112E+12,9.78112E+12
bn_1696,B1877,,SQL For Dummies,SQL For Dummies,9.78112E+12,9.78112E+12
bn_1460,B1878,,FileMaker Pro 14: The Missing Manual,FileMaker Pro 14: The Missing Manual,9.78149E+12,9.78149E+12
bn_347,B1887,,High-Dimensional Indexing: Transformational Approaches to High-Dimensional Range and Similarity Searches,High-Dimensional Indexing: Transformational Approaches to High-Dimensional Range and Similarity Searches (Lecture Notes in Computer Science),9.78354E+12,9.78354E+12
bn_1423,B1916,,IBM Cognos TM1 The Official Guide,IBM Cognos TM1: The Official Guide,9.78007E+12,9.78007E+12
bn_1962,B1936,,SQL Design Patterns: Expert Guide to SQL Programming,SQL Design Patterns: Expert Guide to SQL Programming (IT In-Focus series) (Volume 4),9.78098E+12,9.78098E+12
bn_802,B1951,,Oracle8 Bible,Oracle8 Bible,9.78076E+12,9.78076E+12
bn_1019,B1952,,Harness the Power of Big Data The IBM Big Data Platform,Harness the Power of Big Data The IBM Big Data Platform,9.78007E+12,9.78007E+12
bn_1246,B1963,,Expert Cube Development with SQL Server Analysis Services 2012 Multidimensional Models,Expert Cube Development with SSAS Multidimensional Models,9.78185E+12,9.78185E+12
bn_1235,B1974,,Developing Client/Server Systems with Oracle Developer/2000,Developing Client/Server Applications With Oracle Developer/2000,9.78067E+12,9.78067E+12
bn_670,B1986,,Designing SQL Server 2000 Databases,Designing SQL Server 2000 Databases,9.78193E+12,9.78193E+12
bn_791,B1989,,Apache Cassandra Hands-On Training Level One,Apache Cassandra Hands-On Training Level One,9.7815E+12,9.7815E+12
bn_1794,B1992,,Oracle8 For Dummies,Oracle8 For Dummies (For Dummies (Computers)),9.78076E+12,9.78076E+12
bn_751,B1993,,Oracle 11G: SQL (Book Only) / Edition 2,Oracle 11G: SQL (Book Only),9.78131E+12,9.78131E+12
bn_848,B1994,,Scaling MongoDB,Scaling MongoDB,9.78145E+12,9.78145E+12
bn_1198,B2001,,Oracle PL/SQL Language Pocket Reference,Oracle PL/SQL Language Pocket Reference (Pocket Reference (O'Reilly)),9.7806E+12,9.7806E+12
bn_1905,B2026,,Oracle Backup and Recovery Handbook,Oracle Backup & Recovery Handbook (Oracle Series),9.78008E+12,9.78008E+12
bn_595,B2038,,Introduction to Oracle 10g / Edition 1,Introduction to Oracle 10g,9.78013E+12,9.78013E+12
bn_1588,B2040,,The dBASE Macintosh Power,dBASE Mac: Advanced Techniques and Applications,9.78055E+12,9.78055E+12
bn_170,B2049,,The Definitive DataWindow: Your Key to PowerBuilder Success,The Definitive DataWindow: Your Key to  PowerBuilder Success,9.7802E+12,9.7802E+12
bn_301,B2051,,Oracle Troubleshooting: The Ultimate Guide for Preventive Maintenance and Oracle Problem Solving,Oracle Troubleshooting,9.78008E+12,9.78008E+12
bn_1231,B2065,,SQL Server 2000 Backup and Recovery,SQL Server 2000 Backup and Recovery,9.78007E+12,9.78007E+12
bn_544,B2079,,Head First SQL: Your Brain on SQL -- A Learner's Guide,Head First SQL: Your Brain on SQL -- A Learner's Guide,9.7806E+12,9.7806E+12
bn_1707,B2083,,Microsoft Office Access 2003 QuickSteps,Microsoft Office Access 2003 QuickSteps,9.78007E+12,9.78007E+12
bn_960,B2089,,Oracle Exadata Survival Guide,Oracle Exadata Survival Guide (Expert's Voice in Oracle),9.78143E+12,9.78143E+12
bn_1072,B2091,,Expert MySQL,Expert MySQL (Expert's Voice in Databases),9.78143E+12,9.78143E+12
bn_208,B2106,,Oracle DBA Automation Scripts,Oracle DBA Automation Scripts,9.78067E+12,9.78067E+12
bn_1103,B2107,,Learn FileMaker Pro 7,Learn FileMaker Pro 7 (Wordware Library for FileMaker),9.78156E+12,9.78156E+12
bn_1965,B2127,,Jump Start MySQL,Jump Start MySQL,9.78099E+12,9.78099E+12
bn_1757,B2134,,Microsoft Data Mining,Microsoft Data Mining: Integrated Business Intelligence for e-Commerce and Knowledge Management,9.78156E+12,9.78156E+12
bn_517,B2139,,Tuning Oracle,Tuning Oracle (Oracle Series),9.78008E+12,9.78008E+12
bn_1892,B2155,,The DB2 Universal DRDA Certification Guide,"DB2 Universal DRDA Certification Guide, The",9.78013E+12,9.78013E+12
bn_614,B2163,,Data Strategy / Edition 1,Data Strategy,9.78032E+12,9.78032E+12
bn_499,B2167,,Access 2 Developers Guide,Access 2 Developer's Guide/Book and Disk,9.78067E+12,9.78067E+12
bn_1062,B2170,,XML and SQL: Developing Web Applications / Edition 1,XML and SQL: Developing Web Applications,9.7802E+12,9.7802E+12
bn_471,B2173,,Cost-Based Oracle Fundamentals / Edition 1,Cost-Based Oracle Fundamentals (Expert's Voice in Oracle),9.78159E+12,9.78159E+12
bn_598,B2179,,Microsoft Access 2.0: LTU Windows Applications / Edition 1,Learning to Use Windows Applications (Shelly Cashman Series),9.78088E+12,9.78088E+12
bn_1298,B2181,,Informix On-Line Performance Tuning,Informix On-Line Performance Tuning (Informix Series),9.78013E+12,9.78013E+12
bn_1652,B2189,,How to Do Everything with PHP &amp; MySQL / Edition 1,How to Do Everything with PHP and MySQL,9.78007E+12,9.78007E+12
bn_935,B2196,,Mastering Oracle8i,Mastering Oracle8i,9.78078E+12,9.78078E+12
bn_1409,B2197,,Everyday Oracle DBA,Everyday Oracle DBA (Osborne ORACLE Press Series),9.78007E+12,9.78007E+12
bn_1280,B2204,,FileMaker Pro 5 Bible,FileMakerÂ Pro 5 Bible,9.78076E+12,9.78076E+12
bn_2047,B2206,,Bad Data Handbook: Cleaning Up The Data So You Can Get Back To Work,Bad Data Handbook: Cleaning Up The Data So You Can Get Back To Work,9.78145E+12,9.78145E+12
bn_1843,B2210,,MySQL in a Nutshell,MySQL in a Nutshell (In a Nutshell (O'Reilly)),9.7806E+12,9.7806E+12
bn_1129,B2219,,Oracle8i for Windows NT Starter Kit,Oracle8I for Windows Nt Starter Kit (Oracle Press Series),9.78007E+12,9.78007E+12
bn_1150,B2228,,Microsoft Access 2010 Step by Step,Microsoft Access 2010 Step by Step,9.78074E+12,9.78074E+12
bn_491,B2234,,Microsoft Access 2002 Visual Basic for Applications Step by Step,Microsoft Access 2002 Visual Basic for Applications Step by Step (Step by Step (Microsoft)),9.78074E+12,9.78074E+12
bn_1474,B2254,,dBASE 5 for Windows Quick and Easy,dBASE 5 for Windows Quick and Easy,9.78078E+12,9.78078E+12
bn_462,B2255,,Dynamic Web Application Development Using PHP and MySQL / Edition 1,Dynamic Web Application Development Using PHP and MySQL,9.78184E+12,9.78184E+12
bn_875,B2262,,Easy Access for Version X for Windows,Easy Access 2 for Windows,9.78157E+12,9.78157E+12
bn_278,B2269,,Building the Operational Data Store,"Building the Operational Data Store, 2nd Edition",9.78047E+12,9.78047E+12
bn_1047,B2275,,Sql Server 2000 Web Application Developer's Guide,SQL Server 2000 Web Application Developer's Guide,9.78007E+12,9.78007E+12
bn_455,B2278,,Learning Oracle PL/SQL,Learning Oracle PL/SQL,9.7806E+12,9.7806E+12
bn_1618,B2288,0,Microsoft Access,Microsoft Access 2010 Plain & Simple,9.78156E+12,
bn_753,B2292,,Efficient Software Development with DB2 for OS/390: Organizational and Technical Measures for Performance Optimization / Edition 2,Efficient Software Development with DB2 for OS/390: Organizational and Technical Measures for Performance Optimization,9.78353E+12,9.78353E+12
bn_1534,B2302,,Microsoft Access 2.0 how-to CD,Microsoft Access 2.0 How-To Cd,9.78188E+12,9.78188E+12
bn_586,B2304,,Oracle DBA Backup and Recovery Quick Reference,Oracle DBA Backup and Recovery Quick Reference (Prentice Hall PTR Oracle Series),9.78013E+12,9.78013E+12
bn_1074,B2307,,Effective Oracle by Design / Edition 1,Effective Oracle by Design (Osborne ORACLE Press Series),9.78007E+12,9.78007E+12
bn_72,B2312,,Access VBA Programming / Edition 1,Access VBA Programming,9.78007E+12,9.78007E+12
bn_202,B2313,,PostgreSQL: Introduction and Concepts / Edition 1,PostgreSQL: Introduction and Concepts,9.7802E+12,9.7802E+12
bn_1896,B2317,,Beginner's Guide to Access 2.0,The Beginners Guide to Access 2.0 Wrox Development,9.78187E+12,9.78187E+12
bn_1809,B2319,,Professional SQL Server Development with Access 2000 / Edition 1,Professional SQL Server Development with Access 2000,9.78186E+12,9.78186E+12
bn_1166,B2326,,A Developer's Guide to Data Modeling for SQL Server: Covering SQL Server 2005 and 2008 (Addison-Wesley Microsoft Technology Series),A Developer's Guide to Data Modeling for SQL Server: Covering SQL Server 2005 and 2008,9.78032E+12,9.78032E+12
bn_1308,B2329,,Oracle Sql Loader,Oracle SQL*Loader: The Definitive Guide,9.78157E+12,9.78157E+12
bn_985,B2335,,"JDBC API Tutorial and Reference, Second Edition: Universal Data Access for the Java 2 Platform / Edition 2",JDBC(TM) API Tutorial and Reference: Universal Data Access for the Java(TM) 2 Platform (2nd Edition),9.7802E+12,9.7802E+12
bn_242,B2344,,DB2 Udb Evaluation Guide for Linux and Windows,DB2 Udb Evaluation Guide for Linux and Windows,9.78074E+12,9.78074E+12
bn_800,B2357,,An Extended Entity-Relationship Model: Fundamentals and Pragmatics,An Extended Entity-Relationship Model: Fundamentals and Pragmatics (Lecture Notes in Computer Science),9.78039E+12,9.78039E+12
bn_14,B2375,,Guide to Oracle9i / Edition 4,Guide to Oracle9i,9.78062E+12,9.78062E+12
bn_1088,B2376,,The DB2 Cluster Certification Guide,"DB2 Cluster Certification Guide, The",9.78013E+12,9.78013E+12
bn_196,B2382,,Access 2003 VBA: Programmer's Reference,Access 2003 VBA Programmer's Reference,9.78076E+12,9.78076E+12
bn_1461,B2386,,Expert Oracle RAC Performance Diagnostics and Tuning,Expert Oracle RAC Performance Diagnostics and Tuning,9.78143E+12,9.78143E+12
bn_1462,B2409,,High-Performance Oracle: Proven Methods for Achieving Optimum Performance and Availability / Edition 1,High-Performance Oracle: Proven Methods for Achieving Optimum Performance and Availability,9.78047E+12,9.78047E+12
bn_1144,B2412,,Oracle9i New Features,Oracle9i New Features,9.78007E+12,9.78007E+12
bn_105,B2414,,PHP and MySQL For Dummies,"PHP & MySQL For Dummies, 4th Edition",9.78047E+12,9.78047E+12
bn_1686,B2418,,Microsoft SQL Server 2005 Developer's Guide,Microsoft SQL Server 2005 Developer's Guide,9.78007E+12,9.78007E+12
bn_1646,B2421,,Advanced SQL:1999: Understanding Object-Relational and Other Advanced Features,Advanced SQL:1999: Understanding Object-Relational and Other Advanced Features (The Morgan Kaufmann Series in Data Management Systems),9.78156E+12,9.78156E+12
bn_1112,B2424,,Introduction to Database Systems / Edition 8,An Introduction to Database Systems (8th Edition),9.78032E+12,9.78032E+12
bn_308,B2436,,Life Science Data Mining,"LIFE SCIENCE DATA MINING (Science, Engineering, and Biology Informatics)",9.78981E+12,9.78981E+12
bn_1618,B2443,0,Microsoft Access,Microsoft Access 2010 Inside Out,9.78156E+12,
bn_972,B2448,,Practical PHP and MySQL: Building Eight Dynamic Web Applications,Practical PHP and MySQL: Building Eight Dynamic Web Applications,9.78013E+12,9.78013E+12
bn_1653,B2455,,Access for Windows 95 for Dummies,Access For Windows 95 For Dummies,9.78157E+12,9.78157E+12
bn_1933,B2459,,Microsoft SQL Server 2012 Reporting Services,Microsoft SQL Server 2012 Reporting Services (Developer Reference),9.78074E+12,9.78074E+12
bn_267,B2468,,SQL Server and Power Pivot - Tabular Modeling Cookbook,Microsoft Tabular Modeling Cookbook,9.78178E+12,9.78178E+12
bn_1860,B2491,,dBASE II for the Programmer: A How-To-Do-It Book,dBASE II for the Programmer: A How-To-Do-It Book,9.78067E+12,9.78067E+12
bn_192,B2495,,Access 2010 Bible,Access 2010 Bible,9.78047E+12,9.78047E+12
bn_1856,B2496,,Beyond Big Data: Using Social MDM to Drive Deep Customer Insight,Beyond Big Data: Using Social MDM to Drive Deep Customer Insight (IBM Press),9.78013E+12,9.78013E+12
bn_744,B2527,,Understanding dBase III,Understanding dBASE III,9.7809E+12,9.7809E+12
bn_228,B2531,,Microsoft SQL Server 6.5 DBA Survival Guide,Microsoft SQL Server 6.5 Dba Survival Guide,9.78067E+12,9.78067E+12
bn_1309,B2535,,Oracle: A Beginner's Guide,Oracle: A Beginner's Guide,9.78008E+12,9.78008E+12
bn_1618,B2554,0,Microsoft Access,Microsoft Access: Building Applications,9.78156E+12,
bn_1485,B2573,,Professional SQL Server 2012 Internals and Troubleshooting,Professional SQL Server 2012 Internals and Troubleshooting,9.78112E+12,9.78112E+12
bn_1376,B2577,,The Data Warehouse Lifecycle Toolkit / Edition 2,The Data Warehouse Lifecycle Toolkit,9.78047E+12,9.78047E+12
bn_1934,B2578,,Microsoft SQL Server 2000 Unleashed,Microsoft SQL Server 2000 Unleashed,9.78067E+12,9.78067E+12
bn_118,B2585,,Access 97 Developer&#039;s Handbook / Edition 3,Access 97 Developers Handbook,9.78078E+12,9.78078E+12
bn_246,B2588,,Access 97: Projects for Microsoft,Access 97: Projects for Microsoft (Select Plus Series),9.7802E+12,9.7802E+12
bn_469,B2593,,"MySQL, Third Edition / Edition 3",MySQL (3rd Edition),9.78067E+12,9.78067E+12
bn_810,B2594,,Essential Access,Essential Access 95 (Essential Series),9.78067E+12,9.78067E+12
bn_1279,B2597,,Access 2002 Desktop Developer's Handbook,Access 2002 Desktop Developer's Handbook,9.78078E+12,9.78078E+12
bn_1364,B2603,,Microsoft SQL Server 2005 Unleashed,Microsoft SQL Server 2005 Unleashed,9.78067E+12,9.78067E+12
bn_1610,B2604,,Data Mashups With R,Data Mashups in R,9.78145E+12,9.78145E+12
bn_1793,B2606,,Mastering Phpmyadmin 3.3.X For Effective Mysql Management,Mastering phpMyAdmin 3.3.x for Effective MySQL Management,9.78185E+12,9.78185E+12
bn_62,B2616,,Oracle DBA 101,Oracle DBA 101,9.78007E+12,9.78007E+12
bn_459,B2618,,DBASE III Plus Made Easy,dBASE III Plus Made Easy,9.78008E+12,9.78008E+12
bn_400,B2633,,SQL: The Complete Reference,SQL: The Complete Reference,9.78007E+12,9.78007E+12
bn_2003,B2643,,Oracle9i RMAN Backup &amp; Recovery / Edition 1,Oracle9i RMAN Backup & Recovery,9.78007E+12,9.78007E+12
bn_1450,B2647,,Oracle8 Tuning,Oracle8 Tuning (Oracle Press Series),9.78008E+12,9.78008E+12
bn_1242,B2661,,DB2/400 Design Concepts: Referential Integrity and Triggers,DB2/400 Design Concepts: Referential Integrity and Triggers,9.78188E+12,9.78188E+12
bn_1593,B2671,,Pro Spatial with SQL Server 2012,Pro Spatial with SQL Server 2012 (Expert's Voice in Databases),9.78143E+12,9.78143E+12
bn_65,B2693,,Test-Driven Database Development: Unlocking Agility,Test-Driven Database Development: Unlocking Agility (Net Objectives Lean-Agile Series),9.78032E+12,9.78032E+12
bn_978,B2703,,Using R to Unlock the Value of Big Data: Big Data Analytics with Oracle R Enterprise and Oracle R Connector for Hadoop,Using R to Unlock the Value of Big Data: Big Data Analytics with Oracle R Enterprise and Oracle R Connector for Hadoop,9.78007E+12,9.78007E+12
bn_899,B2707,,dBASE IV Programmer's Reference Guide,dBASE IV: Programmer's Reference Guide (Database Performance Library),9.78067E+12,9.78067E+12
bn_96,B2735,,Beginning SQL,Beginning SQL,9.78076E+12,9.78076E+12
bn_1627,B2736,,"Oracle Replication: Snapshot, Multi-master and Materialized Views Scripts",Oracle Replication: Expert Methods for Robust Data Sharing (Oracle In-Focus series),9.78097E+12,9.78097E+12
bn_643,B2756,,Crash Course in dBASE for Windows Programming,Crash Course in dBASE 5. 0 for Windows Programming,9.78157E+12,9.78157E+12
bn_1407,B2758,,Essential SQLAlchemy,Essential SQLAlchemy,9.7806E+12,9.7806E+12
bn_599,B2797,,Oracle JDeveloper 10g for Forms &amp; PL/SQL Developers: A Guide to Web Development with Oracle ADF / Edition 1,Oracle JDeveloper 10g for Forms & PL/SQL Developers: A Guide to Web Development with Oracle ADF (Oracle Press),9.78007E+12,9.78007E+12
bn_1580,B2808,,MySQL: Building User Interfaces,MySQL: Building User Interfaces (Landmark),9.78074E+12,9.78074E+12
bn_1631,B2812,,"SQL Server 2000 Stored Procedure & XML Programming, Second Edition","SQL Server 2000 Stored Procedure & XML Programming, Second Edition",9.78007E+12,9.78007E+12
bn_1579,B2813,,Personal Oracle Real Application Clusters: Create Oracle 10g Grid Computing At-Home,Personal Oracle Real Application Clusters: Create Oracle 10g Grid Computing at-home (Oracle In-Focus series),9.78098E+12,9.78098E+12
bn_1949,B2815,,Mastering SQL Server 2008,Mastering SQL Server 2008,9.78047E+12,9.78047E+12
bn_195,B2819,,Crystal Reports 2008: The Complete Reference,Crystal Reports 2008: The Complete Reference (Osborne Complete Reference Series),9.78007E+12,9.78007E+12
bn_1135,B2830,,Access 2002 For Dummies Quick Reference,Access 2002 For Dummies Quick Reference,9.78076E+12,9.78076E+12
bn_390,B2831,,Oracle Database 12c Security,Oracle Database 12c Security,9.78007E+12,9.78007E+12
bn_126,B2843,,Oracle Discoverer 10g Handbook / Edition 1,Oracle Discoverer 10g Handbook (Oracle (McGraw-Hill)),9.78007E+12,9.78007E+12
bn_964,B2845,,MySQL Phrasebook,MySQL Phrasebook,9.78067E+12,9.78067E+12
bn_1426,B2846,,"The Windows Workshop: Access for Windows, Version 2.0",Access 2.0 for Windows (Windows Workshop),9.78053E+12,9.78053E+12
bn_642,B2851,,Oracle Database 10g New Features,Oracle Database 10g New Features (Osborne ORACLE Press Series),9.78007E+12,9.78007E+12
bn_1875,B2853,,Interactive Data Visualization for the Web,Interactive Data Visualization for the Web,9.78145E+12,9.78145E+12
bn_46,B2876,,Data Mining with Microsoft SQL Server 2008 / Edition 1,Data Mining with Microsoft SQL Server 2008,9.78047E+12,9.78047E+12
bn_1694,B2888,,"Oracle Privacy Security Auditing: Includes Federal Law Compliance with HIPAA, Sarbanes-Oxley & The Gramm-Leach-Bliley Act GLB","Oracle Privacy Security Auditing: Includes Federal Law Compliance with HIPAA, Sarbanes Oxley & The Gramm Leach Bliley Act GLB (Oracle In-Focus series)",9.78097E+12,9.78097E+12
bn_820,B2891,,Sams Teach Yourself Oracle 8 in 21 Days,Teach Yourself Oracle8 in 21 Days (Sams Teach Yourself...),9.78067E+12,9.78067E+12
bn_1179,B2916,,Knowledge-Intensive Subgroup Mining: Techniques for Automatic and Interactive Discovery - Volume 307 Dissertations in Artificial Intelligence ¿ Infix,Knowledge-Intensive Subgroup Mining: Techniques for Automatic and Interactive Discovery - Volume 307 Dissertations in Artificial Intelligence - Infix (Diski-Dissertations in Artificial Intelligence),9.78159E+12,9.78159E+12
bn_1207,B2920,,Microsoft Access 2000 Step by Step,Microsoft® Access 2000 Step by Step,9.78157E+12,9.78157E+12
bn_1661,B2933,,Interactive Computing Series: Microsoft Access 2000 Brief Edition,Interactive Computing Series:  Microsoft Access 2000 Brief Edition,9.78007E+12,9.78007E+12
bn_1585,B2942,,JavaScript and jQuery for Data Analysis and Visualization,JavaScript and jQuery for Data Analysis and Visualization,9.78112E+12,9.78112E+12
bn_1666,B2945,,Introduction to DB2 Programming,Introduction to DB2 Programming (Computing That Works),9.78007E+12,9.78007E+12
bn_2048,B2956,,From Access to SQL Server / Edition 1,From Access to SQL Server,9.78189E+12,9.78189E+12
bn_210,B2964,,Mastering Data Warehouse Design: Relational and Dimensional Techniques / Edition 1,Mastering Data Warehouse Design: Relational and Dimensional Techniques,9.78047E+12,9.78047E+12
bn_1184,B2965,,Building Access 2 Applications: Using Point-and-Click Programming,Building Access 2 Applications: Using Point-and-Click Programming,9.78047E+12,9.78047E+12
bn_494,B2970,,Getting Started with CouchDB,Getting Started with CouchDB,9.78145E+12,9.78145E+12
bn_1045,B2976,,dBASE IV Power Tools,DBASE IV POWER TOOLS (The Business Productivity Library),9.78055E+12,9.78055E+12
bn_1253,B2977,,Oracle 10G Programming: A Primer / Edition 2,Oracle 10g Programming: A Primer,9.78032E+12,9.78032E+12
bn_1448,B2985,,Microsoft SQL Server 2008 R2 Analytics & Data Visualization,Microsoft® SQL Server 2008 R2 Analytics & Data Visualization,9.78007E+12,9.78007E+12
bn_1148,B2994,,SQL Tuning,SQL Tuning,9.7806E+12,9.7806E+12
bn_1482,B2998,,Microsoft Office Access 2007: Illustrated Introductory / Edition 1,Microsoft Office Access 2007: Illustrated Introductory (Available Titles Skills Assessment Manager (SAM) - Office 2007),9.78142E+12,9.78142E+12
bn_2053,B1809,,Using SYBASE SQL Anywhere: Developer's Guide,Official Sybase SQL Anywhere Developer's Guide,9.78185E+12,9.78185E+12
bn_2070,B1544,,Oracle CRM On Demand Combined Analyses,Oracle CRM On Demand Combined Analyses (Oracle Press),9.78007E+12,9.78007E+12
bn_2073,B165,,Access 2000 for Busy People,Access 2000 for Busy People,9.78007E+12,9.78007E+12
bn_2102,B1128,,Text Mining Application Programming / Edition 1,Text Mining Application Programming (Charles River Media Programming),9.78158E+12,9.78158E+12
bn_2106,B1401,,Data Warehousing 101: Concepts and Implementation,Data Warehousing 101: Concepts and Implementation,9.7806E+12,9.7806E+12
bn_2125,B1285,,Microsoft Access 2010 VBA Programming Inside Out,Microsoft Access 2010 VBA Programming Inside Out,9.78074E+12,9.78074E+12
bn_2126,B1447,,"Research Issues in Structured and Semistructured Database Programming: 7th International Workshop on Database Programming Languages, DBPL'99 Kinloch Rannoch, UK, September 1-3, 1999 Revised Papers","Research Issues in Structured and Semistructured Database Programming: 7th International Workshop on Database Programming Languages, DBPL'99 Kinloch ... Papers (Lecture Notes in Computer Science)",9.78354E+12,9.78354E+12
bn_2132,B195,,Microsoft Access 97: Blue Ribbon Edition,Microsoft Access 97: Blue Ribbon Edition,9.7802E+12,9.7802E+12
bn_2133,B549,,Teach Yourself FileMaker Pro,Teach Yourself...Filemaker Pro for the Mac (Teach Yourself Visually),9.78156E+12,9.78156E+12
bn_2144,B1385,,Oracle SQL Recipes: A Problem-Solution Approach / Edition 1,Oracle SQL Recipes: A Problem-Solution Approach (Expert's Voice in Oracle),9.78143E+12,9.78143E+12
bn_2160,B1454,,Object-Relational Database Development : A Plumber&#039;s Guide / Edition 1,Object-Relational Database Development: A Plumber's Guide (With CD-ROM),9.78013E+12,9.78013E+12
bn_2162,B953,,The ABCs of Microsoft Access,The ABC's of Microsoft Access,9.78078E+12,9.78078E+12
bn_2167,B439,,Oracle8 Architecture,Oracle8 Architecture,9.78008E+12,9.78008E+12
bn_2168,B1988,,Data Science for Business: What you need to know about data mining and data-analytic thinking,Data Science for Business: What you need to know about data mining and data-analytic thinking,9.78145E+12,9.78145E+12
bn_2171,B468,,The Definitive Guide to MongoDB: A complete guide to dealing with Big Data using MongoDB,The Definitive Guide to MongoDB: A complete guide to dealing with Big Data using MongoDB (Expert's Voice in Open Source),9.78143E+12,9.78143E+12
bn_2172,B382,,Sams Teach Yourself MySQL in 10 Minutes,Sams Teach Yourself MySQL in 10 Minutes,9.78067E+12,9.78067E+12
bn_2177,B267,0,Database Management Systems,Worldwide Relational Database Management Systems 2008-2012 Forecast: Effects of the Economic Crisis,9.78184E+12,
bn_2179,B592,,Oracle8 DBA Handbook,Oracle8 DBA Handbook,9.78008E+12,9.78008E+12
bn_2192,B857,,The Art and Science of Analyzing Software Data,The Art and Science of Analyzing Software Data,9.78012E+12,9.78012E+12
bn_2222,B1445,,"Metadata Solutions: Using Metamodels, Repositories, XML, and Enterprise Portals to Generate Information on Demand","Metadata Solutions: Using Metamodels, Repositories, XML, and Enterprise Portals to Generate Information on Demand",9.7802E+12,9.7802E+12
bn_2224,B1691,,Access 97-2000: Development Outside VBA with CDR,Access 97-2000: Development Outside BVA with CDR (Wordware Database Library),9.78156E+12,9.78156E+12
bn_2231,B13,,Implementing SAP ERP Sales &amp; Distribution / Edition 1,Implementing SAP ERP Sales & Distribution,9.78007E+12,9.78007E+12
bn_2265,B49,,SQL Built-In Functions and Stored Procedures: The i5/iSeries Programmer's Guide,SQL Built-In Functions and Stored Procedures: The i5/iSeries Programmer's Guide,9.78158E+12,9.78158E+12
bn_2267,B171,,"Professional LAMP: Linux, Apache, MySQL and PHP5 Web Development","Professional LAMP: Linux, Apache, MySQL and PHP5 Web Development",9.78076E+12,9.78076E+12
bn_2271,B505,,"Data Analysis in the Cloud: Models, Techniques and Applications","Data Analysis in the Cloud: Models, Techniques and Applications (Computer Science Reviews and Trends)",9.78013E+12,9.78013E+12
bn_2281,B564,,Microsoft SQL Server 2012 Internals,Microsoft SQL Server 2012 Internals (Developer Reference),9.78074E+12,9.78074E+12
bn_2288,B232,,DB2 Universal Database v7.1: Application Development Certification Guide,DB2 Universal Database v7.1: Application Development Certification Guide,9.78013E+12,9.78013E+12
bn_2305,B1576,,Pro Oracle Application Express / Edition 1,Pro Oracle Application Express (Expert's Voice in Oracle),9.78159E+12,9.78159E+12
bn_2321,B483,,Joe Celko's Analytics and OLAP in SQL,Joe Celko's Analytics and OLAP in SQL (The Morgan Kaufmann Series in Data Management Systems),9.78012E+12,9.78012E+12
bn_2335,B1617,,Oracle and UNIX Performance Tuning with Cdrom,Oracle and UNIX Performance Tuning with CDROM,9.78014E+12,9.78014E+12
bn_2341,B156,,Help! Microsoft Access,Help! Microsoft Access/Book and Disk,9.78156E+12,9.78156E+12
bn_2345,B1147,,FileMaker Pro 2.0 for Macintosh: A Practical Handbook for Designing Sophisticated Databases,FileMaker Pro 2.0 for Macintosh: A Practical Handbook for Designing Sophisticated Databases,9.7802E+12,9.7802E+12
bn_2353,B1477,,MacIntosh Bible Guide to FileMaker Pro 2.0,The Macintosh Bible Guide to FileMaker Pro: All You Need to Know to Manage Your Files Quickly and Efficiently,9.78094E+12,9.78094E+12
bn_2355,B1689,,"Microsoft Access for Windows 95, with CD-ROM (Mastering)",Mastering Microsoft Access for Windows 95,9.78078E+12,9.78078E+12
bn_2357,B696,,Sams Teach Yourself SQL in 24 Hours,Sams Teach Yourself SQL in 24 Hours (5th Edition),9.78067E+12,9.78067E+12
bn_2359,B364,,Oracle Database Performance Tuning Inter,"Oracle Database Performance Tuning Interview Questions, Answers and Explanations: Oracle Performance Tuning Certification Review",9.78193E+12,9.78193E+12
bn_2364,B1861,,Oracle Enterprise Manager 12c Command-Line Interface,Oracle Enterprise Manager 12c Command-Line Interface,9.78148E+12,9.78148E+12
bn_2366,B1778,,A Guide to MySQL / Edition 1,A Guide to MySQL (Available Titles Skills Assessment Manager (SAM) - Office 2010),9.78142E+12,9.78142E+12
bn_2389,B180,,Microsoft Office: Access 2003 Professional Results,Microsoft Office Access 2003 Professional Results,9.78007E+12,9.78007E+12
bn_2392,B1545,,Murach&#039;s PHP and MySQL,Murach's PHP and MySQL (Murach: Training & Reference),9.78189E+12,9.78189E+12
bn_2393,B129,,Oracle 11g R1/R2 Real Application Clusters Essentials,Oracle 11g R1/R2 Real Application Clusters Essentials,9.78185E+12,9.78185E+12
bn_2400,B1061,,"PHP and MySQL Web Development, Second Edition","PHP and MySQL Web Development, Second Edition",9.78067E+12,9.78067E+12
bn_2411,B1009,,Access 2000 VBA Handbook,Access 2000 VBA Handbook,9.78078E+12,9.78078E+12
bn_2415,B162,,Oracle9ias Building J2ee(Tm) Applications With Cdrom,Oracle9iAS Building J2EE(tm) Applications,9.78007E+12,9.78007E+12
bn_2416,B1700,,The Linux Databases,The Linux Database (Mis Press Slackware Series),9.78156E+12,9.78156E+12
bn_2417,B905,,DBASE IV Developers Ref GDE,dBase IV Developer's Reference Guide,9.78156E+12,9.78156E+12
bn_2428,B135,,"New Perspectives on Microsoft Access 2013, Introductory","New Perspectives on Microsoft Access 2013, Introductory",9.78129E+12,9.78129E+12
bn_2430,B1459,,Investigative Data Mining For Security And Criminal Detection / Edition 1,Investigative Data Mining for Security and Criminal Detection,9.78075E+12,9.78075E+12
bn_2451,B1523,,"DB2 11: The Ultimate Database for Cloud, Analytics & Mobile","DB2 11: The Ultimate Database for Cloud, Analytics & Mobile",9.78158E+12,9.78158E+12
bn_2478,B785,,Oracle Performance Tuning,Oracle Performance Tuning,9.78157E+12,
bn_2479,B19,,Data Mining with SQL Server 2005,Data Mining with SQL Server 2005,9.78047E+12,9.78047E+12
bn_2491,B531,,"Conceptual Modeling - ER 2001: 20th International Conference on Conceptual Modeling, Yokohama, Japan, November 27-30, 2001, Proceedings",Conceptual Modeling ER 2001,9.78354E+12,9.78354E+12
bn_2493,B652,,Oracle8i Tuning and Administration: The Essential Reference,Oracle8i Tuning and Administration: The Essential Reference,9.7802E+12,9.7802E+12
bn_2503,B1294,,Oracle Enterprise Manager Cloud Control 12c: Managing Data Center Chaos,Oracle Enterprise Manager Cloud Control 12c: Managing Data Center Chaos,9.78185E+12,9.78185E+12
bn_2525,B1475,,The Microsoft Data Warehouse Toolkit: With SQL Server 2008 R2 and the Microsoft Business Intelligence Toolset / Edition 2,The Microsoft Data Warehouse Toolkit: With SQL Server 2008 R2 and the Microsoft Business Intelligence Toolset,9.78047E+12,9.78047E+12
bn_2528,B1722,,Access 2003 Programming Weekend Crash Course,Access 2003 Programming Weekend Crash Course,9.78076E+12,9.78076E+12
bn_2552,B629,,Oracle8i: A Beginner's Guide,Oracle8i: A Beginner's Guide,9.78007E+12,9.78007E+12
bn_2559,B628,,SQL Server Developer's Guide to Olap with Analysis Services (Developer's Handbook Series),SQL Server Developer's Guide to OLAP with Analysis Services,9.78078E+12,9.78078E+12
bn_2561,B1199,,Expert Access 2007 Programming,Expert Access 2007 Programming,9.78047E+12,9.78047E+12
bn_2562,B670,,Bento Book: Beauty and Simplicity in Digital Organization,The Bento Book: Beauty and Simplicity in Digital Organization,9.78079E+12,9.78079E+12
bn_2563,B1049,,Microsoft Excel and Access Integration: With Office 2007,Microsoft Excel and Access Integration: With Microsoft Office 2007,9.78047E+12,9.78047E+12
bn_2566,B1132,,DB2 Universal Database: Call Level Interface Developer's Guide,DB2 Universal Database Call-Level Interface (Cli) Developer's Guide: Call Level Interface Cli Developer's Guide (Data Management Series),9.78007E+12,9.78007E+12
bn_2571,B1819,,Learn Personal Oracle 8.0 with Powerobjects 2.0,Learn Personal Oracle 8.0 With Power Objects 2.0,9.78156E+12,9.78156E+12
bn_2573,B2012,,Microsoft SQL Server 2000 Database Administrator's Guidebook,Microsoft SQL Server 2000 Database Administrator's Guidebook,9.78013E+12,9.78013E+12
bn_2576,B715,,Oracle8i for Linux Starter Kit (Book/CD-ROM Package),Oracle8i for Linux Starter Kit (Book/CD-ROM Package),9.78007E+12,9.78007E+12
bn_2577,B267,0,Database Management Systems,Worldwide Relational Database Management Systems 2008-2012 Forecast: Effects of the Economic Crisis,9.78025E+12,
bn_2585,B1752,,Practical Cassandra: A Developer's Approach,Practical Cassandra: A Developer's Approach (Addison-Wesley Data & Analytics Series),9.78032E+12,9.78032E+12
bn_2609,B1915,,Mastering MySQL 4 / Edition 1,Mastering MySQL 4,9.78078E+12,9.78078E+12
bn_2626,B969,,Informix: Client/Server Application Development,Informix: Client/Server Application Development (Mcgraw-Hill Series on Client/Server Computing),9.78008E+12,9.78008E+12
bn_2627,B610,,Microsoft Data Warehousing: Building Distributed Decision Support Systems,Microsoft(r) Data Warehousing: Building Distributed Decision Support Systems,9.78047E+12,9.78047E+12
bn_2633,B1740,,Beginning Oracle PL/SQL,Beginning Oracle PL/SQL,9.78148E+12,9.78148E+12
bn_2651,B1092,,Introduction to SQL: Mastering the Relational Database Language / Edition 3,Introduction to SQL: Mastering the Structured Query Language (3rd Edition),9.7802E+12,9.7802E+12
bn_2652,B705,,"Microsoft Office Access 2010, Introductory Edition: A Case Approach / Edition 1","Microsoft Office Access 2010: A Case Approach, Introductory (The O'Leary Series)",9.78008E+12,9.78008E+12
bn_2653,B581,,FileMaker Pro 2.1 for MacIntosh (Visual QuickStart Guide),Filemaker Pro 2.1 for the Macintosh (Visual QuickStart Guide),9.78157E+12,9.78157E+12
bn_2656,B1560,,DB2/400: The New as/400 Database,DB2/400: The New AS/400 Database: The Unabridged Guide to the New IBM Database Management System,9.78188E+12,9.78188E+12
bn_2672,B1679,,"Build Your Own Database-Driven Website Using PHP & MySQL: Covers PHP 5, MySQL4 and Mac OS X",Build Your Own Database Driven Website Using PHP and MySQL,9.78098E+12,9.78098E+12
bn_2682,B785,0,Oracle Performance Tuning Tips and Techniques,Oracle Performance Tuning,9.78008E+12,
bn_2693,B1652,,Patterns of Data Modeling / Edition 1,Patterns of Data Modeling (Emerging Directions in Database Systems and Applications),9.78144E+12,9.78144E+12
bn_2701,B1540,,Microsoft SQL Server 2000: A Guide to Enhancements and New Features,Microsoft SQL Server 2000: A Guide to Enhancements and New Features,9.7802E+12,9.7802E+12
bn_2714,B1161,,Access 97 for Windows: Concepts & Examples,Access 97: Concepts & Examples,9.78189E+12,9.78189E+12
bn_2715,B473,,DBXL and Quicksilver Programming: Beyond dBASE,Dbxl and Quicksilver Programming: Beyond dBASE,9.78088E+12,9.78088E+12
bn_2717,B1677,,Professional Microsoft SQL Server Analysis Services 2008 with MDX,Professional Microsoft SQL Server Analysis Services 2008 with MDX,9.78047E+12,9.78047E+12
bn_2726,B701,,Creating Microsoft Access 2000 Solutions: A Power Users' Guide,Creating Microsoft Access 2000 Solutions:  A Power Users' Guide,9.78067E+12,9.78067E+12
bn_2731,B208,,Microcomputer Applications and Programming with dBASE III PLUS,Microcomputer Applications and Programming With dBASE III Plus,9.78016E+12,9.78016E+12
bn_2742,B1422,,Online Social Networks: Human Cognitive Constraints in Facebook and Twitter Personal Graphs,Online Social Networks: Human Cognitive Constraints in Facebook and Twitter Personal Graphs (Computer Science Reviews and Trends),9.78013E+12,9.78013E+12
bn_2762,B503,,Crystal Reports Encyclopedia Volume 2: Programming .NET 2005,Crystal Reports Encyclopedia Volume 2: .NET 2005/2008,9.78097E+12,9.78097E+12
bn_2763,B1356,,The Visual Guide to Microsoft Access: The Pictorial Companion to Windows Database Management and Programming,The Visual Guide to Microsoft Access: The Pictorial Companion to Windows Database Management & Programming/Book and Disk (The Ventana Press Visual G),9.78157E+12,9.78157E+12
bn_2765,B1022,,The ABCs of dBASE IV 1.1,ABC's of dBASE IV 1.1,9.7809E+12,9.7809E+12
bn_2775,B1601,,Access Database Design and Programming,Access Database Design & Programming (3rd Edition),9.7806E+12,9.7806E+12
bn_2792,B1995,,Learn Oracle 8i,Learn Oracle 8i,9.78156E+12,9.78156E+12
bn_2796,B45,0,Oracle PL/SQL Programming,Oracle PL/SQL Programming: Guide to Oracle8i Features,9.78145E+12,
bn_2796,B1559,0,Oracle PL/SQL Programming,"Oracle PL/SQL Programming: Covers Versions Through Oracle Database 11g Release 2 (Animal Guide) (Edition Fifth Edition) by Feuerstein, Steven, Pribyl, Bill [paperback(2009£©]",9.78145E+12,
bn_2803,B810,,Microsoft Office Access 2003: The Complete Reference,Microsoft Office Access 2003: The Complete Reference (Osborne Complete Reference Series),9.78007E+12,
bn_2823,B742,,Applied Oracle Security: Developing Secure Database and Middleware Environments: Developing Secure Database and Middleware Environments / Edition 1,Applied Oracle Security: Developing Secure Database and Middleware Environments,9.78007E+12,9.78007E+12
bn_2824,B1736,,MDX Solutions: with Microsoft SQL Server Analysis Services 2005 and Hyperion Essbase / Edition 2,MDX Solutions: With Microsoft SQL Server Analysis Services 2005 and Hyperion Essbase,9.78047E+12,9.78047E+12
bn_2827,B2007,,DBASE III Plus S. A. V. E. Edition,dBASE III Plus/S.A.V.E Edition,9.78013E+12,9.78013E+12
bn_2838,B1232,,QR/Data Database 5 for DOS for Dummies,dBASE 5 for DOS for Dummies Quick Reference,9.78157E+12,9.78157E+12
bn_2845,B1678,,Mastering Phpmyadmin For Effective Mysql Management 2e,Mastering Phpmyadmin for Effective MySQL Management 2e,9.78185E+12,9.78185E+12
bn_2846,B267,0,Database Management Systems,Worldwide Relational Database Management Systems 2008-2012 Forecast: Effects of the Economic Crisis,9.78007E+12,
bn_2850,B117,,Oracle Regular Expressions: Pocket Reference,Oracle Regular Expressions Pocket Reference,9.7806E+12,9.7806E+12
bn_2851,B1653,,Data Warehousing and the AS/400,Data Warehousing & the as 400 with CDROM,9.78188E+12,9.78188E+12
bn_2854,B1634,,Modern Database Management / Edition 7,Modern Database Management,9.78013E+12,
bn_2860,B912,,"PHP, MySQL, JavaScript & HTML5 All-in-One For Dummies","PHP, MySQL, JavaScript & HTML5 All-in-One For Dummies",9.78112E+12,9.78112E+12
bn_2873,B29,,NoSQL for Mere Mortals,NoSQL for Mere Mortals,9.78013E+12,9.78013E+12
bn_2878,B1634,0,Modern Database Management / Edition 5,Modern Database Management,9.78081E+12,
bn_2888,B1463,,The dBASE IV 1.1 Programmer's Desktop Reference,dBASE IV 1.1 Programmer's Desktop Reference,9.7809E+12,9.7809E+12
bn_2909,B463,,The Paradox Relational Database Advisor,The Paradox Relational Database Advisor: Elements of Database Design,9.78083E+12,9.78083E+12
bn_2920,B1699,,Understanding Oracle,Understanding Oracle,9.7809E+12,9.7809E+12
bn_2927,B825,,Microsoft Access 2.0 for Windows,Microsoft Access 2.0 for Windows (South-Western Computer Training Series),9.78054E+12,9.78054E+12
bn_2935,B855,,JDBC Pocket Reference,JDBC Pocket Reference,9.7806E+12,9.7806E+12
bn_2947,B1473,,Essentials of dBASE VI with Advanced Applications,Essentials of dBASE IV With Advanced Applications (The Harpercollins Essentials Series),9.78007E+12,9.78007E+12
bn_2949,B1589,,"Essential Oracle8i Data Warehousing: Designing, Building, and Managing Oracle Data Warehouses","Essential Oracle8i Data Warehousing: Designing, Building, and Managing Oracle Data Warehouses",9.78047E+12,9.78047E+12
bn_2952,B1252,,Data Mining For Dummies,Data Mining For Dummies,9.78112E+12,9.78112E+12
bn_2953,B36,,DB2 11: The Database for Big Data & Analytics,DB2 11: The Database for Big Data & Analytics,9.78158E+12,9.78158E+12
bn_2960,B1097,,Microsoft SQL Server 2008 Step by Step,Microsoft SQL Server 2008 Step by Step (Step by Step Developer),9.78074E+12,9.78074E+12
bn_2978,B1749,,Data Protection And Information Lifecycle Management,Data Protection and Information Lifecycle Management,9.78013E+12,9.78013E+12
bn_2835,B2070,,Oracle Database 11g PL/SQL Programming Workbook / Edition 1,Oracle Database 11g PL/SQL Programming Workbook (Oracle Press),9.78007E+12,9.78007E+12
bn_2494,B2076,,Oracle Built-in Packages,Oracle Built-in Packages,9.78157E+12,9.78157E+12
bn_2180,B2096,,Microsoft Office User Specialist Microsoft Access 97 Exam Guide,Microsoft Office User Specialist Microsoft Access 97 Exam Guide,9.78079E+12,9.78079E+12
bn_2287,B2102,,A Guide to SQL Standard / Edition 4,A Guide to SQL Standard (4th Edition),9.7802E+12,9.7802E+12
bn_2639,B2104,,SQL/400 by Example,SQL/400 by Example,9.78158E+12,9.78158E+12
bn_2575,B2108,,Oracle 7.3 Developer's Guide,Oracle 7.3 Developer's Guide (Sams Developer's Guide),9.78067E+12,9.78067E+12
bn_2841,B2162,,Sams Teach Yourself SQL in 10 Minutes,"SQL in 10 Minutes, Sams Teach Yourself (4th Edition)",9.78067E+12,9.78067E+12
bn_2184,B2169,,Optimizing Informix Applications,Optimizing Informix Applications (Informix Series),9.78013E+12,9.78013E+12
bn_2737,B2185,,Expert One on One: Oracle,Expert One on One Oracle,9.78186E+12,9.78186E+12
bn_2582,B2193,,Oracle Data Mining: Mining Gold from Your Warehouse,Oracle Data Mining: Mining Gold from Your Warehouse (Oracle In-Focus series) (Volume 25),9.78097E+12,9.78097E+12
bn_2810,B2194,,Beginning Oracle Programming / Edition 1,Beginning Oracle Programming,9.78186E+12,9.78186E+12
bn_2970,B2211,,Advances in Database Systems: Implementations and Applications,Advances in Database Systems: Implementations and Applications (CISM International Centre for Mechanical Sciences),9.78321E+12,9.78321E+12
bn_2825,B2216,,Administering SQL: Server 7,Administering SQL Server 7,9.78007E+12,9.78007E+12
bn_2729,B2223,,"Beginning Power BI with Excel 2013: Self-Service Business Intelligence Using Power Pivot, Power View, Power Query, and Power Map","Beginning Power BI with Excel 2013: Self-Service Business Intelligence Using Power Pivot, Power View, Power Query, and Power Map",9.78143E+12,9.78143E+12
bn_2399,B2229,,PostgreSQL,PostgreSQL (2nd Edition),9.78067E+12,9.78067E+12
bn_2239,B2237,,Oracle PL/SQL For Dummies,Oracle PL / SQL For Dummies,9.78076E+12,9.78076E+12
bn_2531,B2288,,Microsoft Access 2010 Plain & Simple,Microsoft Access 2010 Plain & Simple,9.78074E+12,
bn_2193,B2295,,Hands-On dBASE III Plus,Hands-On dBASE III Plus: DOS for IBM PC MS DOS Database Management Using dBASE II Plus (Wadsworth Series in Computer Information Science),9.78053E+12,9.78053E+12
bn_2401,B2308,,"The dBASE IV: Secrets, Solutions, Shortcuts",dBASE IV: Secrets Solutions Shortcuts,9.78008E+12,9.78008E+12
bn_2981,B2377,,Mastering SQL Server 2005 Reporting Services Infrastructure Design,Mastering SQL Server 2005 Reporting Services Infrastructure Design,9.78047E+12,9.78047E+12
bn_2975,B2384,,MySQL Database Usage &amp; Administration / Edition 1,MySQL Database Usage & Administration,9.78007E+12,9.78007E+12
bn_2437,B2404,,Marketing Analytics: Data-Driven Techniques with Microsoft Excel,Marketing Analytics: Data-Driven Techniques with Microsoft Excel,9.78112E+12,9.78112E+12
bn_2340,B2430,,Microsoft SQL Server 6 Unleashed,Microsoft SQL Server 6 Unleashed,9.78067E+12,9.78067E+12
bn_2298,B2452,,PHP and MySQL Instant Results,PHP and MySQL: Create - Modify - Reuse,9.78047E+12,9.78047E+12
bn_2263,B2486,,"Flexible and Efficient Information Handling: 23rd British National Conference on Databases, BNCOD 23, Belfast, Northern Ireland, UK, July 18-20, 2006, Proceedings / Edition 1","Flexible and Efficient Information Handling: 23rd British National Conference on Databases, BNCOD 23, Belfast, Northern Ireland, UK, July 18-20, 2006, Proceedings (Lecture Notes in Computer Science)",9.78354E+12,9.78354E+12
bn_2798,B2516,,Using Oracle,Using Oracle,9.78088E+12,9.78088E+12
bn_2524,B2572,,Learn File Maker Pro 5.0,Learn File Maker Pro 5.0,9.78156E+12,9.78156E+12
bn_2663,B2581,,Access 2.0 VisiRef,Access 2 Visiref (The Visual Quick Reference),9.78157E+12,9.78157E+12
bn_2776,B2600,,SQL: Access to SQL Server / Edition 1,SQL: Access to SQL Server,9.78189E+12,9.78189E+12
bn_2959,B2608,,Hands-on dBASE IV (Version 1.1),Hands-On dBASE IV (Version 1.1),9.78053E+12,9.78053E+12
bn_2293,B2619,,Sams Teach Yourself Microsoft SQL Server 6.5 in 21 Days,Teach Yourself Microsoft SQL Server 6.5 in 21 Days,9.78067E+12,9.78067E+12
bn_2671,B2627,,"Mastering Access 97 for Windows 95/NT, with CD-ROM",Access 97: For Windows 95/NT (Mastering),9.78078E+12,9.78078E+12
bn_2303,B2628,,Professional SQL Server 2005 Programming,Professional SQL Server 2005 Programming,9.78076E+12,9.78076E+12
bn_2252,B2664,,"Data Mining Techniques: For Marketing, Sales, and Customer Support / Edition 1","Data Mining Techniques: For Marketing, Sales, and Customer Support",9.78047E+12,9.78047E+12
bn_2386,B2666,,Learning Qlikview Data Visualization,Learning Qlikview Data Visualization,9.78178E+12,9.78178E+12
bn_2261,B2677,,Access 97 Exam Prep,Microsoft Access 97 Exam Prep,9.78158E+12,9.78158E+12
bn_2811,B2679,,Microsoft Access 2007 Data Analysis,Microsoft Access 2007 Data Analysis,9.78047E+12,9.78047E+12
bn_2243,B2683,,Professional Microsoft SQL Server 2008 Programming,Professional Microsoft SQL Server 2008 Programming,9.78047E+12,9.78047E+12
bn_2880,B2709,,Accessible Access 2000 / Edition 1,Accessible Access 2000,9.78185E+12,9.78185E+12
bn_2187,B2724,,eXist: A NoSQL Document Database and Application Platform,eXist: A NoSQL Document Database and Application Platform,9.78145E+12,9.78145E+12
bn_2373,B2750,,Special Edition Using Microsoft Office Access 2003,Special Edition Using Microsoft Office Access 2003,9.78079E+12,9.78079E+12
bn_2394,B2753,,Professional Data Warehousing with SQL Server 7.0 and OLAP Services,Professional Data Warehousing with SQL Server 7.0 and OLAP Services,9.78186E+12,9.78186E+12
bn_2821,B2762,,Understanding Relational Database Query Languages / Edition 1,Understanding Relational Database Query Languages,9.78013E+12,9.78013E+12
bn_2844,B2795,,Access Data Analysis Cookbook,Access Data Analysis Cookbook,9.7806E+12,9.7806E+12
bn_2143,B2854,,DB2 Universal Database SQL Developer's Guide,DB2 Universal Database SQL Developer's Guide,9.78007E+12,9.78007E+12
bn_2471,B2857,,Real-World Hadoop,Real-World Hadoop,9.78149E+12,9.78149E+12
bn_2465,B2880,,Expert Oracle GoldenGate / Edition 1,Expert Oracle GoldenGate (Expert's Voice in Oracle),9.78143E+12,9.78143E+12
bn_2570,B2881,,Communicating Data with Tableau,Communicating Data with Tableau,9.78145E+12,9.78145E+12
bn_2507,B2883,,Creating a Self-Tuning Oracle Database: Automating Oracle9i Dynamic SGA Performance,Creating a Self-Tuning Oracle Database: Automating Oracle9i Dynamic SGA Performance (Oracle In-Focus series),9.78097E+12,9.78097E+12
bn_2757,B2885,,Expert Oracle RAC 12c,Expert Oracle RAC 12c (The Expert's Voice),9.78143E+12,9.78143E+12
bn_2101,B2918,,Expert One-on-One Microsoft Access Application Development,Expert One-on-One Microsoft Access Application Development,9.78076E+12,9.78076E+12
bn_2350,B2966,,Common Warehouse Metamodel,Common Warehouse Metamodel (OMG),9.78047E+12,9.78047E+12